mfcc_mean_1,mfcc_std_1,mfcc_mean_2,mfcc_std_2,mfcc_mean_3,mfcc_std_3,mfcc_mean_4,mfcc_std_4,mfcc_mean_5,mfcc_std_5,mfcc_mean_6,mfcc_std_6,mfcc_mean_7,mfcc_std_7,mfcc_mean_8,mfcc_std_8,mfcc_mean_9,mfcc_std_9,mfcc_mean_10,mfcc_std_10,mfcc_mean_11,mfcc_std_11,mfcc_mean_12,mfcc_std_12,mfcc_mean_13,mfcc_std_13,spec_cent_mean,spec_cent_std,spec_bw_mean,spec_bw_std,rolloff_mean,rolloff_std,zcr_mean,zcr_std,rms_mean,rms_std,label
-291.26086,144.72418,64.36716,60.31783,7.7413645,30.78326,16.433426,26.508999,2.7834797,19.631754,1.3021015,17.53082,-13.353286,19.204592,-0.30214724,14.532427,-18.02495,19.791456,2.5598912,11.922323,-5.5395823,11.666122,-0.37924877,10.567281,-6.0999823,11.608248,2315.269469,1555.493066,2255.316452,719.5516015,4588.187479,2528.774812,0.115595982,0.135308728,0.07605933,0.0690786,German
-269.14676,125.91269,67.3895,56.46511,8.639976,28.441526,16.956177,25.995325,3.8050249,17.906826,5.083969,16.255564,-9.609906,16.19563,-1.7971671,14.574793,-11.841172,16.153683,2.1436503,11.288643,-3.7753794,10.24397,-0.74899095,11.093824,-4.764409,11.133942,2323.594149,1377.099892,2360.271433,588.7892067,4706.293612,2303.356182,0.10943844,0.116385338,0.07059552,0.060092565,German
-263.43262,141.3007,67.129616,61.99928,10.570556,30.036564,19.56417,28.337889,2.0445807,19.335743,3.4142227,17.880224,-14.734128,17.483679,-1.29357,15.348299,-16.452408,17.04278,1.5339134,12.587713,-5.2580714,10.550688,1.5694479,10.429764,-7.7927003,11.22561,2461.063055,1694.526831,2250.792724,715.3868663,4684.39078,2602.442998,0.134017324,0.141311388,0.08348944,0.06624004,German
-298.88358,142.93672,61.160812,57.830605,4.8634562,28.451302,12.690839,24.263693,0.14071372,19.187702,5.361627,15.78171,-10.6850195,17.157907,-1.3384777,14.679618,-12.412936,16.144962,2.141624,10.964329,-4.633832,11.118291,0.165584,10.762342,-6.6337223,12.312511,2459.311159,1526.107939,2327.458581,663.0196654,4869.305209,2413.112172,0.125256338,0.12997586,0.05978332,0.05719932,German
-276.53885,143.90465,64.38493,55.57997,9.792069,27.193563,16.71436,25.317793,2.503405,18.470573,6.232355,15.867329,-10.052191,17.587587,1.9499799,14.049528,-10.272809,16.833864,1.9894917,11.894245,-4.2082133,10.604079,2.0283263,10.133344,-4.5508895,11.418254,2449.473822,1385.33031,2461.853713,534.41975,5036.379381,2271.175386,0.115069104,0.119546921,0.074285604,0.06780794,German
-273.8167,142.212,70.53553,61.563072,8.298581,29.31427,16.928383,26.352219,2.2451017,19.830189,3.488594,17.367855,-12.790876,16.97627,-0.6249687,15.793737,-14.578899,16.432503,2.840936,12.830728,-6.603556,11.378504,1.6099811,11.205108,-6.517095,11.163219,2336.843572,1626.752256,2200.377132,767.6099578,4502.655271,2623.744364,0.123214175,0.137140902,0.07806829,0.0644325,German
-243.7024,117.901634,78.295296,67.790085,4.9837456,34.26542,19.237537,27.150679,-13.269665,19.32613,-1.7594877,17.138529,-18.948769,14.607178,2.5702465,13.671365,-9.8148985,13.512435,-8.138214,15.529454,-12.291506,11.628088,-5.6048455,12.812586,-9.794578,9.426544,2471.807449,1915.554141,1991.916452,718.674737,4346.240358,2805.422773,0.16461605,0.164191047,0.09271708,0.072175875,German
-234.84828,116.30237,76.39972,62.924137,5.2412353,34.274956,20.683174,28.939232,-11.908749,18.492256,-2.4795496,17.18616,-16.6606,14.991067,0.1558591,14.06374,-9.555608,13.219887,-8.777146,15.2011,-11.9698715,10.889128,-6.154825,11.763441,-10.362251,10.18309,2444.98594,1870.078634,2018.937416,732.3888439,4392.868647,2739.354869,0.15804876,0.162984421,0.1020705,0.08374151,German
-296.34427,148.48335,74.84055,59.855217,-6.4972653,31.189573,36.56654,32.545395,3.1138334,20.953012,10.184304,17.45941,-8.647661,16.666908,7.576527,12.038295,2.5522413,15.2246065,9.684242,12.437365,-10.487754,13.849534,-4.336241,10.088085,-8.410949,12.106239,2177.929676,1135.87218,2036.194221,506.4408657,4206.857465,1902.976815,0.117348721,0.094891059,0.058945514,0.052928273,German
-298.48062,136.16899,80.21075,61.06058,1.3008245,32.15446,37.15874,32.240036,6.8808255,22.482637,12.060554,16.360874,-7.3694744,16.645016,5.257069,12.41567,0.9239922,12.318643,7.3257036,11.767522,-5.671831,12.949138,-3.4654279,10.029258,-9.973405,12.22417,2002.692445,1181.552358,1980.311686,542.3119565,3897.400118,2033.046951,0.105328558,0.095332239,0.054166377,0.04727072,German
-298.1645,143.52394,94.00973,63.500862,2.541751,31.965164,33.567142,27.819267,4.9585376,25.21154,12.580931,16.32309,-1.6549183,15.810321,4.9700484,12.736677,3.5089011,12.34324,7.162609,11.484847,-5.530628,12.693928,0.39634413,10.496524,-9.2133875,12.77674,1756.960022,1061.107281,1917.591732,575.6403123,3555.51757,2012.019175,0.087381705,0.081202785,0.06473949,0.059881374,German
-302.9142,133.70912,89.76637,61.191406,1.9432306,31.50322,39.440765,31.535265,8.445661,22.44007,11.578231,16.072588,-5.235316,15.201095,4.1693773,11.820045,0.48030004,12.116608,7.004885,11.668353,-5.8836994,13.470923,-2.1244328,10.202683,-8.941051,11.920765,1809.76914,1043.667975,1943.321213,564.184851,3656.79846,1956.745968,0.087600702,0.077311348,0.056744196,0.047973033,German
-329.97104,149.67195,87.86125,61.801453,3.6100898,33.890102,41.609016,31.12324,10.473116,22.008387,15.408553,15.849245,-5.8751836,18.37205,6.0594177,12.797769,-0.38538983,14.788232,8.341185,11.997963,-6.3364673,14.518254,-1.7256957,10.2139635,-10.500756,12.555553,1850.884451,1230.404358,1929.049812,550.3062202,3617.841318,2106.590898,0.095285175,0.099118534,0.04855421,0.043854713,German
-325.10498,148.62474,82.136765,63.66274,5.5693626,29.351023,38.70481,30.334518,9.683912,22.539145,16.157288,15.780766,1.8981633,16.098642,10.585336,12.187063,2.6522005,13.284591,6.116914,11.801482,-6.4831634,15.611642,0.5102559,10.1248045,-3.996317,12.473581,1779.144732,1233.962578,1959.15686,599.0286299,3558.570772,2234.345159,0.082389401,0.091531002,0.053935785,0.04923312,German
-300.19278,144.43657,88.36856,63.328278,8.2892,32.319946,42.451374,32.57241,11.423512,24.857603,17.666164,17.15385,-3.6731856,17.997522,5.292843,12.164237,-0.4480302,14.31175,5.4017105,13.089738,-5.5643435,15.273525,0.78146476,10.64728,-8.377583,12.782449,1795.800175,1211.608847,1950.371281,597.1668411,3590.256557,2179.903301,0.08673881,0.092992636,0.07184625,0.0602836,German
-267.41544,157.19272,82.65079,62.016098,6.3615265,26.198574,27.930204,26.912727,21.618563,24.697788,11.388587,15.850923,4.174986,13.157448,5.8570943,12.0903,-14.2451515,13.5342245,-4.526414,12.592701,-13.391761,14.924705,10.381292,10.940309,-6.624909,10.313408,2236.691043,1133.936927,2333.28527,508.9702434,4508.90912,2312.40893,0.11800083,0.086612219,0.07596227,0.06529014,German
-258.4545,144.54126,85.40032,63.5898,5.732614,25.317497,26.711983,26.259846,23.942034,24.82962,9.665676,14.00608,1.3872639,12.756625,3.355987,12.818619,-13.174677,13.645777,-4.2446227,12.495928,-10.742021,14.840565,8.861456,10.021905,-8.245767,11.039975,2120.334357,1168.259551,2237.750314,587.5454484,4230.592136,2392.362339,0.112002783,0.088730548,0.0825956,0.072131194,German
-237.25288,117.14749,90.56645,57.550064,10.197368,30.059654,33.373844,28.615643,28.228247,25.653337,14.0939455,15.52317,-1.2475066,13.807997,4.0646143,13.157295,-15.406317,12.749262,-5.111083,12.816139,-11.35111,13.845772,6.906978,10.346321,-12.067155,11.147066,2073.259327,1209.68157,2242.020759,567.6605353,4073.809934,2467.786223,0.110328159,0.09315636,0.08932826,0.06865768,German
-239.64369,130.54001,78.26564,63.12177,6.030964,30.437452,36.182137,29.129715,25.588934,25.748005,13.475484,15.848648,-1.6364503,13.962908,5.0548487,12.72616,-15.235934,13.011304,-3.5022607,12.808832,-12.338055,14.532796,5.7404413,10.195364,-9.165902,10.989899,2229.490645,1235.455937,2246.168936,509.3504943,4374.942985,2366.656761,0.121577146,0.096902691,0.090177104,0.07258505,German
-268.2272,150.30501,75.49958,59.9631,8.6917305,26.961098,33.462883,27.985527,25.530718,26.357079,11.426251,15.191948,0.9131789,12.771616,4.50883,13.035219,-14.066138,14.174864,0.26688352,11.178769,-13.54696,14.970932,6.48289,9.603849,-9.183865,11.397583,2304.48771,1192.937712,2360.966339,554.0985491,4664.988428,2371.353777,0.121334437,0.09331234,0.07651849,0.06553678,German
-234.99858,106.24267,78.11042,67.89199,7.965252,35.625336,19.454985,28.130726,-9.77991,18.47277,-5.012855,18.649923,-15.187607,13.789259,0.14041872,14.078637,-16.08566,13.083808,-2.0703964,14.586816,-18.88345,11.4617195,-5.2462506,12.724692,-9.675715,9.9547415,2544.918159,1962.83715,2050.634779,717.4035468,4447.926755,2860.594889,0.168165717,0.166135581,0.094356045,0.06585698,German
-210.05367,102.98358,80.71179,61.801414,0.92860067,36.53407,18.112257,28.717424,-12.674449,21.063854,-10.009606,19.473774,-17.758045,14.252931,0.48244005,13.687592,-17.297466,14.417638,-3.9359553,13.677544,-17.649055,11.101808,-6.0896254,12.83526,-7.4743056,10.297845,2495.908249,1860.80069,2062.5742,657.2494262,4446.062439,2689.473438,0.164136729,0.16337142,0.11869317,0.078582056,German
-213.4197,128.26262,72.06705,66.2334,3.5814054,33.702385,14.867938,27.308172,-12.729205,20.218605,-1.7559141,17.184961,-15.887213,14.940733,-0.2558833,13.659065,-12.639033,13.452714,-5.3981037,15.349408,-13.089901,11.494807,-5.6380987,12.079529,-8.484022,9.654678,2409.889116,1894.148947,1976.683186,820.5079919,4282.477703,2893.583109,0.157385794,0.159680914,0.13504334,0.105245836,German
-294.46375,164.017,64.89042,53.619415,7.2902503,28.983992,13.045549,22.197018,1.3314748,18.67223,6.1237054,15.72451,-8.90775,18.407173,4.4983783,13.422755,-8.519331,16.822357,5.0832767,11.822138,-4.1581855,12.292948,2.7019284,10.677966,-4.620861,11.2573595,2607.800715,1447.844667,2514.350646,609.7802269,5340.523689,2384.051152,0.125349951,0.128873784,0.07518889,0.07377308,German
-235.97426,144.63704,74.60885,57.122536,7.0177374,29.784388,22.959715,26.993015,2.3742888,19.468616,3.7383766,18.218315,-12.911352,16.545248,3.2298372,15.370725,-12.996923,17.243378,1.8370411,12.967493,-8.761825,11.647211,4.2105975,9.967604,-7.6651106,11.898541,2510.953671,1491.964925,2354.928794,605.0357164,4916.248443,2336.719293,0.129715092,0.123843206,0.099158294,0.07370288,German
-261.17563,161.65059,70.97283,57.144196,2.5933743,30.729612,14.952283,25.957571,-2.549155,19.442915,2.5501337,17.460018,-11.644061,16.893427,3.8235407,15.195514,-10.134016,16.44979,1.7782645,12.243297,-8.904232,11.867882,4.2121587,9.773539,-7.1737432,11.298989,2429.945612,1586.870943,2246.258585,784.1839721,4730.698201,2547.713482,0.127542832,0.131068031,0.08259906,0.06576319,German
-292.25208,167.12529,66.5573,55.535378,6.897819,27.76907,17.412458,24.969742,0.08820268,18.676775,4.923518,16.38189,-7.852317,17.594864,5.3408756,13.763282,-7.484638,17.43532,3.3135538,12.632623,-7.1967196,12.782272,4.1507835,9.998101,-6.323101,11.802313,2464.044596,1471.338533,2380.880716,696.0199027,4986.767144,2383.543867,0.119951145,0.122119582,0.06828633,0.06167693,German
-274.64127,157.81721,71.780014,58.21321,5.7402554,28.662575,18.83747,25.84311,-0.59236884,19.321747,3.4995494,16.347517,-9.346921,15.959122,5.7472773,14.438417,-10.253751,15.772342,0.9975405,12.472265,-7.7664576,11.054949,3.8015885,10.606328,-6.364454,10.765322,2276.596105,1584.498116,2174.741597,809.6271462,4451.750257,2555.956827,0.11747008,0.132718937,0.07045536,0.055296402,German
-292.6173,151.37682,68.674866,56.68288,9.46944,27.898151,20.995956,24.74445,3.2630792,19.128222,6.890024,15.589017,-10.115039,16.89814,1.783177,15.12622,-10.480206,16.889225,4.335462,11.900419,-5.2915196,11.169621,2.253269,11.564302,-4.3666162,10.947509,2431.938625,1510.653104,2330.191151,693.5259938,4831.196671,2451.826184,0.124694094,0.131844871,0.06621217,0.05761731,German
-245.87802,145.35597,77.16775,57.094032,6.5114365,28.537611,19.041988,25.475456,1.4191564,19.044285,6.1634235,17.326702,-12.583051,17.294338,0.23164943,15.173128,-13.683688,16.905956,3.032544,12.736655,-6.8975577,11.229422,3.973281,10.138822,-9.229328,11.989409,2503.993375,1601.914386,2312.107751,658.6719728,4814.963484,2522.685633,0.134410495,0.13134942,0.08853634,0.06494161,German
-257.82318,159.69028,65.99243,57.421772,9.219455,29.606678,20.076563,26.159426,2.3805835,18.395834,4.862155,16.840767,-12.360922,17.633072,4.601588,14.677646,-12.387835,17.43968,3.6133604,11.833044,-7.010305,11.898053,3.9983315,10.486209,-6.3696527,11.097711,2604.84698,1591.38181,2376.551833,691.9964718,5098.652177,2474.112753,0.134956683,0.135115571,0.09005445,0.07403475,German
-284.33154,169.6645,60.98962,56.091007,6.8857255,28.027275,18.167126,25.122833,1.3707812,18.773338,5.731539,15.636996,-9.934359,16.51092,2.606766,14.920714,-9.603328,17.389946,3.295066,12.569364,-7.3482623,12.491846,4.1652555,10.146848,-7.407191,12.004454,2449.109552,1602.94047,2288.51159,836.7900523,4897.431743,2570.154016,0.122196272,0.13382555,0.08100556,0.07364318,German
-235.69456,118.20864,65.706,51.909542,-42.279655,42.500748,54.200203,26.411509,-18.575531,22.82506,-6.402091,19.274542,10.217312,12.971251,-10.963676,14.21426,-33.54975,15.705113,-13.311844,14.074977,-17.4046,11.528333,3.6042247,11.541682,-18.585436,11.333814,2704.382864,1179.844443,1845.150791,460.5795853,4488.128478,1636.841702,0.179026116,0.109971785,0.0734153,0.048434474,German
-319.19864,144.3757,80.25416,63.94679,6.3899193,29.466042,34.174942,31.590422,5.628935,22.911806,13.040099,16.138737,-0.8812948,16.48688,9.028926,12.878602,4.082978,13.062577,3.8699405,11.132822,-9.996962,15.559885,-0.1993837,11.060452,-2.7984772,11.693219,1799.869967,1224.936539,1953.675274,573.3537277,3523.963612,2162.864849,0.091819315,0.098845853,0.056501817,0.056689654,German
-321.5195,141.22052,82.01776,63.737053,4.0927815,30.185432,36.644035,33.863434,7.4589586,22.52127,11.69828,15.759059,-3.958869,15.873516,8.238246,12.179189,5.8280296,11.878927,6.0018697,10.925213,-10.261729,14.409146,-1.9831195,9.856662,-5.8909245,11.872285,1870.733207,1180.158936,1990.061024,567.6446122,3730.734418,2098.302915,0.09126567,0.093425827,0.052883238,0.049336374,German
-306.16803,143.80981,77.39122,63.444405,-1.8720181,32.730488,33.5576,31.297726,8.346006,22.712345,10.154938,17.0656,-7.2793217,16.284061,6.8928657,12.880025,3.0660434,13.03851,2.415581,11.582625,-11.951904,14.6554,-1.5555996,9.843555,-7.8059044,11.104492,2097.195704,1325.590117,2016.819268,581.2261738,4014.988978,2157.535221,0.113893598,0.113840324,0.055640247,0.052710712,German
-325.35428,143.5635,95.32254,64.58678,1.7324858,28.56399,35.98638,34.524162,2.9574122,21.025288,12.339073,16.20143,2.1304784,15.860068,11.662284,13.670842,5.0525317,14.520896,7.839068,11.415193,-11.218125,13.872688,-2.9642096,11.258218,-7.054471,12.046257,1718.751554,1138.681132,1847.257573,527.6441401,3318.14058,1993.849496,0.088879789,0.093003358,0.05503697,0.049090505,German
-335.8632,155.06136,85.36984,69.024765,2.609558,29.229643,33.242546,32.62773,4.823755,22.448229,11.3241625,16.362152,-0.9553983,14.681543,7.4756393,12.128619,3.2054276,13.065802,10.34207,10.643957,-8.077751,13.923347,-0.0648738,9.90272,-5.3338623,11.519898,2013.1835,1206.300445,2081.504695,699.6678398,4123.761116,2324.890805,0.10010899,0.09212376,0.052965894,0.052080445,German
-344.43686,146.19385,81.675064,62.93381,-2.1110682,29.491346,28.929457,29.93671,3.484171,19.383505,7.642227,15.190016,-1.4146124,14.958739,9.387549,12.673158,4.9301753,12.745495,4.063952,10.364528,-11.999533,13.537176,-2.1637113,9.81087,-0.7221038,10.941447,1884.362755,1109.243479,1937.265826,548.5950215,3702.578981,1975.898941,0.100872268,0.091939213,0.040921222,0.04312812,German
-274.6048,134.46222,78.05422,60.08326,0.051342305,35.26295,21.513624,27.95328,0.89080024,19.289972,5.4547887,16.878862,-15.66258,17.91215,-3.0419786,15.835917,-13.370802,16.994131,0.7913108,12.910469,-5.206011,10.723578,-0.21613511,11.602025,-7.6842103,11.598669,2408.745441,1531.635343,2196.887831,523.4265979,4521.92335,2264.721915,0.133719337,0.133988377,0.064038776,0.049471207,German
-273.73038,136.63315,78.04609,58.674904,7.067662,30.417418,22.352417,28.362648,1.8468126,18.713991,4.3278975,16.798973,-10.767094,17.164799,-3.042523,14.937202,-16.382639,17.563524,-1.0538614,13.26271,-5.6223993,10.589146,0.62775785,10.498088,-8.49064,11.753973,2265.912415,1477.020893,2208.164045,617.4277723,4367.684691,2373.96634,0.119124855,0.123956464,0.07296387,0.05665595,German
-260.78165,132.25432,69.05944,57.11571,7.584429,28.796028,20.440054,25.894318,3.0137353,18.506208,5.371479,16.053993,-10.007326,16.228071,1.9367967,13.593483,-12.849109,15.781235,-2.7946615,12.118244,-6.4691076,10.46136,-0.22006387,11.933988,-6.486291,11.177889,2406.688657,1530.834268,2277.095725,665.0837954,4698.492936,2387.428374,0.125192955,0.128822203,0.075396955,0.061428122,German
-279.17142,133.60478,62.268864,56.32796,7.554527,27.570894,18.709496,25.29254,1.2704148,18.338387,2.8255615,17.335314,-9.943572,16.198042,1.2005007,13.503085,-13.10012,16.829037,-2.0403848,12.464609,-6.9648604,11.313014,0.8310689,10.955317,-6.7973347,11.998758,2488.448321,1495.99777,2341.06389,585.8957495,4892.41565,2295.027363,0.126314764,0.127700259,0.06520365,0.06173322,German
-274.4088,128.01135,64.35008,55.245197,6.343793,28.763453,17.38882,26.084192,-1.7394874,19.93686,3.9384484,16.053303,-7.747344,15.916077,1.9253473,14.363393,-11.800349,16.141365,-2.009289,11.77825,-6.197566,10.563129,0.30338806,11.19259,-5.441706,10.833638,2515.388622,1451.133748,2382.314523,496.2420362,4962.599351,2192.081,0.128618399,0.128479636,0.060014404,0.052687824,German
-278.63297,141.01036,64.07375,60.79222,9.266044,28.85602,21.292637,25.548248,0.8968769,18.645117,3.6429749,16.525936,-11.085291,16.709808,2.4215193,15.522818,-13.070769,16.6198,-0.7217147,12.147565,-8.076238,11.374142,0.51632804,11.357415,-5.5072117,10.499674,2547.658535,1696.849007,2250.047807,688.7613728,4820.536609,2504.559985,0.141470003,0.144606724,0.06607346,0.055073895,German
-328.6878,155.00801,89.48124,65.547195,-2.6847835,31.589317,36.69921,33.90754,5.7735643,20.958536,10.038178,15.361459,-3.4091437,15.9647,10.302762,12.808107,3.655502,14.178281,8.015587,11.505554,-9.995194,15.100124,-3.3928154,11.053136,-5.520843,12.121674,1826.976002,1101.868511,1927.590756,574.6362701,3657.863461,1968.35489,0.090086524,0.088388624,0.056253944,0.051802117,German
-289.42764,139.72348,86.14182,62.88094,-2.1131117,29.674961,36.015278,32.70802,2.530905,19.85809,9.139368,15.897403,-0.94715893,16.61186,9.853344,13.052239,2.925095,14.371944,7.78522,11.683786,-11.862811,13.691046,-6.2756205,10.072887,-4.4524274,12.276355,1874.419324,1129.358738,1917.069729,537.5039451,3664.340721,1950.657885,0.095049552,0.090251875,0.06731882,0.0603555,German
-298.84937,142.99393,88.27861,63.781635,-1.3965821,30.570675,38.507854,33.91597,7.4162683,21.040993,9.546166,17.35029,-3.6409488,15.987525,8.072455,12.115501,2.8061159,12.883991,8.928209,11.784738,-10.4049635,14.774901,-4.727832,10.765606,-7.2331424,11.503055,1891.097,1147.400476,1933.568671,564.5105655,3716.146223,1994.727747,0.091076312,0.090291417,0.061982587,0.052506324,German
-305.38898,146.22807,84.029305,63.724026,0.004492126,30.420675,34.24934,32.027184,1.5172182,20.614414,12.023862,15.982224,-3.9278255,16.484919,9.663932,12.4883,3.415434,14.704647,6.4985657,11.263199,-13.491446,13.28138,-3.8138044,10.387116,-7.057221,11.810778,2018.795841,1242.030899,1970.528599,551.1425044,3929.887159,2039.603128,0.109424263,0.101096085,0.060032777,0.054180317,German
-318.15353,140.70692,89.574615,64.13772,-1.4278148,33.04876,36.799862,30.732767,3.7414913,22.804901,10.36541,17.47365,-3.0294268,16.338013,7.673756,13.207441,4.26813,13.260764,6.6304774,10.618297,-12.486118,13.852172,-4.769412,10.458812,-5.988063,11.865574,1901.796547,1167.427822,1917.085623,566.2705421,3743.784257,1986.646845,0.098449895,0.093068784,0.05298762,0.047415335,German
-325.8665,151.45245,90.019295,65.22917,1.2725185,33.15552,36.46465,31.314222,4.900262,22.341465,13.981205,17.120333,0.079694316,16.449333,8.470609,13.408223,3.3734486,14.4665,5.728428,12.51965,-8.159823,15.355771,1.6760821,11.520082,-5.7591176,12.922697,1781.088669,1146.786115,1935.864814,573.6580519,3542.657075,2081.777854,0.086077928,0.086641028,0.05609506,0.053168096,German
-297.68402,138.96318,85.8117,65.04352,10.299457,32.133167,44.36534,33.37172,13.912324,22.432281,17.37037,16.658215,2.4354649,16.926664,8.367049,12.918341,4.421468,12.739244,9.034835,12.091503,-2.3197641,14.877942,2.2209644,10.585393,-5.039075,12.927505,1585.522663,1181.837669,1850.846868,584.6200267,3078.962667,2197.736138,0.068706663,0.083395895,0.08008627,0.0688258,German
-348.06995,163.56621,77.171776,67.833275,8.311332,31.213205,37.20446,31.282593,10.979004,22.689661,17.941404,15.910648,1.887217,18.549871,10.74109,11.994644,0.56877655,14.187508,9.1391945,12.544236,-2.5508373,16.777782,1.9704462,10.572979,-3.6455724,13.6356325,1745.094276,1186.773393,2076.846498,640.5841158,3687.410978,2204.015929,0.073179579,0.093653179,0.061850857,0.06281262,German
-292.13806,144.78992,81.50449,61.251232,0.14834364,30.81688,38.326096,31.86424,6.1414504,22.97432,10.6145935,16.47236,-6.2427654,16.232468,6.3305864,12.706614,-0.028254686,15.399001,6.6536794,12.099186,-7.3799415,14.216726,-1.0759181,10.514944,-4.5059857,12.340555,1910.925148,1145.913736,1970.550893,515.3724654,3789.660811,1937.345539,0.095230627,0.095307758,0.06573782,0.05941546,German
-316.21216,160.10278,84.33895,65.11777,2.0708034,32.794186,39.54197,32.027206,6.77836,23.28511,13.008825,17.179117,-5.140609,18.023403,8.410476,12.915145,0.8420486,15.878113,10.100068,12.812252,-5.771456,15.467795,-0.68108004,10.668765,-5.5092254,13.217174,1857.193232,1198.7109,1988.5924,558.1562085,3715.989328,2033.05167,0.087573216,0.09450344,0.061195582,0.054731093,German
-321.2293,153.7483,78.01553,65.293594,4.3261724,30.261702,37.870495,32.172386,6.5903935,22.793213,16.742699,15.153306,-2.2743144,16.805311,7.8328333,12.885293,2.503766,14.48756,10.498029,12.978502,-3.9001324,15.880176,1.0300859,11.215154,-2.805258,13.429374,1931.663787,1247.948638,2028.456061,528.4815518,3835.025633,2074.856965,0.095089041,0.10301003,0.058391068,0.056244947,German
-311.60806,148.22305,92.53356,68.45616,0.43827882,35.090225,39.02694,27.71682,5.4385962,23.671968,12.389221,17.335594,0.54482824,15.605694,3.7844255,13.837541,-0.9791869,16.290577,8.023849,12.74018,-8.730644,15.546403,0.062455572,11.207471,-5.486494,12.164944,1866.960373,1181.059212,1919.59269,612.0221805,3688.197165,2117.467135,0.099669625,0.094733619,0.061824933,0.05592509,German
-303.4035,143.65509,80.12437,65.269714,5.318105,28.50781,48.343758,34.8515,15.6342,22.914307,19.791014,16.510347,-0.23310421,17.320498,2.9151552,13.864544,-4.3437715,15.153258,6.5903754,12.644868,-6.586915,15.58118,3.9639158,10.761631,-0.7995961,12.921922,1948.198284,1186.505744,2054.042768,608.4152596,3996.083872,2136.295863,0.10008779,0.096733306,0.06899198,0.06168071,German
-311.12943,144.08852,100.11036,67.516266,-0.5263679,31.6181,41.915077,35.13102,6.908299,25.56395,14.710751,17.231646,-2.8622956,18.759687,6.020104,14.460435,-0.2900343,15.742407,4.780569,13.282178,-9.64015,15.474414,-0.04708432,10.021241,-1.6711714,13.079952,1789.351542,1155.596438,1870.549029,578.7827761,3496.311012,2033.414798,0.096326306,0.091611844,0.0593195,0.049223926,German
-285.63428,132.16916,98.71625,66.97605,-0.11859155,32.073788,42.602512,31.128607,9.116463,24.442087,16.937227,16.364813,-3.4197848,16.053654,3.897011,14.347146,1.8063942,14.767698,10.146954,14.145976,-9.495192,16.742023,-0.77378213,11.591395,-4.9179006,12.321567,1757.158483,1191.654646,1839.149057,555.1307428,3458.342199,2095.70984,0.091380783,0.096537881,0.07550124,0.060477767,German
-295.40298,138.29543,86.6924,66.020744,-0.93698096,32.678314,39.017937,32.613487,6.089858,24.025597,15.174581,16.211592,-6.942515,16.61299,3.403366,12.653097,0.18432876,13.354949,6.445931,12.360484,-11.4304285,15.53395,-3.3043203,10.872994,-5.92392,12.1304035,2027.420196,1224.752185,1958.623044,580.6773382,3938.078825,2116.220281,0.111022345,0.09976406,0.06466194,0.055341396,German
-282.47684,144.14635,87.06036,67.22106,0.10298699,31.78848,38.501915,32.36832,2.6906335,24.488373,14.571612,18.142305,-7.3247566,16.596788,2.710994,14.197735,0.30906776,14.76092,8.530777,12.617162,-10.181558,16.27318,-1.0177734,11.080105,-6.2403584,12.329242,2067.10388,1244.505172,1996.216573,554.7682212,4028.551616,2095.058321,0.112557235,0.102425482,0.07392845,0.062108565,German
-300.33386,151.0418,81.27295,67.162186,-0.8105996,29.51505,40.745903,33.65448,6.8952446,22.130259,12.56308,17.268608,-3.3660324,16.555044,4.860364,13.420141,0.49557534,15.655283,7.9121804,12.374597,-7.821502,16.440222,-0.9910934,11.6630535,-1.9341576,11.768603,2016.711638,1186.066635,2009.612979,586.7036644,4003.985465,2070.432961,0.103168743,0.094950538,0.06973187,0.06487298,German
-232.68481,115.983025,75.05401,66.0301,7.2892294,32.241863,16.677523,27.063166,-10.224288,19.915478,-4.2621093,18.995285,-17.101402,14.725936,2.3932843,13.283604,-15.131128,13.490531,-2.7498524,15.836847,-16.977268,11.55885,-6.844757,14.031475,-8.919985,10.03106,2801.551792,1930.341092,2201.36688,584.3173709,4958.003902,2736.510584,0.190654092,0.168624397,0.09881695,0.07158218,German
-229.46191,124.12215,78.36779,67.96461,8.297462,34.185745,19.663754,29.061646,-8.873748,20.14797,-2.601989,17.32554,-15.9264965,15.303181,-1.4533365,15.29648,-12.464256,14.095321,-4.8262343,16.137459,-15.416785,11.873821,-6.5257425,12.876174,-12.104524,11.295557,2721.850934,1949.802882,2158.403281,588.8704029,4733.628792,2810.663628,0.183969828,0.171065233,0.118401475,0.08742564,German
-217.20581,129.09505,77.17904,65.873604,1.2256494,37.121765,15.161414,27.974964,-10.141342,21.082214,-4.3458047,18.460363,-18.717184,15.601253,-1.5294673,15.357825,-15.838689,15.033758,-5.5428276,15.858106,-16.272026,12.451479,-8.534487,13.475518,-8.495401,10.583937,2705.995388,1875.327368,2160.123163,607.8287015,4763.054327,2748.90475,0.182074111,0.165340053,0.13506144,0.10602004,German
-209.60187,119.35143,76.06365,66.51772,7.4636593,34.00808,16.841185,28.522495,-7.7414517,19.597368,-4.047146,17.701138,-16.558453,14.331549,0.3930917,14.458045,-15.355613,13.952225,-4.080682,14.818177,-17.38094,12.125945,-7.155242,13.166146,-9.873544,10.543599,2857.590512,1972.480348,2217.273406,608.8848878,5018.558986,2815.784253,0.199801975,0.172576653,0.12931088,0.09889838,German
-213.757,114.343796,62.426003,62.364525,3.13234,36.192356,25.199461,28.360622,-9.9188175,18.69793,-7.9429154,19.641922,-10.445366,13.359151,-0.1936962,14.457403,-17.014236,13.631482,-4.1041226,14.878333,-17.658905,10.944495,-4.7228208,12.861987,-12.942855,10.995839,2897.139599,1959.683,2256.999783,668.0746155,5105.63239,2751.290756,0.183000104,0.169623284,0.100756176,0.0636054,German
-226.76604,115.16162,58.005707,60.40149,0.9469522,34.122562,20.228397,27.057587,-12.099573,19.23842,-5.287182,17.839931,-12.073071,13.19225,1.6602128,14.256277,-14.766959,14.051334,-2.0052886,16.699186,-18.379028,11.894493,-4.3293633,12.779305,-13.752752,10.318076,2986.561212,1938.830042,2270.910818,655.0950094,5325.305126,2673.032204,0.190817528,0.168816235,0.08525249,0.057923127,German
-246.90875,108.013885,66.47954,63.709846,5.0638795,34.752663,23.603573,28.45164,-7.771323,18.322313,-6.3441772,18.469416,-9.605644,13.605088,1.7067755,13.177086,-13.94934,13.000341,-1.7818266,16.549763,-17.74453,11.186807,-6.7525535,13.702922,-12.382075,11.168442,2760.178157,1961.589754,2183.990813,685.8782648,4863.403845,2794.819395,0.175554708,0.168817373,0.07664702,0.051317144,German
-292.6096,147.53033,76.4718,66.48807,5.976741,25.64391,24.682116,25.950373,23.526613,26.060104,11.408115,15.253305,3.7433136,12.830025,2.2526324,12.153263,-14.987151,14.741024,-2.575152,12.204184,-11.744054,14.039528,3.5956604,9.28518,-6.232091,10.485852,2070.844097,1185.878085,2180.087521,580.8958157,4100.979756,2359.474875,0.109321062,0.090742358,0.070844315,0.07149457,German
-282.0269,158.28851,80.25568,64.84059,8.369985,24.871937,32.16306,27.88174,23.124409,24.37519,12.514182,15.293297,3.7566469,13.364961,5.027578,12.765398,-13.908457,14.626593,-4.317882,13.02664,-11.578535,16.137083,9.395172,9.387219,-9.835536,12.0833435,2129.565714,1170.569061,2268.167174,497.0101084,4292.824475,2307.85686,0.105040784,0.09685541,0.072528794,0.061580785,German
-302.4686,163.52599,80.84321,62.811214,6.2417893,22.393234,27.764353,27.054651,23.29554,22.692785,11.302928,12.865619,4.6520953,12.341307,3.6003554,12.713395,-15.168409,16.25897,-4.811677,13.154375,-7.443693,15.191102,9.641981,9.690216,-8.624423,12.116143,2090.577383,1042.138125,2263.401325,506.5198625,4315.361614,2184.439709,0.095351918,0.084241186,0.06934064,0.070529014,German
-231.38577,129.11188,86.945366,61.325863,6.901018,25.964752,37.344387,26.611773,25.794365,25.37937,11.562534,14.395328,0.25568223,13.385364,5.0604115,12.93249,-16.341839,12.625228,-8.542956,14.173784,-17.156761,15.0440855,11.151133,10.513098,-10.278287,11.295305,2238.213483,1280.612491,2255.995538,502.4511432,4319.912143,2394.701631,0.125959719,0.102234258,0.09731488,0.07211678,German
-298.6658,157.72899,69.429886,61.224586,0.39390588,30.06327,16.779932,25.146282,0.41089258,21.37425,3.700373,16.340319,-10.157351,17.207748,-1.1686531,15.705914,-12.258996,17.749844,2.0193756,12.746855,-7.356603,11.984771,4.2751837,9.57322,-7.178088,12.819606,2304.206707,1538.309538,2188.738141,707.6870588,4539.643974,2393.387343,0.113013444,0.128954725,0.06328225,0.05825039,German
-310.8752,150.68454,64.20611,60.980125,1.408176,31.215052,14.652199,26.16596,2.0991726,20.979708,0.6476818,17.135847,-9.218072,17.295265,0.2525002,13.93553,-13.934289,18.421103,1.5253296,11.788176,-7.320263,13.921263,2.6571684,10.545931,-5.7316246,12.0758915,2263.573499,1434.636598,2220.802093,703.7745012,4486.809293,2442.620592,0.111411,0.120230043,0.06315402,0.06533856,German
-274.42776,139.42691,61.683132,60.53668,3.3576589,30.277233,18.594358,27.56759,2.7606459,18.128345,0.441878,17.207895,-12.747052,16.905062,-0.5790356,15.974805,-14.327313,17.45061,2.5150452,12.365235,-6.388223,11.16487,1.8507822,11.069153,-5.458203,12.165791,2574.413732,1575.731699,2342.400989,616.1937751,4995.294561,2414.142271,0.134130586,0.133463478,0.07491788,0.07028708,German
-302.3443,155.50792,67.139114,57.701927,2.600237,28.85973,15.663796,24.851315,3.1294956,18.649614,0.47400948,16.749546,-7.067137,16.351185,2.4457374,13.696811,-11.4691925,16.98125,-0.19076437,12.173204,-7.0741363,12.357983,2.6468625,10.27658,-6.9264584,12.634808,2249.848107,1386.098706,2294.734854,692.3146222,4572.7977,2386.11609,0.101425363,0.112036006,0.067897476,0.06530452,German
-319.22702,164.3253,66.97293,60.785213,1.1163939,29.150133,15.530022,26.392195,-0.276556,20.17514,2.279867,16.750254,-8.132732,16.16354,0.38469392,14.809657,-11.669834,17.369102,0.71348023,12.427132,-7.2947664,12.498813,2.427962,10.669626,-7.2948923,12.007296,2176.391618,1512.304968,2111.646374,873.7839123,4293.422223,2636.362114,0.107162167,0.119306817,0.056712,0.053201605,German
-230.08159,127.64253,65.52949,62.525887,-0.60933995,33.779305,13.007385,26.331175,-11.652005,20.26805,-2.915915,17.431925,-16.492783,14.017024,3.1560898,13.242235,-17.21344,13.870805,-0.9682056,14.843175,-18.471434,12.032359,-4.8063254,12.335203,-11.00399,10.703282,2732.175477,1982.482465,2123.422459,747.9848075,4822.768708,2819.783206,0.170165588,0.162929106,0.10181983,0.07568037,German
-230.10815,131.61905,67.48526,63.160473,2.6733909,33.002003,15.097641,26.838207,-9.609877,19.837181,-5.0611567,18.975132,-13.815246,13.921724,2.0266442,13.431246,-16.57829,14.212751,-2.3818762,14.804461,-17.139616,11.875182,-6.982199,13.097232,-10.305472,10.7075405,2547.029601,1887.18633,2099.157645,727.2456649,4555.632051,2791.430658,0.159945532,0.162996015,0.10849928,0.083234556,German
-221.9903,119.839355,65.967186,61.017853,5.603009,31.77896,17.82145,27.413292,-9.404086,18.460787,-5.427388,16.828514,-14.3413315,13.755283,3.8600047,13.066689,-14.96772,13.935169,-2.5001874,15.110186,-16.536098,11.087619,-7.576978,12.2997055,-8.41382,9.814388,2583.58819,1881.511915,2142.862128,706.3441224,4660.448379,2753.033756,0.160513086,0.160498751,0.11935016,0.09249723,German
-221.28603,121.80308,64.64875,60.947205,4.1298385,33.351654,15.927125,27.459991,-9.923672,20.472532,-6.0902977,17.928114,-14.746623,14.452128,3.0257134,13.395969,-16.742525,14.343979,-3.0761347,15.58123,-17.121138,11.872614,-7.296009,13.045443,-9.190501,10.85195,2701.262648,1957.547284,2152.257599,737.5347929,4823.770224,2788.216003,0.1725519,0.168176524,0.11494707,0.08571728,German
-315.2948,137.83018,95.24533,72.54936,14.51804,34.993008,38.58707,33.708733,5.1175923,25.925688,16.221733,17.884878,1.1556123,17.208086,10.098067,13.447989,4.9494033,13.754047,3.197267,12.919901,-8.106999,15.601311,5.1319914,11.801813,-2.8540351,12.202013,1775.458308,1289.199983,1929.333675,704.8181876,3499.018794,2458.274219,0.089414975,0.095060105,0.072638266,0.06299071,German
-294.31693,143.26941,96.819046,75.379845,8.027408,36.11578,40.054096,33.483948,5.3818603,25.70729,13.98938,18.305418,0.59639925,16.900557,6.9065866,14.535156,2.2781143,14.593856,5.0347033,12.657769,-9.293698,15.719069,1.2021855,11.559182,-1.0718058,12.851667,1879.463616,1262.714735,1943.526107,748.5718118,3764.446559,2425.708283,0.097319158,0.09172819,0.08464926,0.072778106,German
-289.2382,123.65041,96.04781,71.034035,9.577055,33.92072,38.249134,36.148033,5.8460956,24.849878,10.527358,20.326052,1.0482569,16.68787,6.1438017,13.840495,2.9733593,12.556509,3.319779,11.966698,-9.422481,15.16826,0.6988038,11.452373,-1.9254522,11.158273,1790.134022,1209.989696,1886.637081,698.9859073,3552.392686,2339.083744,0.091240917,0.090002102,0.07790484,0.06617206,German
-304.75552,139.94208,92.80458,71.18914,5.0864778,34.596905,38.77061,34.077606,7.5795107,23.516386,12.313398,18.36874,-0.7303639,17.078032,5.0950146,13.737808,3.292682,13.062275,6.790711,11.794614,-8.614729,15.615323,4.6872063,10.325001,-0.6043,10.565932,1854.146676,1183.062333,1977.376355,717.2471498,3789.819877,2295.422046,0.090473138,0.082844832,0.06880175,0.061949596,German
-302.6514,137.32639,93.82507,72.87665,10.551606,34.400845,39.152493,35.909874,7.4968367,26.387566,14.431242,17.49562,-2.2818213,18.744902,8.708713,14.469432,2.8735592,14.174697,4.721896,12.671351,-8.976209,15.867722,3.315188,11.4933605,-3.2765884,12.015419,1854.256168,1257.461433,1979.509268,712.7913225,3697.081986,2424.042281,0.095888206,0.093422337,0.0719124,0.061963182,German
-296.25113,143.75461,73.09627,61.044342,6.184698,28.796133,20.186907,24.582785,3.7545385,21.347113,3.6077323,16.894165,-8.958709,16.542255,-3.603841,15.937441,-12.867307,16.854849,1.5001519,11.916005,-5.8055525,12.002256,2.2474046,10.045701,-4.146538,11.690688,2190.705494,1508.99319,2157.802434,656.7959785,4293.845199,2407.897155,0.114887873,0.129277051,0.06252874,0.056874894,German
-310.0139,157.16641,68.918976,62.64698,7.1677012,29.218504,14.945764,24.645565,0.711614,19.725416,4.9310284,16.307133,-9.51622,17.528175,-1.4239955,14.189846,-10.740974,15.916666,3.7013013,10.957182,-4.6848173,10.714065,1.3421601,10.278574,-4.963532,11.693821,2145.609146,1654.84447,2049.62721,845.1786804,4120.249314,2657.938554,0.114192576,0.134149181,0.056485396,0.05321545,German
-254.14818,133.70009,80.87837,60.64631,5.672354,32.511864,19.26684,25.887514,2.0170753,20.868353,3.445181,17.249113,-11.687094,17.127779,-1.6905302,15.141295,-14.187171,16.715685,3.1110098,12.062968,-7.238554,11.367379,1.2365133,10.503643,-6.2229714,12.032509,2318.745079,1586.21791,2199.608666,583.5594873,4349.363978,2400.950014,0.126088061,0.13676879,0.076574355,0.05457005,German
-280.41827,144.51134,68.690575,61.914066,8.274679,30.0035,17.294756,27.01935,1.9790902,19.517843,4.894307,18.133745,-10.046215,17.281488,0.8322262,14.399586,-12.366223,15.934711,1.2905052,11.937809,-7.0376544,10.72156,1.0158983,11.535267,-5.5048456,10.880877,2329.641251,1751.440076,2107.185595,789.3860027,4308.245345,2679.933533,0.126051086,0.139303855,0.06650716,0.053953025,German
-275.05618,147.7138,66.5419,59.45691,4.144097,31.250523,19.021305,25.684826,2.1563768,18.988384,1.5358398,17.66123,-13.93852,17.675184,-4.25587,15.117988,-14.493497,15.928458,1.7088083,12.13835,-6.8872066,10.750664,0.41773984,10.510027,-7.5799146,11.307002,2267.92847,1703.35809,2063.272658,836.9342491,4256.867249,2677.89966,0.123086031,0.137016221,0.07662375,0.06759028,German
-282.85565,150.83221,60.510555,58.65161,6.4072537,30.731504,16.043621,25.40744,1.9399432,17.867594,3.15894,16.608408,-10.878825,17.951876,-1.9305043,15.332484,-11.472479,16.50925,1.3179199,11.578853,-5.458858,11.061289,1.9393482,10.014487,-5.845028,12.426364,2489.407516,1563.575566,2319.205154,689.8429419,4883.147244,2429.669079,0.126227306,0.136794201,0.07288681,0.069789685,German
-276.09058,155.09576,58.069717,59.66743,0.929491,30.782896,17.666996,26.317415,1.8330802,18.737192,0.5806051,17.119251,-14.485163,17.696041,-2.5452845,14.675886,-13.694381,16.561903,2.042212,12.310817,-5.844833,11.392378,0.48363915,11.002671,-6.578789,12.099513,2542.51776,1709.634239,2207.497939,793.821224,4785.548452,2627.357416,0.143669979,0.148225547,0.07864888,0.071616024,German
-275.51318,154.08516,57.467796,58.704426,2.575486,29.054523,17.586544,25.161459,-1.0429314,19.68161,1.8072991,17.194057,-10.902191,17.574259,-1.3070667,14.884903,-11.269639,16.121511,0.82868147,11.311424,-6.4365153,12.648477,0.89305466,9.845787,-5.5182977,11.924001,2490.021831,1433.243724,2337.231053,663.0729573,4960.308223,2311.589505,0.124364615,0.124389345,0.07966434,0.07644091,German
-263.06894,140.1897,71.39496,59.74283,7.023792,29.878222,20.668457,27.925167,1.949829,19.193802,2.6581304,17.81494,-10.589299,16.646738,-3.5304413,14.654591,-13.48011,15.415729,-0.59672326,12.525651,-6.824239,10.639296,0.91617733,10.329735,-6.4650717,11.537666,2169.110136,1609.992961,2059.799737,834.6815855,4111.240787,2636.151256,0.116202773,0.126931342,0.08162099,0.065595336,German
-217.24072,127.24876,64.97157,67.355255,9.004984,32.60599,19.491533,26.858028,-6.8233767,18.586664,-4.664822,17.284788,-16.947798,14.237662,3.897345,13.95276,-16.259293,13.764804,-2.823035,14.29519,-17.8911,12.402111,-5.1797876,14.265617,-10.040831,9.933601,2723.882271,2117.029704,2092.533518,771.9851397,4725.62728,2949.707758,0.177752773,0.180865819,0.125952,0.09623041,German
-299.5469,132.27345,103.041336,65.118416,-4.521164,33.079853,43.6203,33.20853,4.0449553,23.301851,13.95723,16.855198,-6.625131,16.685827,2.6743004,14.453994,0.9706725,15.45914,8.162912,13.1717005,-11.100101,16.0302,-2.500901,11.806051,-3.4147105,12.279946,1791.102204,1076.011549,1812.351026,532.3586431,3488.331805,1900.173676,0.098060867,0.086193538,0.060850155,0.047444303,German
-297.3499,138.21686,97.68724,65.0773,-3.3282506,32.87681,39.658554,34.376045,-0.8764257,23.678972,13.515874,16.858349,-4.155909,16.461973,6.0182667,13.060575,4.0083733,14.311852,9.1193495,12.189621,-5.407775,15.294093,2.6795273,11.9352,-3.262318,12.352953,1803.134942,1073.217672,1855.620969,532.7124276,3554.258725,1894.957114,0.095172541,0.089053291,0.059245255,0.049542263,German
-296.77466,153.51247,88.478966,59.94575,0.6410101,30.409277,40.718067,34.155563,2.4294806,21.470226,15.455427,16.426498,-5.914556,16.921318,5.5942216,13.561737,3.2965188,14.677511,10.700145,11.603638,-5.9651947,15.5180855,3.2125375,12.629662,-4.762546,13.129829,1936.025714,1067.806337,2038.133765,561.3934494,4024.942557,1971.508005,0.097591753,0.086223983,0.071115024,0.06291899,German
-318.35648,131.51239,89.013176,62.94097,6.3379316,30.25836,36.906517,33.42597,4.578917,23.00403,13.619178,16.42804,-2.2894266,16.40879,5.4263372,13.353788,4.5372844,11.778644,7.603405,10.878751,-5.2286186,14.112175,2.0212069,11.481159,-3.857036,11.948329,1783.904437,1099.338064,1920.792308,578.9852079,3626.646916,2032.558856,0.089760264,0.087236552,0.05087094,0.04531215,German
-287.19672,138.80692,92.9274,66.89604,-6.400729,33.6972,38.413162,29.096329,4.678498,21.972448,12.372749,16.683624,-5.502188,17.273634,5.22642,14.008516,-3.0511067,16.261787,6.3772516,13.714217,-6.462115,13.927279,-2.864769,11.274026,-4.4360294,12.082649,1905.383696,1130.64213,1863.252231,533.150401,3700.349502,1905.398695,0.107497376,0.097773257,0.06949186,0.061756384,German
-298.66525,148.62236,93.91226,63.313087,-5.8650656,31.900331,40.59683,35.056618,4.0183206,23.636375,14.947116,15.468281,-5.1383543,18.544735,8.8915,13.4432335,-0.7908105,15.732422,3.8001745,12.291676,-9.647855,13.705783,-0.5498335,11.205934,-3.7501795,12.075425,1889.03542,1072.500462,1908.456855,530.0440909,3718.360716,1877.309317,0.101397277,0.090611501,0.06305397,0.05546018,German
-258.37024,150.53685,85.72351,62.115208,7.201456,25.095621,32.590553,28.437447,21.951597,25.649502,10.31704,14.184073,-0.46397305,12.761201,7.045304,13.180384,-14.1625,13.618822,-4.588727,13.11577,-9.509602,13.970047,10.282804,11.682806,-10.382129,11.552112,2139.930545,1217.805035,2234.515156,556.9007863,4226.750908,2347.287215,0.115399288,0.094445536,0.08242456,0.06788742,German
-286.07742,151.7715,81.844894,60.76063,9.839312,26.109192,31.526894,26.645971,26.521368,24.737877,8.429725,14.264223,-2.1524813,13.827455,4.787371,13.097804,-14.97449,15.33525,-7.4955835,12.936423,-11.019286,15.56636,9.202328,10.91234,-8.506131,11.165221,2059.314673,1094.817869,2251.191342,560.217195,4205.152493,2295.239497,0.100457471,0.079887489,0.07673504,0.073802814,German
-286.29413,145.19695,85.790596,63.413082,10.494308,25.272274,30.693762,28.70362,25.655924,25.364643,7.229993,13.842395,-0.18616915,12.641955,6.7000337,12.357455,-13.183799,14.270628,-7.762775,11.81262,-10.713206,14.665615,10.151248,10.840144,-7.763121,10.894439,1893.657524,1112.66906,2128.001683,598.1428039,3819.709273,2335.053053,0.094751852,0.081149772,0.0771257,0.07031625,German
-248.63849,143.2743,86.74419,60.496696,8.259588,26.885117,35.500546,27.990755,27.415691,24.999239,12.273984,14.095684,-7.2491364,14.066775,6.1354733,12.89574,-14.899525,14.224943,-5.5631866,13.599097,-7.9078517,15.039739,10.596324,10.435983,-9.984334,11.231932,2115.577563,1194.305093,2250.892579,539.0431334,4228.402059,2367.01708,0.11002976,0.092480215,0.09059085,0.07126525,German
-238.26738,135.38205,84.578735,60.330322,8.847961,27.274927,35.993874,29.255869,23.034142,25.277533,11.608615,15.467055,-2.4725251,13.858797,6.4129987,12.585606,-13.870816,13.028732,-4.3790164,13.070521,-10.612957,16.096968,8.312751,10.322521,-10.559971,11.67676,2216.114886,1212.984518,2293.44892,486.1539967,4385.966326,2323.490777,0.117495512,0.09467816,0.09188501,0.069836006,German
-258.0648,161.5336,69.37585,56.17413,11.155954,27.970053,20.073948,24.989712,2.482763,19.101015,6.5665817,16.354359,-10.005806,17.757214,3.2249005,15.292222,-11.535804,17.983189,3.840862,11.670313,-5.7879624,11.865796,3.689606,10.023977,-4.8901467,11.189262,2365.96781,1576.116084,2277.686374,752.5579923,4667.672821,2505.237783,0.118134803,0.12534449,0.093972325,0.07721912,German
-267.78952,162.28758,63.206394,58.980133,9.448939,29.63985,19.180666,25.975224,1.0538718,19.173616,4.0872545,16.456331,-11.595068,17.701508,5.9790826,14.401536,-9.682814,16.685925,4.066983,11.494777,-8.615869,12.576668,2.283195,10.065821,-3.9956243,10.922157,2544.531761,1712.934653,2281.273615,787.9998946,4900.306894,2587.337827,0.137825083,0.142568066,0.077151105,0.06390478,German
-273.2294,147.95474,61.299625,57.062332,6.0464787,27.999422,18.903645,25.275955,2.9671445,17.249945,2.6985583,16.874292,-8.983838,15.259805,0.6929663,14.678677,-9.857312,16.07917,1.4671614,11.483001,-5.1780324,10.533902,2.455274,9.784669,-3.3701265,11.167515,2207.81038,1593.083745,2119.846711,865.2711788,4326.660728,2590.625784,0.112366853,0.130073946,0.07532215,0.06788454,German
-260.65387,166.60771,64.14509,60.13263,3.009916,30.173439,21.701157,27.208992,-2.2087247,20.284288,2.529957,17.585604,-10.559081,17.362862,-0.26245326,15.545174,-13.15798,17.762209,3.7771327,12.374414,-5.214449,11.4343,2.3405473,9.693868,-6.0131392,11.837286,2362.856293,1569.75775,2158.010111,791.9743545,4584.604826,2479.778681,0.1250947,0.127655426,0.08785098,0.07622756,German
-257.4181,147.14427,71.95654,57.35214,7.2883987,31.406906,18.773098,27.032093,-0.527923,21.25344,3.139869,17.9579,-12.178685,17.329956,0.1113786,15.015442,-14.880642,17.815758,3.4067326,11.746385,-7.650305,11.530177,1.7608025,9.730033,-6.7776046,11.354301,2426.757642,1549.918885,2288.278158,703.3625248,4690.294009,2518.306959,0.12850651,0.129276571,0.0770781,0.056951877,German
-255.379,150.00854,73.95654,55.56843,8.059797,31.337873,15.32878,25.93859,1.0510778,20.152143,3.9540493,17.475603,-10.425421,17.656137,2.689079,14.626571,-13.51896,18.116436,3.261407,11.393964,-6.6183977,11.533657,3.1725338,9.236341,-7.2104955,12.446885,2529.678803,1525.2671,2410.797396,600.9011682,4970.035796,2411.730905,0.127897265,0.132601348,0.08451699,0.0643158,German
-232.0311,123.15822,66.67464,63.581497,3.8457685,32.845203,11.7491,26.380564,-8.430739,19.102064,-6.0955467,18.198946,-15.660658,14.232821,0.42850426,13.697836,-15.953975,14.358001,-3.3338778,15.355933,-17.244598,11.92784,-7.4346404,12.659947,-10.120835,10.609025,2954.376617,1917.861197,2294.936833,547.7155094,5219.187877,2756.686017,0.208378833,0.177257065,0.10417959,0.081872575,German
-256.36472,130.12354,67.78109,63.60648,1.2401156,32.658966,14.4919405,26.426647,-8.780542,19.422731,-7.1624093,17.676323,-13.017645,13.729109,1.0550417,13.771661,-16.072441,14.090482,-3.9999392,15.9177,-16.956623,11.762429,-7.2056575,12.920792,-11.6038475,10.4292755,2593.455104,1987.380075,2074.54035,785.940126,4579.452604,2932.466792,0.169787734,0.171383898,0.08720438,0.06597277,German
-290.82303,137.60626,90.475006,66.16871,1.8978661,32.323765,31.29521,31.147554,4.629697,22.536205,12.863115,15.938386,-1.785868,15.552836,7.0119357,11.930896,-2.0122163,12.558627,2.062365,11.929935,-9.306457,14.652402,-4.77595,10.306062,-4.9729295,10.967973,1850.99166,1168.310353,1943.518446,646.6532537,3652.920665,2217.247027,0.089763322,0.086872184,0.072220705,0.062180735,German
-344.2801,150.72136,79.932655,66.26548,1.84816,31.307766,38.291832,34.386055,5.686264,23.435112,15.635956,16.634706,-4.0258446,16.268309,5.561792,13.247694,0.6255048,13.530717,7.9832277,12.415354,-7.305314,15.254021,-1.8159561,11.227779,-8.095458,13.163128,1892.713844,1213.045746,1961.278342,533.9458468,3747.888867,2016.959456,0.095114025,0.099635949,0.04441016,0.04341873,German
-328.21542,151.01758,77.696045,62.350433,2.5035906,31.95196,36.75428,32.46935,8.998673,23.234972,13.940767,15.862639,-4.328485,17.453049,8.331288,12.355445,2.5401294,14.438843,7.031543,12.701893,-9.013005,15.319704,-3.0623252,10.513693,-6.0740438,12.003288,1862.493406,1258.616319,1949.400959,551.7577186,3653.281667,2107.304043,0.090764,0.102518548,0.051428244,0.0493096,German
-305.60373,146.74461,70.06498,63.74804,2.1398096,31.723759,37.204834,34.864098,7.581478,21.452742,14.584472,14.644676,-6.6252418,17.484913,6.1891546,12.411673,0.5288321,13.751203,3.5722442,12.0088415,-8.407666,14.613997,-3.4107854,10.574903,-7.4992723,12.165771,2055.507018,1311.194505,2031.502693,549.8871487,4005.743735,2110.51908,0.100334477,0.107673654,0.061058186,0.05965652,German
-270.08517,145.43553,83.14948,62.70952,8.443622,24.955046,26.945,27.147953,21.489384,24.540718,11.281702,15.199936,4.70962,12.562034,4.8403406,13.233668,-13.697016,15.004553,-4.71397,11.753526,-11.800213,13.953886,5.390531,9.815098,-7.1537433,10.417286,2087.769042,1150.375574,2230.482157,589.5874704,4165.152779,2365.694027,0.105922126,0.08480192,0.079614304,0.07404464,German
-250.18835,140.39407,90.22648,61.230495,6.2373805,26.87171,29.058945,27.8652,21.98958,25.223557,15.662789,15.228209,4.9239902,12.595116,5.480098,12.473938,-15.577775,14.423287,0.17552455,12.391649,-11.186074,14.569841,1.1915348,9.924553,-10.694501,10.887208,2061.61033,1204.830542,2204.720883,584.0879833,4081.134876,2412.814204,0.106590396,0.091944761,0.08255213,0.06292735,German
-279.5249,149.40828,77.23106,61.722202,7.6531305,26.427206,27.680986,27.437475,22.303623,24.626131,14.281756,14.150982,4.2286115,12.137791,3.5446038,12.208302,-11.111598,13.7306385,-3.2308526,11.877726,-10.954037,14.464027,1.0411637,9.385642,-8.744519,10.995475,2171.963123,1149.520972,2286.239307,502.3644017,4353.168937,2284.339402,0.107508586,0.087602079,0.075951524,0.07053745,German
-302.89563,143.82729,68.96003,59.66313,-1.9387974,31.93837,17.72216,25.48484,-2.405187,19.211576,-0.25512496,16.790186,-10.537225,16.807968,-1.2159182,15.491787,-11.187861,15.491898,-3.9369903,12.858274,-6.5460916,11.36254,-0.71471834,11.392548,-6.907931,11.935652,2424.397071,1559.914122,2205.506427,759.7358701,4680.712295,2549.531148,0.127830254,0.130999753,0.05427525,0.04807766,German
-303.40683,152.79156,68.144516,57.91236,-0.084281705,30.07232,15.70796,23.941685,-1.9667257,20.390898,4.121163,16.321102,-9.090008,17.211836,2.1736608,14.903795,-9.437174,15.744392,-0.61674607,12.236273,-6.0790095,11.915092,-0.55924046,11.810283,-5.599193,11.187409,2437.854289,1496.005566,2300.677224,725.5726548,4838.667988,2479.718365,0.120663338,0.122688017,0.059090275,0.0558367,German
-299.20032,148.42973,69.65896,62.98175,0.5540156,30.035452,16.82903,26.043905,0.35567814,19.74746,0.699901,18.299225,-9.190665,16.339912,-1.5294381,15.431692,-11.222773,17.33837,-0.2018428,12.580176,-5.549597,11.017669,1.0135772,10.520927,-6.5657964,12.574209,2440.504207,1507.262338,2272.463484,691.2741552,4778.075772,2483.580929,0.125034244,0.125807001,0.06446632,0.06105327,German
-294.0975,133.71852,69.41188,61.91386,0.9300677,31.291487,19.70803,28.737411,-0.5568361,19.038118,0.8915529,17.185616,-11.3877535,16.39087,-4.3710976,15.3073845,-12.3695965,16.258444,-0.8162226,13.024251,-5.9219975,10.858985,-0.4655312,10.835681,-7.9263434,12.842774,2434.578615,1507.029087,2246.894762,670.7371584,4715.378021,2464.06968,0.130265043,0.12448102,0.05896092,0.052966166,German
-279.79367,145.9191,72.59261,64.67551,-0.58921903,29.655636,15.968123,27.671045,-0.83863187,19.689531,-0.49077103,16.988983,-9.551783,16.281858,-4.8624206,15.091228,-14.153047,16.253275,0.87420267,12.27409,-7.951689,10.957522,0.9424183,10.137922,-8.860601,12.19064,2152.887747,1618.523085,1980.266252,869.1791299,3986.296381,2714.012242,0.119666062,0.131333485,0.07345061,0.06290509,German
-285.30765,140.07326,72.42292,59.399277,-1.5410328,31.484894,19.877117,27.00722,0.26486212,19.175999,-0.9056925,17.413225,-10.294886,16.000505,-3.7742956,14.741387,-12.502322,15.75416,-0.66060174,12.57927,-6.5864596,10.382388,-0.48157153,10.168783,-8.165477,12.371801,2332.677045,1444.969657,2207.461724,725.7098721,4536.589829,2495.179689,0.121167162,0.116774613,0.06438435,0.05829144,German
-210.40492,131.51697,86.09375,58.0388,-3.9592345,33.036995,25.047216,32.077152,-4.0961137,16.549564,-4.2414246,16.891123,-3.294423,13.221657,-10.116738,14.264134,-4.831107,13.581236,-11.358415,12.306671,-9.790876,11.020513,-5.63969,10.133255,-10.21953,10.022164,1716.633152,1372.422157,1820.988321,827.9877823,3284.557069,2403.711792,0.080752117,0.112186908,0.1760912,0.11199615,Italian
-213.79414,127.68326,87.301765,61.20616,-3.7874184,33.59928,25.800411,34.135693,-5.492424,17.725786,-5.4984593,18.74174,-4.6660943,13.912131,-12.243645,15.916341,-7.2829866,14.349504,-10.1617775,12.419152,-7.810959,10.768276,-3.9859407,10.2092905,-13.397526,10.400362,1899.330154,1479.886198,1904.612617,789.4834501,3559.696556,2477.452654,0.099317573,0.127060012,0.15345705,0.09005676,Italian
-207.72675,127.28887,84.8832,59.351852,-1.9328446,33.299126,25.392397,33.202984,-6.2359285,17.630224,-5.12921,17.59456,-4.2810864,14.1379385,-11.843182,15.663141,-7.8496203,14.529493,-10.320658,12.723583,-8.396826,10.588081,-2.366154,9.882829,-11.171733,10.06853,1835.366199,1454.145371,1867.084813,806.9358558,3458.002357,2468.012765,0.098139923,0.128647644,0.16888297,0.10270408,Italian
-248.0371,151.27333,72.124084,62.648888,-7.430188,34.024414,26.49633,34.39091,-8.762759,18.152441,-3.5301876,15.666987,-2.6634667,13.553988,-8.130516,14.760026,-7.894361,13.077157,-11.112348,12.84225,-9.071986,11.087392,-5.331583,10.357331,-8.048764,10.095779,2046.331549,1690.738249,1847.540588,946.0114457,3853.921068,2774.741301,0.117254457,0.148259051,0.12566623,0.09762217,Italian
-232.1677,141.32364,82.0425,62.910812,-11.373135,34.80107,26.239391,33.546455,-9.350392,18.631113,-3.2571867,16.61859,-2.283548,14.081384,-10.002012,15.626791,-9.450887,14.08669,-10.777767,12.635086,-10.441708,11.120614,-6.610738,10.828937,-9.551145,10.606688,1982.601809,1619.376442,1832.233796,838.2345112,3698.338297,2619.08138,0.111482054,0.14293625,0.14205033,0.09751326,Italian
-216.66867,133.7619,86.20333,62.50921,-5.7195263,31.994785,19.841496,30.634897,-4.2058415,17.576231,-2.563109,17.042568,-3.6277888,13.350545,-12.644015,15.830017,-6.9580626,14.48035,-11.1033,12.627148,-11.443445,11.386586,-3.4606535,10.065319,-11.243733,10.230239,1947.510921,1612.099367,1913.205959,833.6448921,3597.989769,2673.358941,0.104456784,0.140550543,0.16632883,0.10586541,Italian
-265.1685,89.837746,118.48576,53.112194,7.3191133,30.25729,74.83003,25.3731,35.410732,22.749817,-3.4000897,19.942944,18.961998,15.438923,-8.267629,16.92344,-34.81813,22.661789,7.064709,12.105891,3.4922554,14.969504,3.6665552,13.249643,-0.63538367,11.883564,788.9576296,581.8715983,1284.733485,541.3003148,1740.894058,1448.244106,0.013727103,0.010148863,0.27795416,0.027758049,Italian
-283.82172,102.064705,113.319855,50.66397,7.0899935,30.32979,72.94321,26.358572,40.974957,21.57559,1.7577113,19.397778,19.868748,14.609365,-8.701966,18.792126,-33.042,26.35148,10.448458,11.736114,2.6187992,14.845868,3.754924,13.229446,0.15552723,11.926109,722.8135724,545.8073315,1234.116057,513.8816704,1597.767587,1363.132504,0.012143999,0.009626194,0.27239248,0.023240289,Italian
-288.50687,106.76028,114.14053,52.356728,7.2801185,31.53941,72.43519,26.413214,40.600285,21.631742,3.3513434,20.28996,20.559156,14.970269,-9.327289,19.228472,-34.140812,27.059513,13.216904,12.735234,0.12725456,15.988849,2.339919,12.538272,0.1403849,11.679521,726.2192104,565.4355242,1224.985755,549.2773631,1580.718067,1411.083332,0.013045041,0.010597392,0.27073005,0.026701014,Italian
-281.18314,101.30364,123.00504,54.246986,3.4740078,31.55251,75.98134,25.88633,39.1621,22.454062,-4.213345,21.274446,18.79523,15.685825,-6.6143603,17.486801,-34.88899,24.13127,7.8038397,12.438106,2.5803802,15.659587,5.6208115,12.842619,-0.2849975,12.630259,746.3548312,543.0024436,1246.222154,521.9465265,1671.111476,1382.989703,0.012833679,0.009362083,0.27047884,0.0231706,Italian
-217.87033,146.98993,107.86926,62.219906,-33.793556,27.314373,14.403877,21.318771,15.994645,23.045681,-12.276071,15.805372,15.014315,15.53544,-17.10589,14.286679,-12.032337,14.359069,-5.5765557,10.905984,-12.287639,13.146269,3.163441,11.574652,-15.607423,10.6438875,1973.722856,1042.559293,1967.950925,668.1350027,3559.545379,2087.620344,0.109916448,0.088354285,0.1089505,0.06622933,Italian
-269.69714,161.15904,87.47808,67.03865,-26.014568,27.105877,19.561563,25.496145,15.593639,23.023169,-10.236799,15.672979,11.526592,15.952901,-10.571926,15.845051,-8.34077,14.893651,-2.5163004,10.55219,-11.959915,14.101583,1.4702922,11.401049,-9.349662,11.0858345,2379.319253,1270.822304,2077.24315,585.1097768,4265.306092,2305.586734,0.149897793,0.123833422,0.083585665,0.06596948,Italian
-232.09174,137.25943,95.13966,56.734257,-30.342443,26.61608,21.108866,21.55203,21.32685,22.32309,-10.319073,16.04311,8.885623,15.375668,-11.133802,16.037518,-9.229184,16.594896,-4.5825067,12.576222,-13.128705,13.825037,6.3157325,11.198031,-7.239165,10.6928005,2327.021683,1053.549314,2203.945417,493.7636094,4255.504813,2069.978486,0.136552972,0.097896707,0.08801084,0.05963412,Italian
-217.71582,123.61217,102.46004,53.923386,-31.777527,27.553478,22.433714,23.59325,25.547318,23.389265,-11.397652,16.396193,6.3767657,14.866331,-12.152503,15.810261,-11.028348,16.194206,-5.5899296,12.039588,-13.479224,14.306031,5.688531,11.647867,-9.380796,10.8771,2199.052141,1032.577429,2159.983136,512.8433767,4036.508612,2076.87868,0.122806662,0.091247164,0.097049884,0.058370024,Italian
-245.40483,129.02364,103.60136,56.369717,-34.38272,30.039354,22.086275,21.318645,19.725365,24.567768,-14.797625,18.373024,11.020425,15.708337,-13.323533,16.378922,-14.105757,16.554073,-2.753962,11.297388,-12.916101,14.918515,4.397661,10.969363,-7.885489,11.142057,2221.389157,1057.192178,2109.770753,523.9109474,4074.959154,2054.179505,0.131435863,0.092689516,0.0744646,0.047151905,Italian
-233.23709,131.98486,101.6695,53.843132,-32.382,28.414665,23.789621,23.632034,20.88928,24.24616,-15.12977,16.934654,12.075259,14.940087,-12.733505,15.835896,-12.326698,15.899932,-3.2302825,12.0418415,-11.837088,14.169145,4.018015,12.646168,-7.3450527,10.949911,2258.619716,990.9050135,2187.299564,493.8784719,4186.799536,1987.309645,0.128890379,0.090340696,0.086723074,0.05556269,Italian
-223.01453,123.18866,104.19432,54.88302,-32.294777,28.928438,23.094164,23.39987,23.21232,23.505167,-12.80659,17.318432,9.821673,15.669262,-14.236501,16.183874,-12.296302,15.770577,-1.586127,12.357763,-14.423102,14.333806,5.4255314,12.589686,-9.126871,11.587024,2165.89361,1013.702762,2112.413109,499.3187245,3995.290517,1973.659492,0.122055369,0.090094852,0.09525756,0.058114845,Italian
-241.63025,132.28262,94.26361,54.579647,-31.474226,26.795645,24.81625,23.10424,21.259436,23.787302,-11.2240925,17.103086,7.28783,16.786634,-15.493139,16.05282,-9.718327,16.592655,1.3728718,11.185907,-15.183853,15.14041,4.796827,12.173658,-10.5528345,11.106183,2324.805981,1029.067971,2172.081474,499.3181178,4288.281588,2009.258443,0.135021456,0.093019993,0.08004255,0.053890366,Italian
-260.40283,136.8172,103.98982,56.493034,-34.641273,28.208817,21.945309,24.140545,22.28302,21.943108,-7.439294,16.390388,6.9970093,15.633244,-13.752119,15.340264,-13.434633,16.753809,3.2505693,11.117422,-16.304688,14.543789,10.609368,13.422966,-13.596831,11.781746,2178.363078,968.3417973,2059.655239,511.3793114,3983.234501,1873.46122,0.126024121,0.086496128,0.06497108,0.043147873,Italian
-238.73709,127.954895,111.654945,55.69187,-45.783268,30.916105,21.481846,21.763739,20.71551,23.563833,-13.902947,19.141771,8.643051,15.302291,-18.183386,16.319118,-14.103351,16.33432,2.1133244,11.727268,-16.241629,16.199072,9.503411,12.96294,-11.282429,11.369114,2066.875114,900.7850072,1882.980126,500.5443824,3748.49814,1693.943741,0.12408355,0.077742005,0.07883507,0.050984193,Italian
-234.42912,125.031555,109.20753,52.8234,-34.497215,28.338688,23.249746,24.280537,18.194145,25.788494,-9.881923,17.902607,10.349661,15.195527,-16.237513,16.572416,-15.500341,16.116846,1.6993817,11.398302,-19.537075,16.106625,10.172556,14.561031,-12.719535,11.638764,2063.734255,919.4636047,2002.064077,482.8210262,3832.571766,1793.19648,0.115130318,0.075977673,0.08700022,0.05402484,Italian
-248.16666,128.05344,110.925514,54.500492,-38.804974,29.563015,23.81404,24.973454,19.756529,22.87324,-9.852775,19.349245,10.406464,14.613682,-18.146164,17.224155,-12.859314,16.217777,2.8938816,11.124716,-17.494923,15.494251,9.631124,14.305936,-13.298792,11.928139,2083.895155,894.619303,1986.605448,486.1686797,3871.040633,1759.962905,0.116201707,0.072155232,0.07420095,0.04912581,Italian
-241.09167,111.4753,108.06465,49.58846,10.728764,25.819866,64.41568,25.537016,16.94197,20.992908,-9.862836,17.918524,7.3885956,14.264983,-16.237621,13.807987,-33.573837,15.157017,-19.776812,9.878293,-22.25429,13.48931,-2.83603,12.9354315,-21.539335,11.828087,1447.024915,840.4114759,1796.481579,469.5247577,2944.055942,1706.52352,0.061575366,0.054101225,0.15862948,0.08552305,Italian
-239.46588,110.76823,108.70427,49.259872,-1.9320954,28.104473,69.12352,25.35833,18.508034,21.227598,-16.56735,18.567533,6.5685253,14.377882,-15.245335,13.432644,-32.758488,14.284397,-19.046532,10.085339,-22.46241,13.328409,-3.9730883,12.550599,-22.88252,11.388014,1493.012884,806.6826487,1749.778914,446.1959444,3086.555535,1525.872356,0.064725551,0.055410293,0.14982578,0.08070594,Italian
-249.71828,123.09201,102.60142,49.901466,4.6908383,25.929003,63.28691,24.839293,13.911267,22.11406,-5.0231776,17.825232,7.2566047,14.678213,-20.068832,14.457399,-41.66714,17.071394,-14.064623,10.444434,-18.45747,14.440132,-5.025663,11.662882,-27.475794,11.8095665,1550.325368,846.4586789,1811.343042,437.1346169,3208.661526,1603.950086,0.069892985,0.060516211,0.13643242,0.081216864,Italian
-249.75505,142.8879,90.95047,56.01576,2.7563457,23.01233,59.24902,30.242607,17.090864,18.554897,-4.334357,15.632829,5.1085134,12.754704,-19.015896,14.786912,-27.898237,17.654007,-14.591351,10.527475,-18.886723,14.103648,-0.45410177,14.061382,-27.723074,14.201629,1773.350728,1191.314057,1909.838109,641.188512,3511.204102,2124.020818,0.079855907,0.093686257,0.13697998,0.085173935,Italian
-283.71936,174.35097,78.41294,59.718933,-1.4703482,22.645092,50.664223,33.362793,11.920877,17.829718,-5.7763104,16.98534,9.390348,13.732024,-16.05215,14.521802,-25.485353,18.396767,-14.865121,11.718045,-15.65339,14.044762,2.9469328,11.910649,-26.647087,17.227457,1495.146585,1197.959226,1623.989944,909.6339356,3012.427524,2221.419342,0.068226805,0.087856392,0.12238034,0.09654252,Italian
-211.7688,116.50371,98.37125,48.78436,1.1660234,25.190989,68.96853,23.712833,11.730243,18.168982,-8.355106,17.621786,10.598369,15.10459,-21.687906,14.305485,-29.434156,15.47431,-19.02065,9.652846,-19.342066,14.248072,2.8518682,13.0518675,-32.177345,11.646122,1809.061695,976.4535123,2008.980235,475.905945,3731.225586,1784.081412,0.078951415,0.075297764,0.15816101,0.084729955,Italian
-295.63702,115.1175,106.40278,58.595192,-7.0332985,35.625294,29.27828,33.688473,-32.735832,28.185352,-19.635834,20.883291,10.56759,13.380624,-19.08947,17.924477,-12.820891,15.069506,-18.232365,15.3499775,-10.703802,10.574265,-0.5515244,9.721744,-11.481994,10.341682,1666.378867,853.2400876,1697.14494,631.5483145,3463.194825,1849.546649,0.087963182,0.06444122,0.09495327,0.074616395,Italian
-285.0406,110.00677,121.884224,55.62858,-15.081034,39.228657,26.916758,36.015457,-33.91126,26.43713,-19.455,20.93506,9.792982,14.661066,-19.592764,17.894247,-16.958815,17.247507,-15.203661,14.444427,-6.247612,9.769698,-10.674,10.261679,-8.786983,9.827564,1527.719292,813.8125098,1524.236904,589.3027368,3042.474376,1706.645806,0.084585157,0.067942147,0.10492038,0.073543385,Italian
-271.5348,114.62246,107.434586,55.67363,-28.021816,42.598614,39.151302,35.01544,-32.016422,24.932419,-29.85338,22.809801,8.055161,14.020066,-21.784344,17.611937,-16.96849,16.259106,-15.782617,13.792728,-10.16097,10.616471,-9.028314,10.111664,-9.140322,8.862516,1731.327188,775.518645,1577.405634,500.0914539,3403.749809,1394.843604,0.098927613,0.067389638,0.1083016,0.07615507,Italian
-276.28818,94.986626,127.959145,48.83473,-7.203933,38.960617,24.398697,33.924694,-38.545944,25.18972,-15.759172,17.691462,8.210115,14.265771,-30.377134,15.80237,-17.017105,15.36567,-17.56775,11.658227,-11.014118,9.113286,-8.470879,8.9195595,-10.393284,8.19637,1413.991159,794.369784,1490.526804,548.6062736,2762.598213,1621.724735,0.078377497,0.067230858,0.11015289,0.070367716,Italian
-301.26935,105.066765,138.73541,54.121918,-18.327362,40.782524,12.993694,34.804432,-27.220741,22.964632,-8.957461,17.917067,-5.520116,14.346425,-27.042952,17.152506,-5.4191556,14.310513,-21.7183,13.920962,-13.008853,8.976346,-1.2753743,9.149887,-11.321594,8.987644,1304.888626,663.0997842,1369.797192,556.2440572,2520.743804,1472.989393,0.071572352,0.049912807,0.09864009,0.06485409,Italian
-299.08282,104.77739,137.2429,52.6302,-16.525583,43.56178,10.406563,33.86111,-24.164183,21.346825,-2.3874815,18.214134,-11.047721,15.206931,-24.339375,16.784279,-2.0271885,14.457162,-23.74743,14.875678,-12.913608,9.402574,-0.17168373,9.203211,-11.039237,9.009543,1305.270103,704.8569215,1349.313751,535.7649747,2477.938576,1415.336019,0.075045687,0.061269256,0.09543121,0.066438906,Italian
-294.06897,104.61821,137.36662,50.569515,-18.866302,40.965374,10.216146,33.805195,-37.716404,24.037619,0.8865504,17.21808,-2.0365875,13.584196,-31.864748,17.853685,-2.5566237,14.757339,-26.749395,15.157424,-9.174471,9.356989,1.4355547,9.274225,-18.357006,10.116528,1401.18746,725.8474471,1419.913103,485.4228889,2605.470665,1443.005798,0.080931021,0.062738931,0.08949967,0.06228771,Italian
-271.10687,100.87102,131.90858,51.394676,-16.96213,38.79506,11.252676,32.054882,-33.767,23.003977,-9.051074,17.70268,-1.845972,12.87157,-27.816862,17.021278,-5.7508626,14.659327,-26.256655,14.926379,-9.533422,10.011245,0.13538188,9.185641,-17.753826,9.781038,1415.711282,792.8119006,1472.418441,563.3483297,2696.22303,1635.381199,0.081471546,0.070661427,0.10855785,0.0696256,Italian
-290.82767,106.846466,128.6196,50.416927,-27.30218,41.56013,16.096828,35.524204,-32.794197,23.812084,-9.729662,18.803253,-0.53821254,13.695436,-23.98768,15.875819,-8.82913,15.220417,-27.514849,15.006033,-4.704672,9.729362,-1.9453624,9.379324,-15.4744425,9.340318,1439.366023,699.5185917,1434.984923,504.99862,2753.571155,1427.515687,0.078170065,0.057513886,0.08528342,0.056289893,Italian
-301.35394,111.9827,134.82199,53.317432,-28.36529,45.692074,18.3994,33.53781,-27.46381,23.841345,-9.486552,19.737959,-5.1081333,14.106332,-22.483213,16.371536,-5.4063053,14.605059,-28.670757,15.786692,-9.614857,9.250619,5.1227093,9.814288,-15.007215,10.06671,1437.953003,705.6577611,1409.86237,527.9685471,2735.816175,1434.032725,0.082830088,0.060775211,0.08160802,0.057662636,Italian
-210.68228,124.77631,85.61068,60.94383,-9.221341,34.15809,28.236607,33.13762,-5.065907,16.677092,-3.562667,17.347853,-3.6846702,13.103374,-11.064216,15.770578,-10.64446,14.485349,-13.019648,12.952271,-8.625957,10.473301,-5.0658693,10.5566,-11.329989,9.828279,2043.333174,1627.394324,1913.046637,760.695235,3772.867109,2590.392254,0.110188658,0.141864536,0.16802816,0.10372144,Italian
-244.67484,150.46753,74.70455,61.705322,-9.074634,34.910275,27.47059,35.221485,-9.132349,19.486609,-3.0575037,15.976087,-3.239269,14.069599,-12.133035,16.647331,-8.916936,14.219927,-9.83119,12.407282,-10.2886505,11.531444,-4.412787,10.231004,-9.775082,10.236604,1992.411685,1612.813903,1833.052963,889.4504755,3736.3829,2644.552632,0.106783852,0.134569916,0.13079408,0.09504997,Italian
-225.74567,147.76643,80.64146,61.242832,-14.630341,37.248913,25.04625,32.683857,-11.30522,20.090519,-6.5475535,16.608587,-2.0215292,13.723976,-12.836776,16.076567,-7.5648456,13.665615,-10.092768,13.2158985,-10.076267,10.713782,-5.1479807,9.9841385,-10.2835655,10.393075,1958.025175,1522.93815,1813.188186,872.0873562,3675.868671,2568.43015,0.106353674,0.124211133,0.14046931,0.09871942,Italian
-243.58794,112.6232,98.28094,58.437176,12.946555,26.207952,22.242882,22.486334,42.180485,25.841656,3.5099957,17.615799,1.054797,14.74449,-15.302344,15.921651,-10.516969,14.816874,4.5368805,11.51678,-29.361155,17.277374,0.23376586,13.059464,-17.894003,10.368255,2091.70825,1443.396054,2405.568101,712.9402057,4166.138986,2945.309169,0.110283408,0.122351296,0.14835198,0.09597058,Italian
-263.33954,125.60498,90.8549,57.374744,11.984614,24.008371,17.3364,21.080952,30.842222,23.69878,3.0432117,17.638876,2.6018302,13.83229,-13.66461,15.688001,-5.362833,14.341533,3.9038358,10.308388,-25.39999,19.624542,1.1963084,13.890678,-17.405376,10.5833235,2156.149183,1361.230739,2473.112355,725.5260001,4470.802042,2958.765232,0.106678459,0.108509939,0.1364822,0.1092581,Italian
-240.09474,120.20214,92.58315,57.812878,22.028677,27.3926,18.086773,23.900986,25.791813,24.857706,-1.1698698,17.992786,7.0622687,15.229665,-16.533613,17.34291,-7.007887,14.787695,5.5844045,11.676608,-28.155197,18.948063,3.5181243,14.205019,-25.507702,12.66637,2317.286708,1428.810868,2609.005373,698.1686864,4850.563023,3043.239674,0.119004432,0.122682386,0.15787448,0.11001222,Italian
-246.26407,118.808716,93.0898,55.829136,21.842993,25.745308,18.273018,23.00229,26.887592,24.655678,-0.0557586,17.1702,4.972827,15.44828,-15.347014,17.29995,-7.074169,14.372978,5.1390996,10.900573,-26.16421,17.981974,0.92228997,13.462977,-25.639677,12.240865,2182.941177,1399.354301,2546.368349,667.5873426,4524.369991,2973.762729,0.109876677,0.121387601,0.15775178,0.11056266,Italian
-236.18294,113.87695,96.85976,56.295837,15.2101145,27.347158,24.107641,23.484682,38.55959,26.114628,-0.19424182,17.999128,3.4202912,14.397722,-13.543602,15.587698,-12.01935,14.468995,-6.340891,11.151368,-30.823635,18.054565,1.9452507,13.38184,-21.504473,11.569332,2059.593632,1452.895087,2434.047041,740.1730905,4205.94692,3043.891497,0.106948207,0.130161492,0.1746807,0.11581869,Italian
-249.55498,113.627304,91.856155,53.25238,14.694801,26.059917,23.72202,23.742264,42.134846,25.43027,1.9488318,18.277924,4.9477167,13.320631,-14.051706,15.181087,-12.519076,14.646448,-3.0212004,10.284931,-29.809221,18.29295,2.7878282,13.945378,-20.497658,11.176208,2109.404538,1283.778933,2569.617182,666.93272,4541.973202,2892.981423,0.090913948,0.101103544,0.13761368,0.09228309,Italian
-239.26692,105.81224,99.16634,55.155212,-8.987773,27.914963,54.914474,30.267048,25.12748,23.308651,-3.99179,16.687523,10.322921,14.355862,-23.441706,17.211807,-28.00356,18.807062,1.051478,12.009241,-13.247158,14.217018,-1.2655213,12.29412,-17.205717,11.539773,1626.99981,863.588605,1714.916387,413.4969858,3133.122948,1413.586003,0.084343271,0.07082179,0.1355128,0.085863866,Italian
-209.41997,107.716866,98.674,53.693222,-9.472674,23.134987,58.98257,27.79045,33.589397,22.406055,0.123814486,15.169243,8.354471,13.95547,-26.619833,16.944204,-25.37447,16.388105,6.1527734,11.515603,-16.080854,13.259703,-1.9384092,11.970717,-16.211977,10.427112,1598.982802,942.7928126,1781.470134,494.9800884,3139.184642,1679.128008,0.076067308,0.074762304,0.18603903,0.10060785,Italian
-224.3153,115.81874,97.11499,51.00748,-13.3329735,25.83098,62.398155,27.953388,34.871372,22.21234,-3.901896,15.1582155,2.6329334,13.701058,-27.173431,17.553505,-22.844334,16.097118,9.628751,11.828071,-14.675199,13.321546,-2.6613188,11.589288,-13.338198,10.333365,1610.392857,843.4749633,1756.299545,478.6192419,3169.944744,1440.842523,0.076052485,0.066707228,0.1579018,0.09272535,Italian
-238.26247,116.72417,104.5902,53.047184,-20.828487,29.362516,53.83912,28.407188,22.779678,23.765816,-8.621501,17.028454,11.485014,13.892195,-17.048578,15.367191,-26.868448,17.993444,-1.257624,11.192129,-12.699206,14.081302,0.5054924,12.727074,-15.493752,10.71118,1647.414003,770.6648932,1657.576943,373.6047692,3171.857366,1168.037705,0.087320338,0.069003019,0.12385715,0.08036423,Italian
-226.68741,109.79091,99.45255,54.182533,-16.753782,29.27392,56.36378,29.31651,19.135427,23.862028,-4.763058,18.174358,11.276264,15.369088,-19.707247,16.083063,-31.218735,18.059938,0.31395975,11.630066,-13.0770035,13.848324,-1.2422659,12.635983,-19.045301,11.187246,1705.732793,868.3043814,1679.4821,405.4376905,3259.921676,1371.845827,0.092066095,0.074808092,0.14880684,0.09901857,Italian
-218.64447,117.92953,89.44671,51.57749,-8.607449,22.319862,60.761684,28.774244,24.932266,21.303171,-5.769424,15.487374,8.36006,13.256234,-19.882114,14.872792,-23.173187,16.359123,6.0910244,10.386145,-14.595764,13.497,-0.12582603,10.999058,-17.23261,11.020761,1749.547877,898.786614,1867.118042,456.4369368,3437.903824,1446.024245,0.083294268,0.074108668,0.15810609,0.09341159,Italian
-223.44286,114.47104,96.10805,51.698402,-11.885234,25.099419,61.48723,26.009384,29.749294,21.651947,-3.493034,16.849638,7.8372474,14.186131,-25.571228,15.830145,-25.383831,17.242626,7.3215036,11.125311,-14.696585,13.436906,-1.3263694,12.331637,-18.617373,10.516662,1731.100763,899.4928714,1855.529904,440.4532321,3430.117357,1561.105677,0.083714954,0.072782343,0.14965993,0.08401428,Italian
-204.51566,110.93121,96.96902,50.010845,-15.82956,25.28853,59.266567,27.796997,32.30295,22.596447,-3.7866993,15.414287,7.4312644,13.236104,-23.139828,16.237196,-24.434292,16.550526,3.9723551,11.072054,-14.523293,13.395479,-1.0555232,12.184535,-19.87271,11.133948,1610.148704,833.2269801,1764.721078,471.702014,3178.462407,1416.335815,0.071577106,0.064193523,0.18181135,0.098371096,Italian
-215.15546,108.69004,95.86727,50.925484,-14.593638,24.842434,59.18052,26.083673,27.19167,21.79652,-3.7627685,15.091247,9.913449,13.541309,-22.389402,15.979536,-23.444096,17.063204,3.7747822,11.144954,-14.911356,14.301543,-0.6434668,12.099359,-18.74741,11.46604,1692.718554,835.9023229,1815.668894,398.6268073,3327.841797,1363.45539,0.079401839,0.069286647,0.16075072,0.09141782,Italian
-214.47725,106.547676,92.99633,52.896637,-14.698134,25.453268,61.792625,28.423414,31.19593,22.689316,-4.6457925,15.19615,7.1065173,13.398411,-26.089249,15.978094,-24.228937,16.153463,4.5515842,10.952904,-15.346734,12.936439,-3.5087967,12.2576685,-14.840008,10.314916,1649.738475,892.643739,1755.130201,458.8259967,3191.118569,1459.773051,0.07862544,0.074699815,0.17481674,0.10045827,Italian
-217.74615,118.68571,93.58727,53.71967,-28.69629,24.80298,56.936256,27.480938,12.529652,22.66276,-19.12451,17.197817,4.053412,13.751302,-14.062041,14.45037,-22.113356,15.90486,-4.6437745,10.520964,-14.375312,15.694689,0.81792563,11.826969,-23.040638,13.076722,1826.152478,912.0137617,1715.575046,505.1623016,3426.192427,1421.747089,0.098434418,0.07279253,0.1190108,0.06598529,Italian
-228.69632,116.629875,91.160225,52.126244,-30.02495,26.05868,60.55352,27.310183,16.529089,22.235806,-22.591896,17.206236,1.5395626,13.449684,-13.475719,14.246336,-21.670622,16.222874,-3.8375046,10.072517,-18.0722,14.355482,3.1253862,12.211162,-23.321154,12.149961,1904.297776,884.314222,1743.493838,439.473097,3498.38186,1304.147837,0.103764713,0.076052416,0.10627648,0.058851447,Italian
-218.67479,126.86387,88.836655,52.635017,-27.070515,24.416697,59.084366,29.58905,15.028272,22.989943,-22.228607,18.178713,3.1560593,13.616664,-11.999702,13.74246,-20.967155,15.844132,-3.1286855,10.418866,-16.976177,15.104103,4.6097136,11.707489,-22.02148,12.651326,1865.059641,933.1427111,1729.294549,537.4226302,3463.484637,1470.437462,0.099633662,0.073886012,0.12248678,0.070266925,Italian
-222.75519,142.14381,89.87657,60.62151,-10.107146,36.66434,23.828112,31.276537,-10.007841,19.513695,-5.904975,17.254047,-1.0849185,14.0031395,-14.433451,16.967243,-7.8288164,14.443928,-8.355223,13.2939005,-9.934537,10.651225,-3.7942152,10.049369,-9.530995,9.9933605,1803.540415,1395.605827,1798.054115,820.8024933,3397.965449,2418.810898,0.093262701,0.11479303,0.14872791,0.09447352,Italian
-222.03085,140.8504,83.766,62.53276,-10.8857975,36.245636,24.464403,32.970432,-7.295076,18.327993,-5.2693863,18.433525,-1.2417314,13.9080305,-12.466959,16.254095,-7.676428,13.715496,-8.714402,12.739724,-10.010252,10.752502,-3.758751,10.153446,-11.339423,10.492625,2000.56585,1571.449743,1865.399295,832.718485,3717.184516,2598.545147,0.107124586,0.12823832,0.14657712,0.10059369,Italian
-218.62685,133.25435,84.41964,61.673267,-6.668741,35.462643,26.303135,33.71369,-7.5270286,18.013124,-5.5351796,16.726555,-1.9903144,14.147865,-13.041894,15.823482,-10.8225,14.498745,-9.937139,12.837514,-10.950565,10.785189,-4.801004,10.082631,-11.451008,10.454522,1966.330132,1613.498707,1874.03549,811.7624927,3659.612061,2594.221433,0.108306288,0.141725805,0.1560327,0.09864563,Italian
-218.87302,129.72275,92.09481,61.814613,-5.574371,35.120758,25.102856,32.131252,-6.2009635,17.98814,-5.9338965,18.006224,-5.0164456,14.802438,-13.141711,16.231052,-8.456293,14.675711,-10.401712,12.852763,-10.035885,10.015393,-3.187259,9.599034,-13.784092,10.26341,1890.093323,1483.645318,1876.375826,779.9352224,3542.656286,2509.741159,0.105390359,0.128673846,0.15272689,0.088304825,Italian
-210.43944,135.56871,85.32005,62.495758,-7.552834,34.41998,23.64836,31.837563,-8.488181,18.328943,-3.2233558,16.29948,-4.155842,14.348999,-11.582974,16.091057,-8.675622,15.358263,-10.228253,12.215849,-9.297327,10.859972,-3.9926512,9.764416,-10.702914,9.766317,1918.448138,1528.895616,1844.218469,818.9675681,3581.14221,2568.36973,0.105079855,0.13167798,0.17005545,0.10563506,Italian
-217.6713,132.13333,90.26726,59.8145,-8.889594,36.135063,24.97126,31.367233,-7.548052,17.86749,-6.604964,17.638494,-4.6462126,14.767795,-14.734149,16.686909,-5.973518,15.012894,-10.102953,13.2992935,-9.5434265,10.331062,-4.499005,10.068884,-12.185479,9.631933,1888.281696,1522.94718,1839.326823,814.1809525,3552.313329,2539.2904,0.104630209,0.131887534,0.15661018,0.09567709,Italian
-205.3904,128.17639,97.28551,58.840355,-14.692597,36.869034,28.929783,34.42175,-8.894852,20.178864,-8.359639,17.764507,-4.0708027,15.048757,-16.749693,16.550747,-5.7330728,15.084,-10.126575,12.90821,-8.603387,10.416827,-2.7656925,10.11873,-13.674116,10.663546,1796.673819,1294.428882,1794.59639,733.1820597,3402.316834,2268.472725,0.093356894,0.111497101,0.15942127,0.08930273,Italian
-220.74312,138.39192,82.49911,59.81429,-9.910804,36.271893,33.036438,34.797432,-9.411305,18.561726,-9.025804,19.020199,-2.6928992,15.30936,-15.149447,17.867569,-7.4263544,15.366307,-11.244719,13.270713,-11.265793,10.412385,-2.4549117,10.073168,-13.269953,11.001067,2036.634495,1507.515443,1921.294782,778.7861333,3860.707214,2461.832992,0.111654925,0.136540632,0.15045543,0.09135063,Italian
-232.44652,142.16197,88.68357,63.821754,-7.91456,37.021107,24.333948,33.566013,-7.714468,18.237259,-7.972147,18.167479,-3.4674509,14.540119,-14.119369,16.583382,-7.1937284,14.20181,-7.7757955,12.1480465,-8.2843075,9.625821,-1.087341,9.609723,-12.417481,10.5324955,1887.164809,1537.545571,1821.89821,846.9590599,3527.548446,2564.984916,0.104953544,0.134759177,0.13793385,0.08719785,Italian
-215.66338,135.35869,90.51093,62.434723,-8.84222,37.037888,26.80215,33.037964,-7.9886994,18.209335,-8.303258,17.844511,-4.020214,14.660837,-14.281273,16.645344,-6.8464947,15.258875,-9.682674,12.499657,-10.544032,10.631844,-2.6978524,10.258656,-12.876995,10.895327,1908.180437,1455.453264,1878.034779,791.4828528,3603.495785,2500.749483,0.105137456,0.1258069,0.15421383,0.094305314,Italian
-232.89185,142.34975,86.14653,65.529305,-8.05022,36.395718,25.642391,32.77217,-7.5675445,18.357721,-7.013352,18.74778,-2.714948,14.988288,-14.052198,16.334225,-8.293904,15.263624,-8.20968,12.3864155,-8.896363,10.347968,-0.55314183,10.295634,-11.031548,10.510136,1951.160985,1586.188958,1820.821417,846.6857131,3622.21935,2645.438122,0.11333055,0.139314011,0.13701515,0.08950441,Italian
-208.45114,128.77574,92.08827,58.26658,-8.652842,34.094135,31.582788,33.391678,-7.6888413,17.756311,-6.364464,16.880598,-2.7789335,14.27159,-14.724735,16.752113,-8.315967,15.285642,-10.9893675,12.912007,-8.917135,10.797535,-2.4577014,10.015065,-10.559094,9.734159,1890.943991,1412.463056,1892.126372,731.3704235,3609.804749,2345.596867,0.096688541,0.121103623,0.16585208,0.095630445,Italian
-222.60638,126.22696,85.615776,60.2564,-3.5997558,36.649277,28.70964,33.970264,-7.1889663,19.012733,-6.3762603,17.80567,-6.1684036,15.711199,-16.569704,16.521036,-11.550007,16.928957,-13.579009,13.005776,-11.772007,11.114523,-3.805072,10.343904,-13.12865,10.378085,1963.699287,1493.392079,1925.23986,762.4433301,3721.01192,2536.446035,0.109689323,0.131847976,0.15472133,0.09582971,Italian
-236.00111,126.29864,85.2355,64.73461,-0.18087699,33.522556,26.528894,31.072613,-5.5497127,18.365358,-4.8060513,17.109604,-7.066005,15.681735,-14.032866,16.776365,-8.855071,14.618471,-9.555376,12.781369,-16.32413,11.895612,-3.8827374,10.615561,-10.773635,10.0541935,1983.885432,1600.00217,1908.745773,814.2256826,3719.214665,2663.574701,0.116481756,0.138755768,0.13548125,0.08419829,Italian
-225.56685,131.11813,88.133125,62.616158,-1.0661954,32.52578,21.518288,31.466415,-4.1228943,17.175665,-7.942479,17.97051,-7.057216,14.355736,-11.105061,15.497951,-7.5183144,14.59364,-10.549461,12.395503,-9.867547,10.32412,-1.9956273,9.506136,-13.620804,10.573722,1964.923333,1606.223926,1937.751258,770.4598653,3606.406571,2611.982052,0.109691144,0.147385743,0.15051441,0.09009094,Italian
-222.6293,129.15222,83.73629,61.1273,0.866683,31.741138,22.648851,32.395473,-4.7233763,16.933075,-6.1783705,17.866528,-5.3982587,13.177226,-11.572277,15.042745,-8.706402,14.117509,-9.645569,12.009941,-9.685464,9.974846,-3.7264533,9.977365,-12.605531,9.901408,2038.737925,1573.564099,2022.653953,775.9403728,3791.945024,2631.303145,0.115780257,0.141266355,0.15675773,0.09875452,Italian
-224.38683,133.0577,90.23491,61.597607,-4.473441,32.72881,20.819393,30.400883,-8.131995,17.784649,-5.4205565,16.792192,-5.8450565,14.246074,-12.084676,16.640787,-8.089852,14.468261,-7.8868165,12.564905,-9.578315,9.918212,-2.7626338,9.686806,-11.960629,10.368625,1866.028758,1472.894302,1861.761688,781.5305741,3465.160837,2492.48438,0.102276066,0.128583325,0.14547704,0.089433864,Italian
-222.19804,132.93448,91.71492,57.896404,-1.507817,33.203682,24.139574,31.707388,-7.386695,17.207556,-7.9312444,17.504173,-4.7958827,14.593342,-14.274623,15.746879,-7.431454,15.080198,-9.17548,12.974444,-11.604814,10.408265,-2.5805712,9.688029,-10.745539,9.992468,1852.664992,1370.690345,1942.480804,744.6463446,3543.048677,2405.669988,0.097486004,0.11952589,0.15333271,0.09093139,Italian
-237.88602,128.65977,86.02723,61.645508,0.50252616,35.59412,28.14712,34.287483,-7.472742,19.788782,-3.2277467,17.340813,-4.2998095,15.075751,-15.307829,17.398886,-9.543041,16.3157,-11.523323,14.071876,-11.401134,11.1217985,-6.7975316,10.643947,-10.322092,10.351717,1881.327298,1453.580692,1893.744136,751.4835979,3570.086964,2457.258914,0.104407099,0.125863497,0.14062932,0.0911239,Italian
-236.45847,131.37848,89.398285,63.490513,-4.399842,33.491592,25.223843,31.887478,-9.003419,19.028318,-4.3272777,17.202864,-6.1224794,15.099323,-16.733854,17.628832,-7.122847,16.12726,-10.027188,12.95906,-12.470771,11.472438,-4.0831256,11.004747,-10.590081,9.952991,1794.504405,1448.565026,1787.639977,779.4179579,3382.906687,2461.595742,0.098768467,0.124707908,0.14300597,0.09255281,Italian
-223.98451,124.50913,92.83789,62.794987,-4.378071,36.713737,25.9816,33.770817,-13.141771,18.876476,-4.735528,17.68575,-6.429887,15.197355,-19.751291,16.966011,-7.6992574,16.808043,-13.941792,13.621142,-9.925959,10.814988,-3.5777056,10.946853,-15.12124,10.490057,1905.807688,1550.246756,1828.323919,759.3798586,3578.549194,2516.035948,0.112159774,0.141101175,0.14646478,0.087059855,Italian
-230.96082,122.49763,86.502495,60.681347,-0.7039559,35.962357,28.367786,34.338066,-10.441041,19.398975,-4.640741,18.37592,-1.8593736,15.894439,-17.766674,17.191055,-13.213248,17.04344,-11.668235,13.445425,-12.691224,11.398938,-6.0557117,10.390676,-11.49033,10.510067,1965.828993,1485.882514,1926.953622,736.366574,3717.995502,2496.591597,0.106490764,0.125820318,0.14277984,0.089875005,Italian
-226.3383,132.6943,91.79238,61.589893,-6.841941,36.89339,26.755476,33.081142,-9.934803,18.76176,-4.433045,17.133404,-5.0068617,15.458263,-15.989292,16.851452,-10.017315,16.233536,-10.924722,13.810898,-10.778757,11.228584,-5.374228,10.791529,-10.307972,9.91651,1908.984659,1468.548802,1854.674114,770.3921107,3623.096186,2486.890964,0.107806796,0.126335859,0.1470719,0.090224415,Italian
-206.16644,111.495834,95.44833,56.011875,40.185135,29.71944,26.081038,23.66729,49.154182,26.629133,1.1557958,17.640972,-11.707328,16.498663,-17.046713,16.375084,-27.685476,17.314589,-6.9305644,11.726389,-20.397133,15.037496,17.13203,16.018808,-14.577323,11.33466,2244.325313,1589.135949,2636.760131,722.4304344,4575.071822,3206.993833,0.107289617,0.130507809,0.2592497,0.14381015,Italian
-198.63464,115.197624,97.84267,52.552277,34.27759,25.6739,24.868217,21.63067,49.1359,23.278376,2.5637894,16.443176,-9.819028,15.631408,-19.430193,14.7034855,-31.434265,16.17152,-3.9063241,10.826672,-19.250076,13.859901,19.218216,15.473016,-14.424599,10.966922,2229.060102,1426.69081,2671.34981,679.3997753,4711.421511,3024.641399,0.099326497,0.1111859,0.24360983,0.14494418,Italian
-198.2606,121.82801,94.31013,51.165504,31.178457,28.016682,21.984015,20.058105,45.14948,22.561365,0.2951667,17.00294,-8.982969,15.147011,-14.142872,15.347553,-31.581852,17.169909,-6.0990596,10.652223,-18.33105,15.2043915,20.903103,15.434511,-14.1503725,10.424433,2333.26629,1419.203516,2713.948682,696.2929624,4994.028791,3055.554518,0.103158834,0.105284713,0.25086224,0.15214837,Italian
-195.07388,117.826454,96.116615,53.6157,36.606754,26.868738,22.018883,23.122791,47.46445,24.312185,0.21847385,16.092155,-12.160746,14.984498,-13.147296,15.108785,-30.738459,16.41002,-6.242833,10.814455,-20.906872,14.070912,20.915188,15.839412,-13.904945,10.638264,2333.256827,1557.123737,2698.716506,647.4077835,4823.278064,3097.502108,0.113208093,0.137533904,0.25940016,0.14258829,Italian
-196.99736,108.16871,97.511986,53.391487,40.151596,26.824755,26.200268,23.973614,49.39276,23.138426,1.2579706,16.372307,-11.803705,14.989434,-15.809856,14.82067,-29.945232,15.589857,-7.403332,10.854008,-19.628485,14.624587,21.334515,15.992035,-15.162406,11.395788,2199.630623,1521.50981,2646.130034,683.6127566,4488.401336,3154.457489,0.104027497,0.12362351,0.2698659,0.14411066,Italian
-218.00253,122.87237,88.28351,56.425785,39.42552,25.954824,24.880857,20.64156,44.321968,23.006144,2.8740377,16.948566,-8.622311,15.60804,-13.610356,14.841559,-29.997128,18.519527,-7.3804593,10.707336,-17.679934,13.986382,18.78094,14.931803,-15.544042,11.146235,2468.19058,1619.011946,2742.137511,730.896198,5070.30887,3227.990064,0.115234173,0.123507517,0.24398386,0.1593012,Italian
-206.82448,112.3389,98.25357,58.08223,40.548534,30.149708,29.866785,24.464548,52.110577,29.264807,-1.1293849,18.104797,-12.252364,16.535711,-18.35497,16.494133,-27.91137,17.398169,-6.4803348,11.508671,-20.92183,15.489172,15.960023,16.228615,-13.704495,10.87201,2125.548197,1639.62904,2546.949258,713.1354236,4160.773176,3176.768351,0.105136531,0.140510683,0.28191164,0.1475346,Italian
-205.74606,107.304115,100.101295,58.93547,48.48689,30.68453,26.860704,24.77708,49.66269,28.383074,2.260501,18.855503,-11.318367,17.58716,-18.363775,16.936552,-25.359854,17.284012,-10.30217,12.266443,-19.815613,15.344535,18.024872,16.387444,-15.162158,11.461989,2114.152797,1555.47381,2619.739322,748.6274843,4309.636482,3297.513053,0.095306004,0.116917649,0.28894746,0.1462087,Italian
-209.6619,112.61093,96.20855,59.266228,49.78454,33.3615,27.530594,26.117424,44.923576,28.00585,-0.9489994,20.347033,-10.088048,18.530113,-15.872265,18.12359,-21.21512,17.215912,-11.107037,12.892128,-22.039894,16.172125,17.38365,16.0447,-14.527959,12.033874,2263.397323,1670.356289,2666.588765,731.4261555,4500.344802,3340.01245,0.110226648,0.13709157,0.28903523,0.15561745,Italian
-187.66544,111.17967,99.980286,53.84376,28.543146,27.329172,24.351004,22.03468,51.312393,24.874794,0.5240026,17.834953,-12.455462,14.821647,-20.124376,15.2458725,-31.194035,15.899629,-3.2215946,10.586441,-19.597673,14.346843,19.019278,14.873042,-15.365531,10.243162,2205.870069,1484.181749,2588.641819,684.3721597,4436.375268,3015.15849,0.103129367,0.115870093,0.2588557,0.14124936,Italian
-202.92708,112.2417,96.66435,54.937523,37.155437,27.26554,27.735352,24.586195,49.943317,26.200663,3.3079002,17.29584,-11.663998,15.985725,-18.706804,15.559695,-30.891216,15.957812,-3.11015,11.724995,-21.886244,15.123732,18.936697,15.666403,-14.790537,11.017409,2223.830144,1569.879405,2602.346906,705.9513138,4468.879307,3156.462584,0.106540104,0.128173208,0.26201364,0.14316003,Italian
-208.74176,109.28085,95.362,53.436775,41.048634,27.924482,27.169683,23.388535,52.576607,27.049929,3.977879,16.71521,-14.876331,16.73004,-18.290573,15.315559,-28.302752,15.860432,-5.393946,10.925858,-19.713034,13.535959,17.311333,15.321872,-16.54699,11.081219,2269.91739,1565.691676,2660.665413,707.0987921,4687.884221,3235.11997,0.1073597,0.128964972,0.25774232,0.14703983,Italian
-200.01404,110.12259,93.241585,54.84638,41.905334,29.09044,23.01531,22.914091,50.889694,23.756332,4.045459,16.952728,-14.949843,16.853321,-21.467455,16.704756,-27.837852,15.28981,-1.071781,10.798639,-21.722261,14.269713,18.167093,14.55731,-17.938189,12.0123205,2426.209618,1637.891559,2758.248527,694.5401381,5103.68238,3236.446138,0.120075481,0.141035495,0.26670855,0.1475164,Italian
-196.541,117.64814,91.069565,53.663383,35.677647,27.491673,25.764502,23.04285,49.1245,24.407398,0.5297578,16.976677,-11.179703,15.763768,-13.341682,15.912993,-31.18461,17.95198,-3.8923244,10.53763,-21.77069,15.994399,18.021862,15.758549,-14.510631,10.800282,2412.93326,1592.168902,2717.48942,676.6647341,5058.941581,3103.484162,0.11969249,0.142289445,0.2543048,0.14423685,Italian
-187.38211,112.81049,100.50959,55.785583,30.188536,28.568611,23.107325,22.001398,47.80462,23.380384,-1.4598899,17.771255,-9.313203,14.531869,-13.273303,14.90616,-35.06617,16.578709,-7.5880847,11.241414,-18.042416,14.527392,21.735912,15.279939,-15.097775,10.884518,2264.288241,1646.241414,2558.91492,668.7784303,4498.588353,3061.844729,0.116950688,0.150056734,0.2675523,0.14190681,Italian
-206.92519,113.54961,101.61366,62.349567,2.8473103,28.079706,20.059935,26.111921,22.544086,23.709957,-5.7924924,16.203701,12.498116,16.449472,-6.2585998,16.34379,-18.617563,15.254468,-12.435953,11.514803,-18.401066,15.381839,4.783339,11.558035,-18.094664,11.557281,1997.868577,1434.220503,2208.29969,711.7857317,3757.246652,2726.913431,0.104200339,0.122306822,0.15884236,0.08505161,Italian
-221.65092,117.90574,108.479164,62.85083,3.9994926,29.198627,22.106218,24.917805,19.43928,24.870882,-6.4408154,16.119743,13.006318,15.966451,-5.0514045,15.756882,-15.523497,16.465088,-12.174584,11.20702,-18.553291,15.581282,4.4946737,10.450926,-14.774111,11.016995,1744.031465,1331.279083,2013.768992,782.0718035,3287.7053,2659.072119,0.086975362,0.107046522,0.15714288,0.08554543,Italian
-206.97992,135.75291,87.28026,61.83016,-1.083388,29.878777,11.707978,27.46222,21.901794,27.42867,-0.6182025,18.476566,6.5224476,16.345942,-6.125263,16.866817,-20.3136,18.37449,-3.4886453,12.609412,-20.964182,16.538366,5.402809,13.706741,-16.674,12.42532,2361.190688,1396.238709,2375.244208,619.8442006,4508.774475,2621.072898,0.13274318,0.12872239,0.14091474,0.08973027,Italian
-212.62032,138.0988,89.078575,63.365837,-0.001449475,31.14411,11.162469,27.01921,16.48022,27.471163,-3.4563377,20.162958,11.550478,17.719898,1.9376694,17.442488,-21.302483,20.460705,-5.618952,12.011161,-20.68481,17.011658,9.743481,14.162909,-15.944581,12.757337,2393.847421,1397.018043,2389.914313,621.6876462,4571.189954,2649.087385,0.138561677,0.13132648,0.133592,0.0815481,Italian
-236.0737,143.74156,87.99088,62.69016,-0.46345326,29.197123,13.875289,27.034588,16.453718,26.73789,-9.777251,20.274305,11.572635,16.523348,6.605945,17.178583,-22.07241,19.831408,-8.901664,13.718034,-19.373503,17.335093,7.79546,13.853663,-14.943518,12.559181,2235.181319,1396.568953,2281.360118,722.5796136,4274.086673,2665.842798,0.123639763,0.125968633,0.12756921,0.0850524,Italian
-243.0616,145.48758,87.10141,62.613026,6.222686,27.268995,16.003874,27.130678,17.270493,27.476688,-3.853876,16.645075,10.08634,16.136848,-1.6876484,17.33723,-18.788574,17.402903,-6.925898,11.796414,-18.791246,15.990626,8.516876,14.059196,-15.084421,12.601772,1987.365901,1446.040508,2164.051881,910.0587896,3867.654608,2840.844491,0.104424356,0.121843495,0.12422429,0.08180548,Italian
-239.22498,124.313,106.28523,60.14524,2.770967,30.120926,18.05172,25.126509,18.31504,24.7523,-9.347918,16.80902,14.684662,15.952276,-6.4593554,15.182175,-15.741119,16.8064,-9.448153,11.725939,-18.654392,15.450391,4.6123652,11.561994,-17.737106,11.476243,1843.937901,1326.041482,2125.696624,765.0815689,3496.629586,2630.436717,0.091922639,0.111347252,0.1289099,0.075736664,Italian
-232.55396,120.62044,106.93007,57.38825,0.98879737,30.32679,16.111969,26.039219,21.913313,23.900833,-5.9042125,15.61402,13.126005,15.311941,-7.6785393,14.671564,-15.658288,14.93939,-9.436937,11.529752,-16.734385,15.698736,5.972015,12.268585,-19.309351,12.673967,1927.951776,1277.080946,2230.076823,730.0090744,3697.608911,2631.598682,0.093003115,0.101513478,0.12133341,0.06465667,Italian
-234.80939,124.24707,93.81925,60.660477,-10.704138,36.178482,28.221388,32.752502,-5.3882895,17.017082,-8.268628,18.13147,-6.838174,14.573674,-18.336304,16.80717,-9.294271,15.874879,-10.674343,13.230821,-10.972546,10.708315,-6.748211,10.321856,-10.455869,9.48381,1759.203356,1409.504476,1749.573855,741.9048024,3284.196168,2351.486479,0.098105171,0.12777243,0.13712716,0.084706165,Italian
-224.23792,118.70079,99.69321,62.153378,-10.200841,36.97309,29.089203,31.845686,-8.121692,17.911596,-6.767848,17.30461,-9.266252,14.969322,-18.931404,15.376491,-7.5810747,15.626739,-11.066716,13.268901,-8.567436,10.864709,-10.323645,10.691159,-7.992566,8.920905,1655.413873,1388.237825,1656.953189,771.2624544,3100.673791,2348.587884,0.094620846,0.1219606,0.1574906,0.09223356,Italian
-231.5871,113.84699,99.44295,63.021156,-8.412938,37.546005,27.825354,33.15847,-9.16586,18.59977,-7.673461,18.081347,-7.0339704,15.275839,-17.941109,15.859051,-11.362362,16.154936,-12.185905,12.915552,-10.494374,11.015214,-8.110611,10.233439,-8.813045,9.167801,1683.856829,1423.048503,1662.113494,756.5061302,3111.382802,2371.834339,0.097003816,0.127361209,0.14015134,0.07646018,Italian
-224.80777,114.75355,96.26656,60.73904,-9.228798,37.61546,32.77486,33.8896,-7.310768,17.936638,-9.270402,18.319918,-5.6043696,15.206905,-18.822672,16.756998,-11.461887,16.18699,-12.661728,14.636716,-10.341959,10.745527,-8.226074,9.758529,-9.766007,9.20152,1693.256765,1393.538562,1679.566256,740.9233693,3184.870733,2330.372463,0.094120064,0.124151086,0.15602915,0.090131775,Italian
-230.80469,114.50623,98.61313,62.433743,-12.199018,39.101097,32.03439,34.190083,-7.6034245,17.799257,-7.500169,18.407501,-5.6950464,14.998919,-18.307468,15.907117,-11.92567,16.752102,-11.979226,13.176696,-10.239258,10.633673,-10.155808,10.567159,-9.5883045,9.086144,1747.040051,1412.123886,1695.465621,716.9812568,3262.636903,2306.850664,0.097134188,0.124702635,0.14463812,0.082033835,Italian
-244.63275,132.21281,87.79132,65.67614,-8.845274,39.466217,28.434748,34.204384,-10.975758,18.356884,-6.0390177,17.453707,-6.080157,15.361059,-14.54053,17.225061,-8.00161,15.214381,-12.11857,13.793516,-12.977171,11.493895,-7.913898,10.916348,-7.7896776,9.705141,1871.717084,1548.236225,1747.269089,782.7447198,3457.685918,2515.883918,0.108373865,0.139418218,0.12535499,0.08147385,Italian
-228.0652,116.730225,95.36532,62.472427,-10.211088,36.798237,31.151196,33.69469,-6.932997,18.36435,-5.7452407,17.026333,-7.957586,14.615174,-18.40216,15.960107,-11.086593,15.433153,-12.068202,13.633026,-9.696417,10.812574,-8.756341,10.160188,-8.222481,8.76638,1712.789823,1454.090649,1671.509933,789.6183293,3242.741506,2419.608891,0.098238326,0.12779459,0.15033568,0.088930614,Italian
-249.16733,136.11029,86.42314,63.855446,-8.880571,35.637066,27.925102,33.986393,-8.534359,17.612507,-7.852444,16.921288,-5.7475405,15.211946,-14.067027,15.519252,-7.7230577,15.341458,-11.335365,13.466076,-8.355482,10.091485,-8.349346,10.604916,-9.274527,9.533006,1708.707463,1455.160765,1651.944366,815.5976871,3178.111942,2379.50423,0.096214464,0.128842088,0.123205945,0.083900094,Italian
-229.69246,124.40346,91.33218,64.08311,-7.877789,33.35324,25.460327,32.05602,-5.7826376,18.424812,-7.4436874,17.895128,-6.675796,14.294931,-16.699947,17.047651,-7.135664,15.062511,-11.858592,13.03507,-10.873263,10.612293,-7.6333504,9.84578,-10.562783,9.285766,1779.151919,1517.924612,1743.440057,783.1116644,3295.384826,2476.750336,0.105871015,0.138516381,0.1445656,0.09301081,Italian
-229.21617,117.74785,93.70414,61.413445,-6.516713,36.506287,27.602919,31.9804,-6.2719994,18.15034,-7.6987367,17.962362,-7.172561,14.506651,-16.22927,16.578785,-8.443097,15.702661,-12.234277,13.628264,-9.742588,10.830391,-8.413788,10.486659,-9.747476,9.56745,1824.944087,1455.66645,1830.691993,738.8274011,3421.448305,2430.383079,0.103689003,0.133136362,0.14577441,0.08617596,Italian
-236.19751,133.26823,95.08722,64.66549,-13.570899,39.49016,34.385624,35.0225,-9.937769,20.26474,-7.3123865,16.430296,-7.567908,15.987554,-16.595118,16.920214,-10.358402,15.89308,-13.235283,14.371012,-7.12213,11.538227,-9.316109,10.569323,-10.146218,9.5943165,1856.561107,1426.619773,1774.36406,782.017121,3528.231844,2447.847604,0.104392918,0.127344011,0.14294375,0.08819664,Italian
-231.77151,122.5979,100.242935,61.863693,-11.7982435,36.64493,27.94993,33.074978,-8.250187,20.022242,-7.0173483,18.186716,-7.4361544,15.23993,-18.70417,16.020046,-10.051158,15.436465,-11.488925,12.80164,-7.3729587,10.291015,-9.565329,10.2411175,-10.53664,9.819383,1805.189508,1381.998128,1807.928702,784.0931149,3415.55678,2458.393193,0.096508903,0.119623151,0.1452372,0.08528872,Italian
-221.24922,117.8021,96.288864,62.069424,-12.76444,37.430367,29.363125,32.95085,-5.7716513,19.671232,-8.683524,17.431332,-7.1405864,16.220587,-21.836052,17.149899,-10.7927475,15.383509,-11.716281,12.878911,-8.868199,10.211923,-7.2030396,9.3982,-11.978988,9.8935585,1842.877029,1405.403625,1828.773311,804.9722484,3501.133916,2486.067269,0.096397705,0.120077835,0.14947072,0.08512863,Italian
-234.38513,129.65306,88.14732,68.01283,-12.120428,38.60443,29.13545,33.371445,-8.926211,20.012436,-5.981479,16.771013,-5.1567125,15.269382,-17.293043,17.343628,-10.967601,16.727356,-11.006476,13.2137575,-7.6771474,10.786335,-8.770364,10.450048,-12.027078,9.819653,1924.798025,1548.701928,1799.120172,812.0942126,3594.244087,2577.428861,0.111238133,0.139597661,0.13419361,0.085412405,Italian
-238.74306,132.3963,89.32725,64.87901,-16.74327,40.341682,30.864544,36.3557,-7.8013167,20.057709,-7.4061246,18.095081,-4.6369977,15.384981,-20.100433,18.134594,-9.819034,16.811108,-11.107145,13.58532,-9.700746,10.828622,-7.854895,10.4023695,-12.03019,10.506709,1894.508847,1454.264569,1782.424964,777.6582096,3518.334846,2447.608681,0.105336834,0.129954703,0.1335957,0.08339055,Italian
-220.13525,114.86708,92.74254,63.235165,-9.27685,37.578068,32.02114,35.842815,-6.248089,18.834026,-7.40688,17.237928,-4.3236513,15.665448,-18.428173,17.084854,-9.723126,16.45499,-13.315849,14.173093,-11.015431,11.155584,-8.897022,10.368021,-12.188063,10.18258,1925.246406,1468.018718,1895.970412,760.684492,3649.579611,2496.512394,0.104754982,0.131922823,0.15044194,0.08457825,Italian
-223.4079,114.54768,100.021645,63.941376,-4.6609344,37.974613,31.702415,35.607502,-6.057571,21.346233,-12.915268,19.181784,-8.863095,16.26197,-16.359945,16.131695,-12.367554,16.392218,-10.963317,13.210517,-12.12221,11.5434265,-4.6234694,11.029269,-11.53985,10.442085,1812.187804,1455.807402,1812.027338,779.5918991,3437.698042,2520.712613,0.102291085,0.130175704,0.16120385,0.08955409,Italian
-231.30804,130.22258,89.41829,65.96406,-8.666223,36.211956,31.326643,35.573658,-6.9020295,18.353638,-6.6122837,16.779905,-7.718289,15.319136,-18.537169,17.305218,-6.16668,16.26476,-11.335236,14.067928,-10.4449215,11.346433,-7.7239184,10.253482,-10.818446,9.863355,1950.408101,1543.541974,1869.91594,836.3929018,3687.371279,2618.710193,0.111234023,0.137231951,0.14532597,0.0917206,Italian
-249.77164,128.40547,89.94518,67.9293,-5.933252,37.029762,31.326954,34.06358,-9.2623625,20.178028,-6.00074,17.263872,-7.398272,16.015476,-16.159931,17.009949,-10.229494,15.707538,-10.93451,13.932504,-8.939149,10.711867,-7.5229745,10.8695545,-10.426061,9.979748,1950.818998,1642.288155,1811.624045,801.7682842,3640.96129,2651.525281,0.118996487,0.149683136,0.12590711,0.08185172,Italian
-230.63693,119.79364,96.89732,62.97022,-9.58743,38.837547,34.59348,36.39596,-8.254486,19.25636,-8.828294,18.024914,-2.907484,15.219734,-19.045362,16.37187,-10.639688,17.162724,-15.506271,14.524666,-9.374186,10.928147,-8.769636,10.063287,-12.57615,10.4105425,1829.077439,1418.356439,1820.115559,761.3339296,3476.558568,2439.912243,0.100680676,0.125110367,0.1491771,0.08757513,Italian
-224.38255,123.09431,86.142624,63.01655,-2.4707367,33.105194,25.493752,33.283806,-6.942981,18.30797,-7.1124377,18.374153,-4.4379015,14.879825,-14.969855,15.89465,-11.623328,15.756835,-10.642927,13.983621,-10.668378,10.906068,-2.7858744,9.938847,-11.856161,9.960214,1977.134908,1566.362231,1938.928421,767.2837431,3683.214452,2569.042408,0.109175332,0.141432141,0.14663608,0.086440936,Italian
-220.04344,127.28062,91.03729,61.044476,-6.770134,35.858112,23.998138,32.29466,-8.897281,17.253525,-6.667709,16.412724,-3.5729656,13.811617,-12.27516,15.254116,-9.860441,15.047254,-12.515597,13.138619,-10.48849,10.277599,-2.910917,10.010263,-11.232627,9.597095,1894.075148,1527.098926,1865.48398,777.4241803,3541.260259,2530.702594,0.104373135,0.136176164,0.15638289,0.092674576,Italian
-225.20964,126.9093,88.703835,65.15667,-4.1463656,39.041145,29.914486,36.428474,-9.338701,19.239172,-5.0824327,17.308802,-2.642578,14.805578,-14.0743475,16.902473,-9.406431,15.7008915,-15.079339,14.7913,-9.29384,11.619449,-4.1679673,10.621663,-10.016518,10.127826,1926.117029,1591.891035,1839.173301,796.7025505,3616.34639,2592.19786,0.107500643,0.138097747,0.15939444,0.09559903,Italian
-272.2356,108.90771,83.79241,58.94966,15.525845,29.877998,34.240364,28.545551,15.356224,18.385496,0.7335658,19.667877,-8.3447275,16.122952,-11.751667,14.993798,-9.494284,15.204347,1.0200893,14.716184,-5.191056,10.779167,2.5963535,9.700501,-14.630871,14.180038,1840.260276,1261.314781,1938.227491,535.707806,3447.090471,2139.140383,0.093787006,0.102317203,0.088836156,0.075792536,Spanish
-286.09335,102.10646,87.51018,56.38828,15.305745,27.401037,36.024494,26.983074,18.975637,17.234974,-1.2393909,19.276997,-7.9354396,15.645994,-12.280473,14.040477,-13.044428,14.948138,-1.6363646,13.383225,-6.974918,11.62078,4.463543,10.720877,-13.601783,12.788403,1742.988135,1192.937515,1903.836037,508.5113537,3235.944018,2034.040753,0.083888667,0.0977988,0.081562266,0.06525446,Spanish
-288.9378,109.91992,87.55281,59.24008,15.651388,27.840136,37.845234,28.348263,17.799768,17.715544,2.0643854,19.206694,-6.0926824,16.142174,-10.5749035,15.305719,-8.221121,15.455362,2.4551706,14.335443,-4.2717814,11.633173,2.8751202,9.779922,-13.357874,14.010632,1765.540462,1232.842069,1904.173135,507.2759185,3329.373066,2074.767499,0.084522477,0.098326191,0.08229984,0.07261383,Spanish
-274.40836,93.295975,92.83075,56.85292,10.685708,29.396173,32.860058,29.089157,17.268982,17.283743,-3.202896,18.09896,-5.55702,14.002655,-11.060392,14.594147,-13.159401,14.765267,-2.1998017,13.611575,-5.094557,10.634405,1.7955437,10.029479,-13.065493,12.325751,1610.155973,1115.743857,1773.170851,521.3742825,3020.30786,1949.573391,0.07755906,0.086112648,0.08771507,0.06962692,Spanish
-282.53104,108.53825,89.74294,57.89344,11.82059,29.164925,36.447857,27.535492,16.349041,17.155563,-0.9515795,19.263916,-7.955613,16.674744,-11.168095,14.414416,-13.720612,15.707649,-1.5792162,13.082392,-5.372932,11.685893,2.5345004,9.801048,-13.82103,13.832345,1778.438889,1191.534917,1910.090468,507.758428,3356.157635,2000.733498,0.086789503,0.095329213,0.078289956,0.06415157,Spanish
-284.89117,101.57174,93.36976,60.08588,12.007929,30.794157,31.937649,26.624819,15.955104,17.622074,-3.1870248,18.712608,-10.982601,16.319038,-13.883151,15.912109,-9.302197,14.383241,-1.2260962,12.699523,-0.13035697,10.640253,1.4267788,9.332469,-13.388733,12.7166395,1750.062361,1207.907573,1910.544021,591.4788666,3314.840157,2241.025716,0.086180498,0.09431586,0.082424134,0.0672069,Spanish
-288.23572,108.364136,93.692856,58.137302,10.533283,29.852158,35.896442,27.846088,16.118908,17.6854,0.9372531,18.119213,-7.7921147,16.264135,-10.930064,14.031398,-10.752094,14.587401,1.7026983,13.899929,-2.2756252,10.1063175,2.6152968,9.654387,-13.78876,13.038543,1703.209029,1181.901502,1814.142333,505.6983348,3215.072226,1966.483064,0.083150669,0.093965789,0.078515515,0.06476785,Spanish
-290.87753,107.65528,89.94548,60.918736,15.376579,30.855654,35.333485,27.805908,17.523287,19.053349,-2.8583837,20.688957,-5.6220512,16.088203,-11.717184,15.546897,-10.646666,15.327748,3.2527287,12.585592,-3.4789305,12.388863,3.582084,10.244798,-12.350645,12.718434,1775.104196,1258.520997,1907.675994,567.9884041,3340.627609,2139.175881,0.085999348,0.102314874,0.07422529,0.062518775,Spanish
-300.68918,107.186195,89.64201,59.46821,8.91073,31.145828,31.469095,28.435055,16.54788,17.08444,-2.8690345,19.981483,-6.9266396,15.8483,-11.720131,14.281104,-13.139995,15.980596,0.91488075,12.918191,-5.253262,11.561962,1.8146523,10.210139,-13.372866,13.210189,1742.65432,1180.48581,1855.11849,550.4927459,3330.614283,2032.760125,0.084926719,0.093789064,0.06707396,0.057281815,Spanish
-303.79608,101.85763,94.63984,55.522038,11.033269,30.870714,30.959585,27.268415,18.40481,17.527504,-3.0259497,19.922213,-6.5786743,15.919816,-14.5603695,15.074084,-11.617693,14.937137,1.5572371,12.536344,-5.174106,11.290039,0.50461894,10.7196455,-13.7539425,13.382899,1570.341683,1086.718029,1801.310993,548.3158344,2968.653129,1971.10925,0.071524849,0.083936592,0.069226794,0.05716063,Spanish
-273.95038,134.98694,100.252815,68.83482,-1.5652235,30.035023,26.44401,27.836628,3.7626648,19.783524,4.1605225,20.503834,-7.8524985,18.77337,0.31965545,14.52572,-8.373178,18.154633,-1.6754693,15.236863,-3.732934,13.283981,-0.66208917,11.526465,-6.182338,12.178314,1530.708838,1114.319604,1781.834557,609.1306542,3036.73201,1865.580339,0.067757907,0.096245141,0.106408045,0.07946042,Spanish
-285.0675,135.72322,95.35808,69.31384,-1.4194763,29.202778,27.335161,27.698689,4.9214015,19.619652,4.379886,20.402216,-8.49318,19.854715,0.44281074,14.9846115,-8.079297,17.448004,-1.819136,15.425995,-3.9898338,13.184464,-0.003878079,11.167067,-5.509268,12.128641,1588.144314,1178.691319,1815.372365,615.7709882,3171.873638,1931.33415,0.07321259,0.103041009,0.09536322,0.07522381,Spanish
-284.49094,137.86221,99.86174,67.3246,-1.6896502,30.44404,24.813501,27.641512,4.9117928,19.55394,3.873887,20.0099,-7.6100965,19.779554,0.98705035,14.881853,-8.480154,17.77893,-1.2753502,15.885119,-3.7833614,13.329265,-1.5405895,12.17259,-5.5171824,12.150702,1457.222324,1069.588513,1760.704475,600.8321828,2879.396184,1810.040761,0.061594565,0.091033652,0.10492993,0.0809764,Spanish
-277.98862,126.84906,104.79844,68.78686,1.302548,30.928295,28.79035,29.734581,4.248549,20.337608,5.2760687,20.943197,-8.473149,19.431274,0.5210118,14.42138,-8.743889,16.588509,-3.657489,15.221462,-4.785445,12.810984,-1.6193421,11.704559,-6.111538,12.065223,1536.971691,1192.890971,1730.21892,595.7493508,2971.846991,1923.503722,0.071186447,0.097563529,0.09695494,0.06693283,Spanish
-270.02066,98.998,85.184105,58.02488,8.191023,29.932953,29.852276,29.070326,16.622343,16.947084,-2.841066,20.521912,-3.2502394,15.029455,-9.513076,14.118397,-10.427385,14.057436,-1.4630411,12.690089,-3.697865,11.157061,5.2067857,11.193459,-11.932737,12.718251,1907.39601,1223.154605,2029.517689,520.5400841,3552.910347,2095.654982,0.093276085,0.100999917,0.07685182,0.063543186,Spanish
-278.89236,93.9477,89.493454,53.256355,5.2356505,31.22064,36.786564,26.109747,14.421878,18.014177,-0.4068187,19.175245,-8.811722,15.358777,-12.300967,14.37087,-7.301757,12.66281,-0.9297393,12.852375,-1.9976302,10.050635,2.1896524,10.07733,-12.2441635,11.660276,2036.741968,1111.852536,2149.441862,574.2653604,4091.184887,2124.690506,0.088287085,0.08783358,0.06814929,0.058531787,Spanish
-273.40387,96.83257,97.55548,55.738297,4.3668475,32.261482,29.964935,29.461435,15.945297,18.313673,-7.298048,21.176102,-2.723569,14.811486,-11.468626,14.530868,-11.974361,14.668066,0.00808051,13.053838,-1.5147126,11.402616,4.5739923,10.818154,-13.553513,12.52617,1742.247258,1109.370781,1928.473627,514.1451388,3238.616046,1979.458907,0.083098624,0.091559259,0.07691433,0.058950234,Spanish
-279.07565,96.265495,92.592766,55.274677,8.367935,30.484241,32.246887,29.09073,16.631332,18.963812,-3.2596672,20.004305,-4.124721,14.805304,-11.096618,14.491868,-9.819017,14.540592,0.19761224,12.015649,-0.72401,10.951331,2.2345748,10.7705765,-12.019602,12.113427,1727.919932,1131.311291,1905.142409,505.4296747,3208.73467,1942.05169,0.081730461,0.091316153,0.074381076,0.059976388,Spanish
-272.21213,98.91191,84.6413,59.324776,11.887489,30.496819,32.712147,28.655184,14.371692,18.583433,0.17202193,21.028904,-4.362478,16.204554,-9.784135,15.282637,-8.328417,14.325116,0.72415,12.439986,-2.1184058,10.98474,1.2992426,10.241877,-11.150318,12.669002,1820.053153,1289.053326,1909.000891,549.3914407,3387.192396,2183.547568,0.090058409,0.103887755,0.08330304,0.07585804,Spanish
-265.69037,97.691536,91.2789,56.201206,1.5103847,30.10976,35.006798,28.190817,15.453349,17.519758,-5.2639356,20.54036,-6.430648,15.183182,-13.518247,15.452618,-10.379685,14.074082,-0.21028997,12.827233,-1.4957134,11.506444,2.7451184,10.06379,-13.740805,12.557629,1833.794159,1158.176798,1921.249013,502.6509563,3409.441217,1950.648114,0.090007906,0.096755292,0.084071815,0.0679388,Spanish
-268.51886,96.552315,94.95435,60.495724,2.5881276,31.193985,37.987644,28.824423,16.6507,17.488123,-3.2893455,19.428743,-5.771536,15.520924,-11.740786,15.602153,-9.643991,13.216721,-2.0354137,12.698275,-1.0881063,10.089938,2.3295786,10.103533,-13.69429,11.964659,1733.83061,1174.296648,1827.884601,526.8774688,3247.693004,1961.257706,0.082732776,0.093411757,0.0844624,0.06466275,Spanish
-246.12773,94.210884,89.31933,54.908684,5.291062,28.1282,27.598068,28.813389,15.541996,18.108036,-4.9663596,20.2388,-6.7516913,14.762753,-10.63262,13.265441,-10.756553,13.823173,1.466714,12.973583,-3.7727938,11.01219,4.5432253,10.716551,-13.801749,11.868673,2149.543168,1161.554832,2278.930444,516.524606,4176.170764,2206.03234,0.095209786,0.095805778,0.08392172,0.06269624,Spanish
-275.26126,94.961685,92.73808,51.91535,9.980896,28.67981,31.653221,26.752567,17.165768,18.468006,-3.700309,19.979956,-6.6487665,15.857792,-11.776218,14.780283,-11.130756,14.0441885,-1.9273517,11.791434,-3.758097,10.760676,2.9984329,10.43318,-13.091357,12.199371,1985.514378,1142.639034,2208.333291,567.5968211,3934.403105,2270.006314,0.083296724,0.089478685,0.07766561,0.06474291,Spanish
-257.27432,95.21634,90.46993,55.92797,5.066011,28.614962,34.9789,26.778526,16.58647,17.700737,-1.3620498,19.4677,-10.518091,15.607302,-12.345221,14.650988,-9.623733,14.428725,0.43707243,13.013766,-2.9228668,11.235537,3.6470063,10.665937,-13.912234,11.7626915,2098.753727,1227.702875,2177.163976,567.6912542,4083.169788,2269.594487,0.09757379,0.100557113,0.086199485,0.067859076,Spanish
-289.69266,86.00754,67.6535,56.004974,50.246204,30.111217,24.203684,26.584694,18.154593,22.81168,-17.332027,22.359722,-23.934526,17.877733,-13.455506,13.485477,-34.57417,16.244156,-12.9800625,12.200221,-15.501307,13.827664,-12.743667,9.315398,-17.897396,9.767571,2314.590402,1912.286467,2434.388975,751.1544261,4351.659271,3247.489386,0.121052359,0.164200084,0.117470406,0.09494879,Spanish
-292.3758,96.70585,72.652374,60.014473,53.95709,32.75543,21.433126,26.268906,23.65992,26.231796,-19.109314,22.193804,-24.376106,20.181145,-18.458336,14.254977,-39.070854,15.380359,-8.534979,13.625283,-21.096758,15.30826,-7.1364713,10.730718,-15.763352,10.897924,2705.508691,1958.914338,2721.173445,695.7998435,5590.919358,3153.997475,0.142201367,0.179842197,0.09401192,0.06409804,Spanish
-298.3247,93.57313,68.52642,56.799473,50.494156,32.054325,28.725523,27.87929,20.472075,23.161686,-20.207579,21.260191,-24.616863,18.587454,-16.793957,14.987401,-34.732925,17.0288,-10.261175,12.523685,-18.088362,14.774112,-13.677505,10.417212,-16.22348,11.174265,2267.137422,1854.802956,2461.604857,745.2186675,4389.765669,3217.572349,0.111551393,0.157094191,0.12392132,0.09533981,Spanish
-303.52295,89.48674,72.10088,58.358692,48.978954,29.483458,29.887133,26.854269,18.38601,24.782341,-19.623749,23.273643,-22.360704,18.216085,-16.67808,14.297173,-36.376896,16.066948,-12.777158,13.04713,-16.836483,14.230386,-13.653254,10.023593,-16.163916,10.537621,2150.338915,1902.89722,2288.803022,792.7683601,3983.767986,3232.39705,0.114079495,0.163979226,0.10876268,0.08322235,Spanish
-291.2942,86.751526,71.197266,60.317753,50.788086,32.289455,25.22576,26.040882,19.320509,25.204855,-20.890629,22.454508,-25.60259,17.536898,-15.5743475,14.018361,-36.401257,15.486366,-11.561599,13.042249,-19.284845,14.977858,-12.444385,10.572246,-17.717844,10.370194,2347.205678,1909.508812,2462.02207,763.6952632,4563.442528,3212.093275,0.118427262,0.166102724,0.1166779,0.086426824,Spanish
-315.02515,93.03721,78.15642,63.002033,53.200314,33.816387,24.210495,24.654436,23.142744,24.326117,-21.873764,23.461758,-23.404972,17.197716,-14.593079,14.237539,-35.45252,16.277567,-10.735265,13.661258,-19.068703,15.022954,-10.482848,10.374684,-19.380241,10.0783,2374.322664,1992.050003,2471.688189,798.6785665,4547.112921,3363.231451,0.12407109,0.173152896,0.08899408,0.06334867,Spanish
-284.10672,92.80522,75.30591,55.885128,48.252537,30.403248,26.90341,26.063126,22.699942,24.781305,-23.667433,22.310492,-25.258404,18.643055,-16.507492,12.987004,-38.36769,15.686757,-10.374927,13.0907755,-17.712652,15.880683,-11.82174,9.612297,-16.956247,10.297737,2245.296667,1806.622454,2473.042003,708.7653049,4350.864586,3099.748565,0.109733559,0.154676499,0.1269324,0.09241351,Spanish
-287.94998,92.75373,79.571075,60.51894,49.18006,33.249054,27.970953,26.729366,23.726524,27.586323,-25.513739,24.560577,-23.98825,17.612968,-15.355057,14.1599865,-39.969383,16.770735,-10.551989,13.9995,-19.048489,15.264931,-12.294311,9.873394,-16.737522,10.180046,2348.636673,2059.782443,2341.448148,722.063029,4136.262651,3205.365148,0.133654838,0.180190405,0.11833066,0.08369863,Spanish
-335.94363,87.84653,62.62654,61.300663,60.116592,32.219406,17.67256,25.66576,22.636347,21.9871,-11.255593,19.70622,-26.512215,18.227339,-14.969672,14.943767,-31.32241,14.666628,-11.289565,12.693585,-19.442104,13.289224,-6.425047,9.854382,-19.643702,10.806107,2803.789143,2045.778165,2747.525703,826.5335941,5825.138654,3347.613003,0.149063734,0.183614463,0.06370425,0.052573957,Spanish
-327.94833,88.50955,60.139233,55.4858,55.788403,31.41977,19.371847,24.867426,25.13272,23.515915,-14.21147,20.118683,-25.167406,19.058886,-13.739386,14.264753,-30.376759,15.850863,-11.533771,12.163994,-19.885252,12.839251,-6.732224,9.656594,-18.946615,10.927871,2970.332366,1950.241223,2895.040802,764.240829,6328.986871,3120.405033,0.158311918,0.183273762,0.067882545,0.060989633,Spanish
-246.17812,101.28461,94.4507,56.272472,12.139842,28.437078,33.149975,27.20736,17.759348,16.92274,-0.4914301,19.589285,-5.915727,15.226298,-11.453637,14.737435,-7.646613,14.713729,1.2811775,13.301902,-5.020033,11.154208,4.3855543,10.651571,-13.535029,13.138246,1753.003709,1126.606373,1973.250791,551.2561199,3354.940207,2032.524163,0.079292687,0.090343848,0.114301786,0.09033269,Spanish
-249.50087,102.09131,96.08971,51.911674,12.712579,26.951494,26.701841,27.476587,17.52104,17.150442,-0.040279936,19.120415,-8.62178,15.896046,-6.9126663,12.46711,-12.476741,15.126681,3.6515455,13.148771,-3.2025285,11.160304,6.6896677,10.38788,-12.952044,12.9495535,1970.011808,1103.222986,2219.510135,544.1338827,3962.579029,2198.946339,0.085293692,0.09239605,0.09998517,0.08130097,Spanish
-247.02396,101.48838,92.8582,56.786465,10.097673,27.871483,31.500017,28.232178,17.07908,17.896471,-1.8564347,18.564821,-8.863021,15.205052,-12.585451,14.638037,-7.9153113,14.95767,1.479944,12.750717,-7.1742625,11.154918,5.6060505,10.256797,-13.955056,13.255583,1749.749698,1099.158725,1955.357951,507.1425397,3304.986291,1977.635932,0.080856855,0.086452477,0.114391394,0.08719823,Spanish
-250.33237,105.525856,91.20971,59.083252,14.0339365,27.338476,29.996555,29.681528,16.52284,17.378794,-2.3556597,18.785406,-7.9855056,17.079218,-11.451869,15.249294,-11.648243,16.071821,3.098787,12.643914,-6.8185925,12.319522,4.0202265,10.534814,-13.468716,12.978416,1770.411131,1201.48024,1973.70746,548.3804608,3322.435154,2155.343621,0.085069162,0.097720956,0.11723916,0.08894983,Spanish
-280.40295,111.98062,87.42305,58.504944,16.239567,27.008965,28.684858,27.969995,18.327795,17.835068,0.7972564,18.187302,-5.0482745,17.136864,-9.494781,15.6428995,-11.288433,16.175833,2.6094377,12.278508,-4.313643,11.229122,2.623338,10.539298,-11.307591,13.625321,1648.496658,1106.135683,1932.215225,523.3163865,3169.36734,2006.038896,0.072504336,0.086631451,0.10043454,0.09611807,Spanish
-265.44003,101.681366,91.6967,58.989098,12.379577,26.811613,27.130838,28.210161,19.678465,17.757837,0.18302013,18.725946,-6.4876623,16.15036,-9.266831,13.711296,-11.879982,15.811343,3.084256,12.134738,-3.8701184,11.245513,1.720672,10.27683,-11.144533,12.48946,1638.284278,1144.887234,1868.675501,503.7864557,3046.825994,1972.660623,0.075857244,0.090536974,0.101220295,0.08359678,Spanish
-250.04312,91.94483,99.280785,54.779408,8.4480095,26.960382,31.560877,26.071493,17.607328,17.421085,-3.0911763,17.711563,-6.9810405,14.878108,-9.379806,13.235841,-9.817205,14.947711,2.045885,12.386804,-6.8061757,11.189033,3.2723012,11.464292,-12.050047,12.936985,1850.229505,1139.98681,2064.924752,586.1518686,3628.318088,2175.83173,0.080147592,0.089505994,0.09773299,0.078012966,Spanish
-261.47562,104.9797,91.719826,54.812603,14.99839,27.629143,28.40859,27.920935,17.86701,18.144255,-0.9957032,18.64476,-9.541852,16.166224,-10.426551,13.561794,-9.56549,14.648585,3.3765967,12.140144,-5.5967207,10.822346,5.124466,10.483073,-13.149432,13.18159,2053.36935,1191.565873,2264.135307,591.1906378,4070.916787,2437.425467,0.089153048,0.095319448,0.10001966,0.08365293,Spanish
-269.8943,105.06402,93.232216,51.00258,15.567286,29.011185,32.50525,25.719666,17.154125,17.109182,-0.8782999,17.24405,-9.163602,15.971534,-11.658454,14.715754,-7.261163,13.268888,1.2690198,12.050835,-5.154939,10.710656,4.9570174,10.151153,-12.646126,12.028394,2045.58964,1182.294614,2277.946073,604.3651388,4170.967262,2433.849646,0.086458132,0.09445389,0.09020611,0.0741452,Spanish
-275.99277,111.26129,86.863266,52.007217,18.077856,27.98087,35.189888,25.431362,16.989874,15.996775,0.25571048,18.515516,-7.806795,16.484903,-9.047578,14.922987,-7.607927,14.741838,1.4926517,11.576425,-3.553838,10.714829,3.7343588,9.912916,-12.259828,13.480834,2119.09718,1171.312986,2343.553577,625.8288688,4431.708473,2425.798699,0.084876718,0.091546844,0.09146209,0.080741405,Spanish
-267.26263,95.52096,91.21361,50.872746,7.1251073,27.01068,34.575317,26.608614,16.174328,16.556425,-2.66358,18.84796,-3.3682435,14.453686,-8.245968,14.3277855,-10.515149,14.668571,-1.1943077,12.036817,-2.0760546,9.977026,2.034054,10.697534,-11.322742,13.02124,2034.297459,1138.441398,2191.23381,562.3703386,4104.314648,2189.680973,0.090070542,0.093582906,0.08792164,0.07707659,Spanish
-303.43863,108.427185,81.06509,57.655537,14.071145,27.631557,29.289791,29.217821,16.312775,17.558786,-1.526695,20.720463,-4.2107058,15.596798,-8.881799,14.029675,-13.128731,14.740932,2.141075,11.815709,-5.8230376,10.89423,4.158419,10.224658,-12.151119,12.893681,1886.630554,1224.313195,2064.704389,517.8561583,3556.374944,2135.984456,0.088709584,0.099832443,0.0639693,0.058138277,Spanish
-270.1795,105.48439,77.90127,58.80241,10.159689,31.307081,36.063313,28.505783,17.969183,17.238796,-5.770394,21.871214,-10.430232,15.417109,-12.645032,15.762992,-11.224131,14.788857,3.9903607,12.665046,-4.6064315,11.003885,1.45186,10.343726,-15.697784,14.114844,2110.569604,1246.630632,2176.61653,523.3461938,3993.510231,2138.892492,0.101840104,0.103949873,0.083912544,0.06948955,Spanish
-276.74466,104.70285,82.46272,56.600517,10.18086,30.406542,31.718618,29.036953,19.430538,17.75366,-5.617933,20.619059,-8.545172,15.982734,-11.123572,14.954033,-12.298793,15.184978,3.053505,12.371519,-4.3254676,10.414625,0.4684795,9.960305,-14.776051,13.620252,1817.107056,1178.495972,1968.73604,532.8552263,3418.140908,2067.462318,0.087608008,0.095679113,0.08294576,0.07032979,Spanish
-258.22955,104.09304,91.68622,58.105827,7.038964,30.818287,35.253464,28.24124,17.9732,17.144125,-9.455132,22.321112,-9.672738,16.445885,-12.108893,15.130795,-9.286879,14.73219,4.261872,12.524806,-4.5938897,11.129441,2.4597983,11.0982275,-15.753252,13.82914,1804.940142,1190.342852,1907.414591,525.0353711,3320.414182,2052.121212,0.091742022,0.095784976,0.10016636,0.079618126,Spanish
-263.38147,103.276726,83.88781,56.397297,8.224556,29.144432,40.36663,28.706749,16.52443,17.809036,-9.052139,21.356789,-8.855865,15.541632,-7.053323,14.604855,-12.421815,14.433836,1.1799451,12.552178,-6.783215,10.855688,-1.6637632,10.439934,-14.530273,12.725546,1859.357133,1150.473747,1957.628173,469.1144428,3489.778421,1904.475572,0.089938062,0.095538653,0.092494465,0.07768489,Spanish
-293.44882,114.05148,86.458435,56.87304,12.759295,28.02468,35.801296,27.712612,10.102995,17.941856,-11.898168,20.612154,-12.080508,17.84376,0.89351064,11.39289,-6.2759905,13.44443,1.0635681,12.952242,-10.430211,12.361073,-5.7109876,10.363644,-16.820904,14.453425,1823.150557,1182.849654,1951.735784,460.8585902,3430.71962,1972.962622,0.089262514,0.101155922,0.07583494,0.067713335,Spanish
-281.95148,106.486374,80.19098,51.40659,12.534274,29.752613,34.644745,27.400013,19.704544,16.30034,-1.6373754,19.386635,-4.6692104,15.711101,-9.154489,14.486902,-12.060385,15.693913,0.4420458,11.421729,-8.26357,11.011826,-1.2877,9.940773,-13.84451,13.27833,1695.834872,1034.577912,1925.727001,481.7091952,3279.123565,1810.206458,0.072084071,0.082998846,0.08653964,0.0754054,Spanish
-283.48077,97.28363,81.912636,58.13637,7.642683,30.881529,35.750267,27.999891,16.053925,16.432566,-0.5518194,18.387552,-3.5226498,13.999127,-8.656782,13.382971,-11.737855,15.007638,-2.3311193,12.300325,-8.312354,10.565065,-1.3377931,10.418241,-12.273542,11.90871,1792.420695,1197.611018,1831.200895,511.3510238,3348.498471,1981.515729,0.088347928,0.095817126,0.077755086,0.06574019,Spanish
-276.31406,99.03687,90.87131,55.72447,13.822107,29.67721,31.526587,28.13526,16.692871,16.594296,-1.5656395,17.642094,-9.27136,15.077246,-11.2814865,14.288354,-4.761151,12.668164,2.3424501,12.182927,-4.689168,10.829028,4.4414425,10.043669,-14.293926,13.31104,1809.53189,1158.207244,2037.017986,533.2131947,3458.328839,2141.565579,0.080579657,0.090797826,0.079527475,0.06455002,Spanish
-270.9503,97.338745,79.09003,53.966106,52.680904,30.13043,32.011982,26.711824,26.464624,24.95126,-22.773357,22.536564,-29.110899,18.198532,-19.10053,13.1158905,-41.95294,15.977402,-6.6833377,14.455572,-16.185467,14.838651,-12.247735,9.531656,-16.95861,9.783476,2220.190447,1730.887532,2520.138747,636.4203091,4369.225558,3068.173182,0.108233385,0.145302173,0.13162842,0.08845847,Spanish
-299.28757,93.774666,70.40013,58.32802,50.24809,32.23859,22.316166,27.306694,16.029753,23.463247,-13.191294,18.93833,-26.406517,18.538296,-13.737736,13.258317,-35.072144,17.295069,-9.109328,12.457006,-19.071552,14.24137,-12.739763,10.195184,-17.054132,11.140812,2442.720371,1913.385989,2510.182657,702.6637974,4768.787472,3164.35624,0.126905384,0.168974889,0.09975604,0.0846151,Spanish
-294.25598,93.868454,67.860435,54.019054,50.42492,30.630888,30.752764,29.102985,22.37386,25.553621,-20.3923,22.908276,-23.390875,18.341015,-17.415712,14.522415,-38.874844,18.024418,-7.9128413,13.065665,-18.14639,14.580425,-9.375558,10.304876,-18.248026,9.873315,2407.189355,1752.00678,2615.518397,637.4278033,4853.006585,3002.89142,0.113933286,0.149060282,0.098019734,0.07393653,Spanish
-272.52145,99.52176,72.62374,60.706985,49.07687,31.324474,29.654955,28.24195,28.900808,25.923807,-24.915203,24.066195,-26.948332,18.686325,-15.267692,13.975035,-43.44886,17.749716,-6.812452,14.027892,-18.004395,14.555564,-9.260821,9.25084,-17.769983,9.978297,2635.940377,1946.563744,2637.791034,644.4375876,5145.753855,3083.640957,0.138479261,0.175423769,0.11908412,0.07979292,Spanish
-308.76663,91.329544,79.080315,61.845573,51.11437,32.567677,19.869637,26.71012,23.171078,24.132683,-13.2577095,19.987532,-28.740187,19.116262,-16.34336,13.841078,-35.798283,15.868608,-11.582977,12.9585085,-20.58362,14.037914,-11.657676,10.271376,-17.91639,9.944533,2399.239463,1881.33036,2535.911502,738.390805,4732.169366,3201.831595,0.125398666,0.165170591,0.08218709,0.057528246,Spanish
-296.9853,95.15899,87.030754,64.69104,36.08321,37.34381,31.19451,28.643349,37.76781,33.575672,-34.014103,29.65069,-27.490128,20.530495,-13.230494,15.737715,-46.1891,19.270767,-9.603679,15.473559,-13.985301,16.669607,-14.28995,9.987522,-18.168217,10.523261,2077.936336,1936.894928,2099.929064,758.7227827,3542.003391,2915.881266,0.114527429,0.165182183,0.10914842,0.07611545,Spanish
-306.3754,89.20806,88.59459,61.588722,42.201584,35.264946,30.741497,31.477695,31.811176,29.23716,-28.066761,26.924625,-21.769657,20.803421,-20.559984,17.52681,-39.82486,18.003046,-9.517517,15.333901,-18.606613,16.722635,-12.669954,10.310764,-15.151161,10.443011,1928.916452,1839.398376,2117.245044,860.5016174,3384.187098,3041.926307,0.100466402,0.144526341,0.10902406,0.0833991,Spanish
-273.52264,97.1644,87.82534,65.391594,28.750515,38.486004,30.99388,28.617342,29.771753,30.598003,-30.97622,27.255415,-21.567514,20.14155,-14.2462635,15.524596,-47.55801,20.680649,-7.9335313,14.835279,-13.743542,17.168484,-16.078136,10.994275,-15.113829,10.826528,2034.474501,1843.67052,2053.522685,768.0056268,3594.966327,2822.795957,0.108029046,0.149538474,0.1331644,0.09274192,Spanish
-287.5939,89.878426,90.15606,62.194286,34.675198,36.515533,29.53377,27.606853,35.023445,31.778019,-31.424873,27.362669,-27.655582,20.230461,-16.143454,15.39451,-44.609425,18.442432,-10.975528,15.818184,-14.820189,16.38767,-14.629702,9.809619,-15.5259285,10.674472,1967.126694,1923.722056,2005.484988,779.6795316,3315.495393,2896.747037,0.108755033,0.156726866,0.11534034,0.080716215,Spanish
-279.52618,87.51628,77.312454,67.823845,38.748207,36.371723,32.332447,30.27706,33.027092,32.14355,-28.488192,28.978437,-26.976334,20.403524,-13.337262,16.184666,-41.54257,18.06317,-12.792779,15.484686,-16.85743,16.86044,-13.215181,10.631752,-16.51212,11.065273,2211.20001,2119.473877,2051.575547,792.4146601,3644.404986,3096.202834,0.129573839,0.181039691,0.12921023,0.09657455,Spanish
-293.01752,94.63668,52.239952,61.1276,56.116356,30.414024,25.424328,27.860836,17.921904,24.848146,-20.492868,23.481169,-24.942686,17.807348,-16.89984,13.6447735,-38.538067,17.498964,-3.6302428,15.124872,-21.257519,14.559145,-11.840514,10.844612,-19.206112,11.364992,2995.101394,2089.109368,2770.002392,676.2194695,5987.784275,3123.869466,0.16288791,0.206185228,0.109751545,0.080283485,Spanish
-318.7247,82.7822,52.313034,60.242493,66.30343,28.680994,21.6732,26.852707,23.274601,22.268242,-12.684906,19.023983,-26.190575,18.5142,-11.867214,13.122259,-32.4599,15.120468,-9.173703,11.869187,-23.639492,12.906204,-7.8095093,10.049663,-22.842594,10.206249,3150.070139,2053.816925,2934.867364,709.5800104,6517.103284,3025.793047,0.16254868,0.190534883,0.079016425,0.056480974,Spanish
-278.28088,96.263954,66.46208,52.449986,47.390762,30.820251,28.218113,28.705534,24.62699,25.564901,-24.592861,23.53207,-27.07813,19.00997,-18.003365,13.40726,-38.51537,16.89336,-7.96715,12.948561,-16.321348,15.694177,-12.807031,10.020986,-17.566332,11.235109,2498.796924,1681.780811,2743.343091,724.8837444,5470.947714,3105.332045,0.111940671,0.146276786,0.11103498,0.07982615,Spanish
-286.71185,109.37241,59.11815,62.441456,48.350945,32.705223,28.596272,27.679647,21.501064,28.781466,-19.063993,26.366789,-24.559858,20.252043,-14.195853,14.698428,-40.318848,19.836502,-8.930127,13.382198,-18.212036,14.618252,-13.308813,10.441769,-16.776249,11.84751,2754.341708,1964.841106,2646.396253,723.8151748,5474.987141,3050.968685,0.141940218,0.179366307,0.11282586,0.087635376,Spanish
-286.88815,86.69637,78.610985,61.174187,45.642197,32.89703,22.482063,28.360102,19.658627,24.460445,-17.226273,20.783373,-27.801075,18.453814,-20.409954,14.583378,-32.996555,14.286211,-11.306463,12.222837,-17.840694,15.685627,-10.57121,9.546716,-20.401588,11.36761,2399.53405,1964.642104,2419.711346,752.7593992,4530.681068,3218.921699,0.127643614,0.167218333,0.10096742,0.07466908,Spanish
-295.7382,94.16513,58.523277,60.72511,58.32426,33.90341,24.19459,28.546648,25.250414,23.41017,-18.53532,22.443329,-28.086075,19.25842,-13.053903,15.091175,-35.577473,15.418075,-9.237143,12.075302,-21.538063,15.341984,-7.929868,9.759974,-22.229334,10.304871,3128.280445,1972.206358,2906.893688,720.5331089,6523.279384,2928.116669,0.163892358,0.184124927,0.09559821,0.07198405,Spanish
-320.48972,80.99786,57.9327,57.16702,61.76851,30.12445,17.209877,25.926579,19.608225,20.875946,-10.883324,17.197493,-23.878654,16.504732,-13.450264,14.185811,-25.320906,13.507808,-11.065145,12.199677,-23.731058,12.714483,-5.6275845,9.90724,-24.467508,10.8502865,3026.607287,1946.196952,2964.456079,654.9290276,6466.982634,3006.376029,0.157162109,0.18471787,0.071701124,0.057898168,Spanish
-328.57724,96.79953,61.627525,61.94419,63.724846,30.010075,21.578472,27.716314,21.832111,23.000128,-12.8860235,19.957407,-27.956614,17.716507,-15.688832,13.818027,-26.789959,14.840672,-12.475774,12.810834,-24.377575,14.425428,-4.369269,10.574686,-27.024935,11.18517,3042.526454,2031.293943,2901.665555,663.6377933,6353.474521,3028.235683,0.161404703,0.184930899,0.07422277,0.05442988,Spanish
-313.728,91.44361,54.08562,62.534702,60.992428,31.22111,21.69553,28.401203,25.683998,23.00423,-14.495649,20.960802,-28.646494,18.962566,-13.060566,14.921032,-30.290764,16.3641,-10.692374,12.602747,-24.443628,15.071914,-6.5772405,10.014354,-21.823183,10.252504,3165.571648,2036.829472,2939.823116,693.0430914,6673.597767,2864.257798,0.167970063,0.193458768,0.08233275,0.0625868,Spanish
-325.96713,85.3931,60.697285,57.94612,68.407196,28.684183,20.924423,29.723852,24.198687,22.37694,-15.201268,19.682716,-28.91968,18.239763,-11.324478,12.23283,-33.47047,15.09346,-9.787937,11.986705,-24.437984,12.881896,-7.2571654,10.549174,-23.584478,9.983918,3014.689496,1941.194316,2957.692928,717.1921743,6522.65625,2979.755308,0.150768706,0.180043972,0.07128299,0.051675722,Spanish
-282.51944,100.93156,72.55052,64.823494,42.537228,35.554512,35.071316,27.745272,27.403116,26.673952,-19.651182,25.70816,-28.36624,20.200977,-14.813824,14.221731,-42.612915,17.45007,-6.5259614,13.685544,-17.980618,15.564447,-13.514332,9.892288,-16.506065,10.136225,2362.306944,1971.558681,2307.932367,624.0673172,4197.800525,2897.773257,0.133368755,0.179915433,0.10663187,0.075426504,Spanish
-296.5384,96.96048,77.9944,61.719334,43.798374,34.454414,33.574146,27.901745,24.780533,27.903164,-20.705307,24.052462,-22.85373,18.182852,-20.579315,15.949037,-40.704628,17.53838,-4.9005947,14.40519,-21.845404,14.869876,-9.865953,10.376053,-15.628368,10.904142,2298.684467,1809.514173,2426.227029,691.6019883,4398.431509,3013.59636,0.119677555,0.157218417,0.09858146,0.07159111,Spanish
-297.69638,93.80792,68.76834,66.653885,48.050636,31.414198,28.82482,25.18895,25.124102,25.998886,-12.543452,23.050285,-27.771555,17.87338,-19.227144,14.992963,-35.08745,16.521465,-8.101377,12.9379225,-24.132671,13.608226,-10.449926,9.016979,-18.448967,9.78354,2552.221893,2043.713659,2449.260935,695.8340273,4630.014203,3166.237022,0.145082415,0.178813226,0.09374171,0.07198441,Spanish
-306.4077,91.94482,70.03896,67.405754,47.861347,34.269947,32.51992,25.494263,22.581642,26.039192,-14.162839,24.562305,-24.025152,18.563196,-18.660511,15.631301,-36.49098,16.05202,-8.2994995,13.550291,-24.00438,14.025137,-9.755978,9.590709,-19.132141,9.50613,2462.269555,2079.24045,2329.709543,677.0071008,4343.767835,3104.005624,0.139842625,0.182360835,0.08403537,0.06431296,Spanish
-290.1607,93.79495,76.73272,63.56506,40.91452,35.814075,36.405125,27.933643,25.298365,26.432266,-21.863592,25.722063,-22.779177,18.399237,-22.39468,16.255424,-35.21731,16.328999,-7.347234,12.964003,-25.97886,14.990743,-8.868342,10.059431,-19.512121,9.109161,2329.012533,1942.640717,2320.934258,665.9971554,4198.959229,2988.040366,0.128715995,0.168664575,0.1017266,0.0784261,Spanish
-295.96884,94.28704,68.28696,65.27142,52.08603,33.424057,29.714119,25.627144,27.923714,26.055614,-14.501486,23.966312,-29.468037,18.950058,-17.286089,15.621833,-35.239292,17.909958,-5.91009,12.29551,-24.656673,13.317246,-8.7361965,9.952134,-21.001425,10.266734,2611.157337,2020.607446,2528.797936,667.6854444,4922.025042,3081.537835,0.14394404,0.180089574,0.09392836,0.068364896,Spanish
-287.49823,93.42802,76.68472,65.430435,38.98396,33.396553,33.48017,25.07816,28.619827,28.899233,-22.462793,25.530428,-26.817373,17.962305,-14.01432,15.365979,-43.06953,17.075249,-9.905063,13.793172,-20.373768,14.672505,-14.169978,9.669818,-16.30308,9.209171,2318.5312,1957.731236,2270.282181,664.4841417,4071.934032,2949.387661,0.130264751,0.173021274,0.10388025,0.076786324,Spanish
-304.61316,97.45261,72.14293,63.135914,53.925045,31.368456,26.94393,25.316614,25.1733,23.902876,-11.72686,21.761494,-26.986433,18.957823,-13.516011,13.934857,-34.999256,16.326725,-6.679723,13.709001,-25.087315,12.965215,-10.174752,9.442175,-17.731749,9.468696,2452.862163,1922.275471,2531.761972,701.2770417,4841.989482,3156.461333,0.127209605,0.170356563,0.09384422,0.06802452,Spanish
-293.9543,98.50748,81.15645,62.09668,41.80185,33.44847,31.449314,24.983828,25.454035,27.7553,-21.307816,24.1762,-24.72648,18.807306,-14.967476,13.814519,-42.053375,17.773413,-8.236136,13.176906,-18.980604,15.186744,-14.431696,9.29154,-16.135618,9.561736,2170.846314,1839.820564,2290.271315,666.9514937,3908.961094,2955.210312,0.116985939,0.157845515,0.100753896,0.073023945,Spanish
-287.04907,93.08869,70.52452,61.084026,48.80652,33.33986,27.819923,25.818361,23.559162,25.779087,-17.258385,22.766945,-26.220098,19.1637,-17.96473,14.448608,-35.92125,15.991544,-7.5799956,13.110566,-20.823076,16.22998,-9.810094,10.337526,-15.615355,10.659394,2571.170929,1930.586012,2577.768616,683.8570612,4991.920043,3105.075261,0.138186757,0.17229431,0.094998576,0.068289384,Spanish
-289.84732,143.4827,96.14657,69.819984,-1.837824,29.684288,26.913015,28.046806,4.3947134,20.065218,5.81075,20.637508,-8.475475,20.566534,1.3651519,15.320603,-7.8871374,18.401333,-0.8949824,15.325483,-3.55224,14.048108,-0.68863684,11.874947,-5.7717285,12.486678,1554.178283,1164.890509,1805.993834,595.8547149,3073.291634,1878.692675,0.069384873,0.100847836,0.09797358,0.07631794,Spanish
-294.45984,133.81299,94.955414,67.965385,-0.6740415,29.311522,24.927446,27.264456,3.626671,20.705458,5.198639,20.130634,-6.7406864,19.205036,-0.00819438,14.864175,-7.611833,16.861687,-2.056446,15.40344,-3.4262881,12.937462,-1.4733678,11.661289,-5.400697,12.139898,1498.043592,1125.348457,1759.702023,567.9673138,2949.257346,1837.770221,0.064135992,0.094802983,0.08694921,0.068244055,Spanish
-285.0793,134.21939,98.76548,69.39662,-3.4445,30.083012,25.813293,28.030693,5.531733,19.398363,4.350654,21.392712,-8.573619,19.202133,0.31487215,14.666759,-7.8636546,17.261162,-2.1775036,15.209472,-3.697237,13.566615,-0.5804531,11.116871,-6.2546945,12.531219,1525.136029,1138.776091,1749.551544,579.0094611,2973.08595,1844.711119,0.067825317,0.09742126,0.09565423,0.072069876,Spanish
-311.1881,147.69078,85.279755,70.720535,-0.1081724,28.957928,26.65442,27.273966,4.160148,19.11014,4.451922,20.182623,-7.623653,20.390278,2.215308,14.555992,-6.788425,17.513226,-2.366628,15.48343,-3.6311545,13.693079,-0.15237622,11.472914,-4.898226,12.751768,1501.077016,1179.903231,1771.900762,669.1791777,3027.698991,1922.674495,0.064369611,0.099501495,0.08911252,0.077894405,Spanish
-300.45795,109.21466,92.69895,56.510918,7.763287,31.79795,40.186825,28.019775,19.845215,17.021738,-2.510235,20.464958,-6.886412,15.596515,-13.312931,15.789601,-8.241792,14.576017,3.8394175,13.334102,-4.073679,11.593983,0.98876137,10.656068,-17.748674,15.4552765,1703.592596,1112.221986,1855.729295,522.203194,3250.944783,1957.204962,0.079408373,0.085893667,0.0735338,0.05809928,Spanish
-315.18176,115.25085,93.09128,57.839027,16.230785,29.206518,30.273151,27.218231,18.133713,16.425657,-0.13748173,20.052536,-3.8034134,15.513625,-12.369261,16.011189,-8.375997,14.856709,1.571704,11.577675,-5.0490727,11.186217,0.1268332,9.658547,-12.081662,13.312003,1406.491867,997.9284022,1699.545975,452.4018574,2681.656382,1656.098929,0.061941437,0.080497811,0.07311123,0.067337975,Spanish
-294.94717,109.0075,83.43413,55.699932,8.699307,29.88283,35.54403,27.986042,20.11818,17.319298,0.17029607,20.907158,-4.115624,16.836918,-12.797538,16.294294,-9.755103,15.49298,3.2066824,12.981082,-4.161597,10.896395,-2.2554595,10.8867445,-14.39352,14.404756,1730.592271,1132.278881,1895.331391,511.0961972,3292.472402,1955.664757,0.080394716,0.088645575,0.07610912,0.06465561,Spanish
-310.49573,109.336624,92.503426,54.153084,10.314772,31.44847,33.582165,27.018118,22.479116,17.500834,0.14964649,20.314625,-3.4294937,16.505598,-12.969032,16.852674,-10.405253,15.221167,2.9543781,12.424084,-2.5503335,11.32768,-0.9892073,10.988798,-14.380266,13.455089,1606.623587,1106.586703,1837.387108,542.659236,3018.312045,1983.584822,0.074068398,0.084638092,0.06403117,0.05569424,Spanish
-307.70007,102.29746,94.08941,51.797447,6.6033587,29.024435,35.714138,27.724989,18.40711,16.413246,-2.3756,18.539976,-4.50847,14.472389,-11.29708,14.065374,-7.217135,13.48026,1.7975215,12.504919,-5.5704374,11.157197,1.3444989,10.671193,-11.848921,14.060678,1740.805441,1048.62488,1941.0376,538.6429134,3387.766306,1955.33008,0.076991191,0.07978575,0.063838035,0.058055107,Spanish
-287.45023,105.89784,86.85801,56.060123,6.956564,30.452219,32.30199,28.703522,16.955088,18.685318,-1.3881887,19.053925,-7.7652903,15.927745,-11.96924,15.3670845,-12.738978,15.432644,2.6060333,13.034147,-5.419582,11.716291,4.438108,11.320267,-15.189772,13.949364,1913.069633,1162.388387,2045.720089,500.1438443,3638.827997,2045.880009,0.090396846,0.094546538,0.069186464,0.05495429,Spanish
-264.6427,100.64096,88.44517,55.677166,8.9212265,29.947104,37.210407,28.7808,22.79758,16.851864,-0.27811792,19.23459,-8.766661,16.038635,-11.171491,13.986542,-10.393472,14.775156,1.6178621,12.548639,-4.3532677,11.4907875,1.037535,10.643755,-12.898716,13.481078,1673.117094,1105.422534,1852.546047,511.4319572,3153.45097,1944.325054,0.076041105,0.083615023,0.09710423,0.07817285,Spanish
-313.48038,113.73471,84.25465,60.174805,12.947972,29.81979,33.102867,29.556265,18.136442,18.50047,-0.647803,20.256695,-4.3987617,16.23448,-9.114861,14.414177,-8.216465,16.883287,3.2784743,12.306935,-3.792319,11.608396,2.5873203,10.484654,-13.726099,15.642092,1669.492327,1117.730568,1864.876774,467.3508559,3159.175845,1810.812613,0.076310088,0.092489226,0.07049125,0.06465133,Spanish
-284.4555,102.62805,100.775185,53.545372,15.258765,29.493263,32.982456,26.57305,19.453197,18.528954,-2.7133079,18.534904,-5.3960576,15.272719,-13.568703,15.634508,-7.6034713,14.47073,2.7568743,12.019426,-4.3120384,11.282404,2.6683798,10.057242,-11.378948,12.753072,1472.213304,1035.096891,1760.130746,537.296728,2814.370663,1901.418747,0.065230393,0.076933573,0.087860025,0.07187262,Spanish
-306.7602,109.39873,97.44037,58.32897,11.351674,29.450602,31.38502,28.788689,17.434948,17.78522,-0.43405783,18.714592,-4.4786205,15.310843,-12.342889,15.227592,-8.073407,15.803378,2.4957066,12.828247,-5.110355,11.78821,2.595676,10.088707,-12.712077,13.797048,1550.742422,1063.494611,1772.80596,480.4624767,2947.207642,1786.480229,0.071719323,0.085495886,0.072986424,0.061938696,Spanish
-256.03885,87.28386,77.2127,57.8481,53.630924,30.78183,29.2924,25.426952,25.710539,27.072239,-22.159807,25.43475,-23.672659,18.273428,-15.8290205,15.5252495,-39.108315,16.094452,-9.465813,12.858988,-21.164793,15.872383,-12.263929,9.825989,-16.474495,11.42474,2390.949122,1784.818904,2612.994372,653.0896581,4839.301131,3113.679622,0.119594285,0.156777737,0.13786003,0.08951144,Spanish
-279.56934,94.5508,73.07395,59.32231,55.310673,30.753462,27.454895,27.610916,27.041275,25.74777,-23.819967,22.78717,-24.752142,18.377602,-14.088558,13.497381,-41.554554,16.511541,-7.065809,13.670753,-19.226711,15.783182,-11.932924,9.6007,-17.33122,11.008937,2648.083344,1838.474883,2790.144585,640.3876412,5709.5486,3093.605377,0.133079798,0.16892773,0.110135905,0.07266022,Spanish
-289.31,87.513115,67.74667,58.390034,59.787052,30.4172,21.73282,27.854355,21.946556,23.671928,-12.993427,20.848598,-24.32446,17.558186,-11.494023,14.677574,-31.557268,15.184343,-11.611515,11.424128,-20.40595,14.430677,-9.967517,10.344069,-18.39703,10.934473,2665.034252,1912.529013,2774.830706,694.0371404,5564.131973,3229.372017,0.134117492,0.172691802,0.104854725,0.07531755,Spanish
-285.69275,83.85787,66.437515,56.975098,62.396683,28.096186,23.114697,28.98978,21.755613,20.987627,-12.4182415,19.681929,-23.946712,18.833534,-11.356365,13.21569,-31.099184,14.4619665,-10.550513,12.023264,-22.380745,12.424848,-8.653949,9.059857,-18.868927,10.3510475,2631.937681,1902.936768,2775.667306,666.9824606,5497.386421,3220.043833,0.130044146,0.17009508,0.11252168,0.0839451,Spanish
-279.0962,89.01071,60.44059,57.254707,55.744957,28.224884,22.901506,26.079046,20.835972,23.897274,-10.0050955,19.29587,-25.19864,17.931988,-13.840333,13.62884,-31.546741,14.625353,-7.134315,11.977373,-22.446018,14.394631,-8.792405,9.303152,-16.495459,11.022958,2733.059914,1930.212089,2770.134245,644.7193235,5673.025936,3048.740087,0.136599047,0.1802885,0.12238652,0.09084506,Spanish
-278.36444,92.476585,69.29963,55.083485,57.00905,28.718801,25.453245,29.19629,25.170437,23.684755,-15.737046,20.627333,-29.165123,18.60872,-10.6231365,14.224952,-33.25551,14.685092,-8.850801,12.268628,-19.891214,14.448275,-11.306901,9.642804,-18.925423,10.903164,2552.624062,1760.267976,2773.723529,661.8977048,5528.485453,3058.307356,0.119567707,0.159721788,0.11697208,0.08346492,Spanish
-283.92535,86.23217,64.12976,54.159912,66.027916,28.215048,27.27555,28.63949,26.074327,22.853363,-11.9394245,19.63757,-27.298178,18.36057,-8.667177,13.488645,-32.806675,14.473008,-10.488119,11.943229,-21.634604,12.944525,-11.800113,9.43387,-19.318674,10.002424,2631.224734,1861.159955,2814.102011,674.2727,5664.600275,3195.284452,0.122744696,0.165682536,0.123200655,0.08752002,Spanish
-280.44925,86.05104,63.35166,58.924282,65.89525,28.168158,25.908024,27.234385,24.29425,23.013905,-13.89742,20.73245,-28.282787,18.772842,-12.478344,13.916691,-33.199585,14.818812,-8.986728,12.040445,-22.471066,13.293114,-11.21726,9.621007,-18.203318,10.905503,2809.993075,1970.429601,2832.773944,683.0154996,5909.842272,3184.646239,0.141491508,0.176423296,0.11607087,0.08087659,Spanish
-266.36,95.206085,76.438156,56.192677,52.729336,30.550129,31.704535,25.598337,28.708426,27.053055,-25.370064,23.566181,-23.43268,18.061441,-13.429448,14.736402,-41.786324,17.01675,-8.535391,12.942148,-20.66942,13.452984,-13.476166,9.695197,-16.400936,10.40005,2437.349042,1779.205231,2670.726039,659.9940722,5074.941337,3125.936254,0.116985672,0.157866143,0.1381428,0.09129096,Spanish
-275.42233,94.98022,74.16562,58.783527,53.150646,30.288113,28.734894,26.944624,24.970621,27.371103,-23.796057,22.112833,-24.784695,18.073502,-15.213807,14.85726,-41.20139,16.313213,-7.396666,12.4268265,-18.393744,16.157104,-13.159664,10.426506,-15.722948,11.194653,2655.007505,1854.792447,2749.811415,632.4351716,5550.084887,3061.706906,0.139576744,0.168914094,0.10902558,0.073847264,Spanish
-275.61823,103.680626,60.252777,62.32717,49.97842,31.781769,28.456577,28.949442,29.817202,28.565851,-26.62771,26.025745,-25.964546,18.743546,-10.075172,14.174097,-43.60915,20.186403,-7.165189,13.548579,-16.977997,16.210783,-8.018542,9.869613,-18.349785,11.072206,2992.080432,2003.424611,2766.381424,653.6519469,6052.940287,2981.773615,0.167003164,0.198181204,0.12050937,0.08741175,Spanish
-285.00757,105.96084,70.189705,60.16477,53.270523,31.00118,24.655695,27.86717,24.289476,27.105896,-27.273722,25.59981,-23.667048,17.7934,-11.592906,13.337251,-43.500652,20.267477,-4.8227777,13.944982,-18.177881,15.851794,-6.3052034,10.492246,-18.94514,11.196558,2655.446367,1883.458132,2694.433508,692.1426346,5509.651422,3132.305242,0.139792477,0.173279412,0.12169434,0.088285364,Spanish
-303.81204,107.48192,67.12138,64.38079,52.084816,32.0814,25.737833,26.925322,25.241175,28.55596,-25.096724,23.834494,-27.324259,18.575642,-9.887865,14.289333,-44.238136,19.882233,-6.683798,14.311248,-17.841782,14.7731695,-7.859096,10.280905,-16.995668,11.288629,2795.754272,2059.230186,2613.383659,689.9852687,5377.073879,3152.808319,0.158438186,0.193897281,0.09944912,0.07187393,Spanish
-281.2854,96.68035,65.52671,60.635517,56.762726,32.115208,26.626703,26.676014,21.9799,25.954153,-25.997017,23.797438,-24.112078,18.50028,-11.368596,13.139518,-42.698517,18.574278,-4.7055373,14.175329,-19.16143,16.053654,-6.25561,10.398146,-20.01564,11.150571,2747.447893,2045.401926,2630.27415,697.7074626,5357.349637,3219.026007,0.150679233,0.185250019,0.115104795,0.078627616,Spanish
-304.65912,104.93202,77.92481,61.618523,49.7814,33.503494,23.542141,28.378153,26.488264,28.002302,-30.54987,25.02263,-26.677137,18.797297,-11.92386,14.01131,-43.22477,19.275867,-6.115772,13.904217,-18.197962,16.323332,-7.0060954,10.228072,-17.822416,10.958223,2589.924159,1885.217242,2654.795033,699.963865,5282.709134,3169.486234,0.139408985,0.17193431,0.09532532,0.06656553,Spanish
-286.8132,108.9417,66.01121,61.102497,52.782104,34.570396,27.722786,30.83795,26.651546,28.206964,-28.646734,25.94741,-26.244154,19.125467,-9.997083,14.874181,-44.240105,20.147396,-4.050228,13.481625,-20.61002,15.90746,-7.191191,10.461392,-17.472368,10.984934,2858.149516,1884.563795,2776.662615,671.9645733,5916.12298,2918.730613,0.149089968,0.174616065,0.110480845,0.07683374,Spanish
-294.53375,98.41904,75.46954,61.21689,56.664093,31.710718,24.556948,27.526299,22.520409,28.334757,-30.580769,25.038862,-25.019852,18.06756,-10.39618,13.952165,-46.51864,19.056635,-4.3361697,13.409819,-17.519144,17.21043,-8.407517,10.49374,-17.61376,11.07919,2682.454628,1879.606463,2715.592151,645.2945296,5498.03753,3110.039103,0.143577508,0.174786018,0.10405325,0.068559095,Spanish
-303.45078,90.33964,62.225883,62.652233,59.60022,29.90257,25.187878,24.864183,23.422997,20.599697,-13.598169,20.3456,-22.565922,18.28272,-10.723232,15.054912,-30.806255,15.235829,-6.5953317,12.628916,-20.403923,13.801058,-6.605647,9.695149,-17.283325,10.412826,2905.770355,1983.292966,2843.221904,650.6169425,6071.618445,3022.736362,0.15254744,0.186738207,0.08756994,0.06272869,Spanish
-259.5198,95.80679,73.48637,64.972534,53.92056,32.187145,23.894707,25.231125,26.513613,23.69977,-18.169294,22.477888,-26.055946,18.556633,-13.498353,14.724585,-35.89578,14.392693,-5.9979377,13.226311,-19.004362,14.697034,-8.220795,9.653902,-18.207676,10.908977,2866.269129,2069.277532,2726.95411,650.6498878,5683.71706,3107.15212,0.162395154,0.192775945,0.12030746,0.07456473,Spanish
-282.81702,91.03021,73.65846,61.198555,48.44707,30.904558,26.792994,25.327276,23.861383,23.792316,-19.009989,21.209143,-19.183214,18.412102,-19.22072,15.416278,-34.573578,15.285583,-7.3586497,13.209689,-19.768942,15.97121,-6.431229,9.9637985,-13.9035,10.481727,2530.158379,1908.08591,2618.969179,671.7834835,5023.624956,3071.470287,0.134001297,0.169319194,0.10092814,0.07495756,Spanish
-286.7077,84.591255,73.33495,61.166958,48.25577,31.351263,27.36497,24.963358,26.04894,22.830935,-22.844349,22.746778,-18.481728,17.02468,-18.679043,15.776679,-36.29433,15.097423,-6.5016894,12.761693,-20.963715,15.579218,-5.701909,9.804963,-15.521608,9.6170635,2711.226298,1960.91756,2704.130013,637.7467144,5385.8221,3067.45431,0.146305456,0.173730622,0.08775876,0.060355134,Spanish
-271.47098,94.407135,77.14146,58.17456,50.505215,32.277363,23.31553,25.301865,21.77635,24.58559,-17.78388,21.737955,-21.699045,18.268724,-15.911265,14.575765,-33.09472,14.146817,-8.945402,12.88391,-17.77673,15.9838915,-7.6256247,10.108693,-18.00053,10.664154,2615.271638,1799.334714,2748.11676,635.0103797,5455.476138,3046.431758,0.135897299,0.162405111,0.10144792,0.06622851,Spanish
-315.01862,104.767365,137.47131,58.548515,20.048193,29.034548,24.511324,27.792496,-13.6480665,28.341902,-13.914417,26.846016,-19.59577,20.0983,-2.150513,12.032949,-6.1133695,11.804996,-25.375624,16.108986,-13.862143,9.727358,-9.306059,8.402243,-11.75804,8.952944,990.0421238,802.9587915,1173.781437,506.3351786,1533.055837,1577.980936,0.05582231,0.061930462,0.1124549,0.08275143,Spanish
-330.36032,95.677086,148.9031,58.216557,15.416728,32.426765,9.744943,27.395664,3.1574063,17.95178,-7.491797,19.179647,-20.8738,17.04201,-15.657372,11.922047,-13.445609,11.749608,-19.365276,11.908516,-19.065853,9.403212,-14.652103,8.056224,-3.1398737,9.395809,846.6327213,534.6881378,1038.172098,496.4219605,1356.127051,1216.486807,0.044773361,0.035801819,0.10646224,0.080651775,Spanish
-309.19656,99.18356,139.32124,60.92675,12.511518,30.871033,19.525375,26.73678,4.7618046,18.68592,-14.555207,25.303173,-20.943346,20.120663,-13.169403,13.739543,-12.148245,12.978601,-14.157819,12.245667,-16.955341,8.83061,-16.321894,8.4612255,-10.669519,8.725827,884.9540335,601.2269575,1093.178445,535.7767841,1427.99118,1388.261842,0.046675516,0.041649531,0.1315905,0.0954172,Spanish
-321.07132,104.29416,136.89418,67.17104,11.002401,30.099342,8.752419,26.760015,6.6512194,17.760208,-8.717752,22.270369,-19.3239,20.53954,-11.209507,13.048634,-14.232945,13.340588,-14.531748,11.5589,-12.985528,8.892721,-17.374895,8.656869,-8.741126,9.207331,880.5512564,519.0710402,1125.325296,570.749484,1502.866366,1257.312073,0.043041261,0.03542512,0.13026015,0.10448959,Spanish
-324.98447,100.94422,139.12624,66.72966,10.190025,29.647728,7.1878886,27.096375,2.8168545,18.974709,-10.357209,22.215097,-21.693892,20.83057,-12.918385,13.743392,-10.299076,13.697566,-14.917379,12.986721,-11.462912,8.82869,-15.988999,8.647014,-14.660992,8.418974,910.5847693,579.987349,1069.727622,549.7559053,1548.213863,1309.153385,0.047559201,0.041492603,0.114245296,0.087346286,Spanish
-331.576,107.77641,137.05115,66.23698,10.577739,31.832012,13.3428,27.199638,8.1346245,18.578882,-4.9150157,22.104183,-21.127213,20.910288,-16.26252,14.135068,-10.480603,12.867433,-15.940016,12.639328,-16.023773,9.109709,-12.999405,8.27683,-6.3114614,8.5706415,928.145766,568.8459641,1151.756721,564.1350089,1587.358032,1321.894067,0.045586206,0.036202489,0.11103865,0.09302486,Spanish
-295.16702,94.882675,54.122124,60.068775,52.66656,32.742924,23.156967,28.014708,22.661371,22.90247,-18.177382,22.89604,-24.589039,19.677086,-14.418919,14.475474,-38.236668,19.133373,-8.629919,14.138053,-20.88457,15.390162,-9.3942,11.883398,-17.472088,11.545453,2950.416802,2061.208952,2761.885502,768.9668861,6045.122482,3137.826447,0.155799958,0.197612717,0.10756602,0.08941163,Spanish
-300.53503,100.20084,70.54669,60.411343,54.61294,34.39244,26.43174,28.261518,24.518072,28.144344,-27.418295,24.6034,-22.67982,18.84149,-19.018782,14.489567,-41.308613,17.449045,-9.609095,14.993528,-22.96469,17.707241,-4.9957047,10.315964,-21.619474,10.893327,2696.678273,1910.4515,2760.145645,680.6510046,5678.625266,3152.429116,0.140903655,0.177728203,0.09923978,0.07281203,Spanish
-258.96765,140.88844,71.13311,61.68849,-2.3994725,30.845886,59.00682,36.419025,21.407698,19.624422,1.3721554,21.582201,-8.471354,19.549696,-2.7865555,16.008871,-12.248785,19.427198,-3.0804796,15.798267,-8.052286,14.532625,1.7897905,11.20522,-6.881084,13.217347,1887.496052,1176.42135,1996.596941,603.9148349,3835.905718,1916.973121,0.07591597,0.098862307,0.12146099,0.08775102,Spanish
-294.97382,146.33797,92.4428,69.35826,-1.178744,30.040415,25.163576,27.65335,2.859071,21.2923,6.72237,21.07605,-7.451253,19.886042,2.3428717,14.580926,-7.536382,18.320944,0.47550002,15.10872,-3.4591448,13.895229,-0.3398566,11.97749,-5.1549377,12.612218,1599.722869,1155.709068,1868.669744,606.0792026,3212.421736,1912.89803,0.069888861,0.100018785,0.09544405,0.08070407,Spanish
-266.47623,146.0535,67.000755,62.2146,-1.3232028,29.792295,58.22163,35.034977,21.535086,19.041231,3.0707483,20.920425,-9.364241,20.783318,-2.579027,16.128103,-11.827257,19.827347,-2.8355682,16.284117,-8.862113,15.45124,2.8355637,11.058649,-5.794999,13.292373,1980.22533,1222.004215,2073.873493,591.7486192,4048.872578,1952.980263,0.079579384,0.103580984,0.11849486,0.08802797,Spanish
-295.64194,142.08269,97.50002,71.55246,0.83710873,30.316185,27.172024,28.771421,2.3265772,21.00848,7.7295628,20.734278,-7.46282,20.362537,1.259159,15.229371,-8.60497,17.831163,-0.6573652,15.543292,-3.6114302,13.596441,-0.67248464,12.006103,-5.3960395,12.489434,1607.393186,1249.413623,1798.143217,593.8900787,3112.474631,1959.9347,0.073012325,0.106659405,0.089303434,0.06799387,Spanish
-304.3841,147.64352,92.50209,70.24177,-0.10951057,30.848413,26.31576,27.683537,3.4812424,20.217081,4.6319547,20.450512,-6.2287374,20.529581,1.7034783,15.41897,-6.861863,18.461224,-1.34648,15.315993,-3.426865,13.584467,0.018333498,11.712545,-5.014721,13.058151,1528.516804,1102.085617,1848.990504,627.4248343,3143.318012,1865.750378,0.062499039,0.09499048,0.09508796,0.08103396,Spanish
-314.02347,141.28423,90.5636,69.504295,-0.506871,29.558043,26.70515,27.507511,2.6137948,20.69616,6.5986786,20.423923,-9.927326,20.56139,0.8154694,15.196086,-8.781287,17.737202,-2.5426953,15.389559,-4.441065,13.497707,-0.18296294,11.542199,-6.8038287,13.081877,1650.022534,1263.095692,1824.07463,571.1930383,3238.600801,1976.324172,0.076129703,0.106852619,0.07507782,0.058622386,Spanish
-341.62793,156.87408,89.889984,57.21556,10.973192,25.352009,29.430408,24.66127,7.563039,18.79885,4.910671,13.163354,-0.5422952,12.765999,-5.955482,10.957712,-3.9674768,12.216876,1.1195952,10.537835,-11.652289,13.55135,3.308748,11.948559,-9.261199,8.371483,1544.071117,1088.976559,1786.413565,608.1467557,3058.589463,2140.613199,0.06989333,0.075683601,0.057537284,0.066674925,Korean
-374.85068,156.08246,93.03638,54.694904,14.997397,31.242119,29.687227,23.962364,6.500231,19.345541,6.256254,12.863912,0.96535295,11.968328,-2.1251163,10.677784,-0.4059395,11.472012,2.8727672,8.562252,-6.8409863,12.324578,3.0448961,9.005603,-7.2974434,7.975989,1407.779741,1025.466654,1688.585058,576.4240502,2704.910131,1990.358638,0.064813624,0.074685521,0.04212245,0.05357639,Korean
-337.6388,158.91649,80.27159,54.45732,14.048984,24.019756,26.90574,24.699226,5.773829,19.88889,4.330912,12.879226,-0.82553285,12.993592,-3.956118,10.615431,-4.783884,12.139634,1.2609447,10.669722,-12.260956,13.581015,3.0854588,12.992679,-10.059457,8.658942,1620.069685,1150.624787,1848.715872,586.119064,3148.614305,2155.861453,0.076434017,0.085645792,0.057544474,0.06852893,Korean
-343.54803,162.13905,83.91038,51.507675,12.294517,27.359205,28.524908,25.541891,5.520072,20.611626,5.059692,12.226256,1.0773224,12.633627,-1.9094287,10.454594,-0.36532703,11.237338,3.2477405,8.924471,-9.099948,12.480446,4.6963625,11.385866,-9.655059,8.3402815,1626.092556,1117.41179,1848.432202,568.2455053,3163.020714,2119.608272,0.076282315,0.082769853,0.050369997,0.058777813,Korean
-361.71536,158.13028,84.02179,54.192505,11.637336,26.587976,24.340496,25.040665,3.606644,18.559307,3.8203895,12.377812,-0.530734,12.355434,-3.3204412,10.436248,-2.467819,11.845303,1.236131,10.386246,-8.955571,12.575655,1.5044619,10.936563,-8.227774,8.18026,1484.596584,1022.715005,1709.082917,607.5275851,2840.654633,2012.203099,0.069146356,0.071247273,0.04674958,0.063881464,Korean
-344.62418,156.32205,78.14746,54.18858,10.574301,26.09426,26.511175,25.46709,7.0578804,19.622164,5.8302226,12.153902,-0.16907142,12.458624,-3.5388474,9.992544,-3.9476867,11.360068,3.0261881,9.425265,-8.969039,13.035028,2.8748357,11.299241,-8.453076,8.150765,1606.545448,1141.137851,1792.410468,604.8792029,3097.070749,2083.094594,0.077776732,0.085547581,0.051235456,0.066316664,Korean
-344.618,157.3019,89.81119,55.05174,10.127392,27.060709,28.01741,26.371048,6.6909423,20.342976,5.3446383,12.9386015,0.6904901,12.522561,-5.4687986,11.029606,-3.5890799,11.239949,2.1308534,10.329051,-10.09651,13.574373,4.461144,12.354729,-9.194316,8.094718,1499.186002,1055.520301,1748.186853,570.2125717,2884.46973,2048.321389,0.067299787,0.073367903,0.054809824,0.06599861,Korean
-350.0856,158.01993,76.85702,54.36677,10.792481,27.53526,28.477152,24.66505,6.3057218,18.380764,7.4185553,12.583857,-1.4673505,12.344977,-3.8288853,10.5157175,-2.2799187,11.393334,1.9592563,8.946002,-8.703155,11.8214445,3.1810143,11.085665,-9.296533,8.153168,1596.427444,1155.556482,1780.64457,573.9626991,3061.556772,2151.496335,0.078821079,0.085994844,0.049268026,0.06288085,Korean
-328.11795,156.17517,89.70092,55.14408,11.86047,27.622026,30.01051,25.778131,8.749498,20.7112,4.895322,12.836838,-0.15733755,12.675203,-3.2788053,11.3043785,-3.8190765,11.871744,3.075138,10.070926,-12.171733,15.407834,4.3352175,11.806302,-10.330476,8.5623,1551.850185,1138.979667,1782.039526,592.1246145,2972.073223,2151.291849,0.071385892,0.080360762,0.06480057,0.07160041,Korean
-351.1636,158.02605,79.87278,56.60271,6.8694882,27.369385,28.899647,25.23352,7.368485,17.653868,6.6774745,12.9762125,-1.8956654,11.896932,-5.73326,11.519348,-2.8936422,11.881379,2.0491495,9.966409,-8.781465,11.588719,1.7941493,10.94686,-8.734932,7.672482,1695.376133,1166.142551,1847.71689,589.6715714,3343.567516,2125.275521,0.081941862,0.088684133,0.047334343,0.057080746,Korean
-346.78354,150.50711,88.233826,57.45636,10.566574,29.506266,28.054121,24.503784,7.590641,18.82131,4.6802616,12.602231,0.8606096,13.231753,-4.2612677,11.227563,-3.2523067,12.100924,2.7079206,9.671796,-11.184904,13.386539,0.9573201,10.298226,-8.433878,7.714995,1540.276037,1192.217488,1699.50054,642.1365845,2933.164423,2213.119921,0.075281372,0.086858124,0.0509206,0.060071338,Korean
-361.35806,158.36371,83.50341,55.720512,9.818446,27.660315,25.638784,24.346436,5.0671744,18.238264,4.331382,12.075929,0.22801834,13.543877,-5.2846956,10.714912,-2.1819296,11.234674,1.7181739,10.896635,-11.036349,13.800165,2.8447084,12.044928,-10.099861,8.387458,1551.226433,1111.943136,1758.025626,575.5088361,2988.875038,2071.664615,0.073186877,0.081854117,0.04647815,0.057496432,Korean
-356.30887,151.03021,87.32362,55.210045,11.952847,30.718365,28.809832,23.771793,8.59694,19.098982,4.9371085,11.811028,1.5703102,12.120152,-3.5409842,10.386455,-1.2446185,11.03402,3.1315646,8.900663,-9.643665,13.300334,2.9607549,10.3848095,-8.970303,7.907064,1510.544636,1124.943949,1728.545885,586.842947,2906.347525,2118.092044,0.070264981,0.081374913,0.044682343,0.052910138,Korean
-343.83417,148.36172,85.92791,52.96609,12.199983,25.085606,24.206432,24.006586,4.4401073,19.818638,5.0167427,12.986734,0.07658571,13.141787,-6.214389,10.657326,-3.9542325,11.779793,1.4938477,11.0209,-11.314427,13.403041,2.7857733,13.392487,-11.457481,8.836102,1607.000933,1095.770682,1837.845695,596.4625799,3141.328794,2133.304315,0.072355306,0.074978358,0.051003885,0.060647365,Korean
-263.23444,143.46707,77.37261,59.425247,6.0268264,28.958054,22.838425,27.216513,22.062912,19.912872,3.1828365,13.290445,-1.9933392,15.519111,10.419494,10.802978,-11.326649,14.074416,1.1927251,11.445168,-11.36131,12.006881,4.577786,9.442283,-7.4944215,12.045952,1968.972365,1463.184065,2088.987147,654.9938935,3679.368863,2412.355158,0.098319863,0.122812154,0.14026356,0.11647133,Korean
-276.96936,149.38472,73.392365,56.365295,9.323749,27.423124,25.953814,27.577463,22.777575,19.930756,4.961671,12.78326,-3.5148895,14.962461,10.825335,10.509801,-9.953008,14.349727,1.7358882,11.159735,-10.5245,11.771604,5.451188,9.100253,-6.681915,11.402412,1961.989793,1488.532221,2103.049862,712.1892921,3795.899396,2473.108611,0.096394136,0.122841358,0.117258735,0.09706015,Korean
-295.6069,153.49069,69.63982,57.888676,7.017325,27.89022,27.879675,30.721643,19.535257,20.230738,5.7260556,12.530904,-1.4362977,13.62827,9.596686,10.943696,-8.006569,13.232901,0.31547055,11.311696,-9.560846,11.275626,4.494894,9.42376,-7.9184475,11.4599,1946.697266,1363.033052,2129.287022,625.160769,3799.020736,2329.234575,0.095460221,0.113177193,0.10202496,0.08749768,Korean
-300.28607,151.90057,69.48304,59.27942,6.8656163,28.815048,24.245155,28.64482,20.483707,19.290173,0.09910144,14.870497,-1.6247864,14.065923,9.02549,11.137773,-11.101523,14.1662855,2.7738695,10.824229,-9.857511,13.088168,7.675165,10.30705,-7.3788595,12.309204,1936.809946,1609.279966,1945.640568,807.7989846,3563.857478,2483.268258,0.104857625,0.134686296,0.09788637,0.08648359,Korean
-290.71402,155.571,72.981735,60.481052,7.7594676,26.081493,23.56292,24.902012,20.63439,18.454796,0.8828505,14.364248,-4.5469184,14.611413,10.379897,11.0493145,-12.136238,15.860526,3.7326214,10.610042,-10.537219,13.291672,7.1232066,9.952508,-5.496888,11.348793,1962.813603,1542.126004,2051.381696,617.9258772,3651.015472,2373.303618,0.104959034,0.13238904,0.10832471,0.09196777,Korean
-251.87872,137.70485,82.5431,60.917004,4.104234,28.048874,22.912695,26.152437,20.124434,18.8962,-1.5614865,14.365309,-4.381957,14.303481,8.189969,11.691508,-13.947485,14.267422,2.442669,11.087138,-11.704979,12.224877,7.2990313,10.448444,-8.730508,11.501809,2020.374728,1516.322816,2086.063409,596.3339406,3689.018596,2379.652107,0.108430506,0.132955979,0.13240562,0.10028481,Korean
-246.544,135.47139,84.17115,60.9115,1.5017194,28.370344,22.612045,25.496082,21.340157,18.447695,-0.5076605,15.321783,-4.250504,15.548412,8.418585,10.886786,-14.400766,14.170275,3.138396,11.459137,-12.678145,12.5306,7.066181,10.051592,-9.373478,11.478036,2008.634753,1538.10742,2012.514856,571.0925621,3593.495861,2314.132881,0.109174037,0.13396069,0.13286948,0.09773275,Korean
-245.76941,135.56714,77.88249,62.23414,5.381747,28.20567,27.592808,27.890057,20.972061,18.985884,-0.15691409,15.210896,-5.231896,15.310865,8.873733,11.421955,-16.357342,16.017775,3.4967878,11.653129,-11.21424,13.165316,9.674712,9.474176,-7.4426174,11.196718,2134.500479,1667.425394,2052.775652,592.9297278,3796.034761,2419.309508,0.118383263,0.144230439,0.12793672,0.09154911,Korean
-252.30894,141.53566,81.7841,61.934772,3.60521,27.558224,21.91719,26.691376,19.812199,19.395529,-1.0550966,14.529143,-2.8953872,14.359255,9.520344,11.081739,-14.868697,15.773625,3.499579,11.050928,-12.0482435,13.14451,8.103458,9.885591,-7.19676,10.984803,1933.465178,1507.692051,2032.143755,677.4585795,3499.723815,2416.426821,0.100903303,0.126535064,0.13341948,0.10258625,Korean
-276.3728,135.66595,85.833206,58.52405,8.224613,29.519808,27.284767,29.409803,23.224072,19.431152,-1.3967113,14.898416,-3.8989923,14.222034,10.194606,11.445888,-16.969904,16.299429,4.568312,11.678234,-12.383157,13.112624,8.04524,10.007963,-7.681258,11.51136,1932.757191,1474.562937,2050.180671,636.5851093,3510.81707,2360.866137,0.099789663,0.122511292,0.105676055,0.07569044,Korean
-258.36008,138.97226,80.79652,58.041317,10.574286,28.585709,26.856075,27.260237,22.234835,18.189606,0.4447642,14.7554455,-5.8848777,15.040885,10.445707,11.283142,-18.29397,18.087748,3.9421625,11.462492,-13.363499,13.542232,8.892605,9.797727,-8.623299,11.826679,1998.251362,1533.822811,2091.359926,631.6320534,3697.268134,2399.931296,0.102280137,0.133928032,0.13120936,0.0937809,Korean
-241.48141,140.01855,75.482864,61.68375,6.9829154,28.880606,27.030155,27.383886,18.307327,19.962013,-0.11625149,14.735226,-6.755081,14.284891,8.864091,11.985568,-13.8583145,14.562531,2.8114464,11.031946,-13.147497,12.84053,7.1233087,9.707443,-10.408551,11.886347,2216.362797,1588.221173,2189.647552,626.9982304,4080.145405,2510.137387,0.117595678,0.138550611,0.14703993,0.102619626,Korean
-271.40164,143.9911,80.999405,58.318188,5.6493278,26.744867,22.253447,26.298193,20.305912,19.347439,-0.10975904,14.299683,-4.820464,14.665895,8.736496,11.185614,-13.647551,14.791848,4.2632837,11.585795,-12.344598,13.206,7.2512736,9.805859,-8.210911,11.484114,2010.571922,1478.741828,2145.807492,614.1645686,3771.093671,2392.032921,0.103854386,0.132218962,0.11219672,0.08525493,Korean
-268.7504,147.15634,76.07778,59.220203,9.664803,28.054968,23.305506,27.15967,20.435404,18.005205,-1.2523621,14.896201,-4.3414025,14.497674,8.990625,11.081046,-15.910686,16.363796,4.126819,11.131948,-11.626722,12.785737,7.4949474,10.520994,-8.419491,11.396193,2007.033173,1551.317336,2119.609038,737.4191312,3812.885702,2528.768081,0.101870408,0.130106543,0.13131264,0.104297385,Korean
-268.51227,143.3478,78.33236,56.982525,9.196897,28.418554,23.712545,27.342451,22.264978,18.812532,0.65364563,15.473771,-2.2661884,16.009012,11.400684,11.398286,-13.769225,16.390295,4.9656763,11.045163,-9.86817,12.986487,8.347682,10.00537,-6.99196,11.892007,2048.414184,1575.771179,2096.245773,645.8252823,3792.522343,2437.53942,0.108429907,0.133132284,0.11699464,0.09471947,Korean
-272.7473,146.64659,78.846344,56.936527,12.493633,27.261938,24.222326,27.806068,22.853987,19.443985,1.2595649,15.187346,-3.1096056,16.809135,11.387086,11.521688,-16.151295,18.349138,4.270954,10.956203,-10.980736,13.400784,9.027923,9.500708,-7.4162364,12.543946,1933.076126,1511.694118,2088.009521,653.7936077,3610.854103,2376.864706,0.09789679,0.127741231,0.12238301,0.09749302,Korean
-269.36832,150.73798,78.91935,60.675606,10.771665,26.085516,23.37038,27.003117,22.119446,19.286999,1.3455338,13.828455,-4.9983945,14.538443,8.558865,11.093643,-15.026371,16.336681,2.7183962,11.581888,-10.598056,12.903789,7.5990405,9.940713,-8.10831,11.838263,1928.645772,1480.505035,2125.38097,697.1446891,3713.234114,2480.319334,0.096162879,0.12705711,0.13468352,0.10659222,Korean
-294.64026,149.12416,76.0943,55.205853,7.929581,27.884947,25.488148,26.528229,23.50075,18.70116,-0.7490316,14.937032,-4.6896267,14.433589,9.77024,11.332052,-13.050337,15.627826,3.89114,11.070114,-10.5828085,12.63596,8.277244,10.033087,-6.442911,11.3393955,2017.336558,1510.694785,2130.578074,725.5956183,3841.490873,2440.855852,0.103782564,0.126305871,0.09054007,0.07384596,Korean
-252.40648,140.50504,82.225006,53.9234,7.6883254,28.1793,27.161325,27.22971,24.046015,19.601175,-2.2303133,15.391624,-3.510019,14.5126915,11.242148,11.432935,-13.664033,16.246994,2.6333287,11.4198065,-11.438522,13.170702,7.5888114,10.42699,-6.763789,11.177978,1897.285126,1418.398533,2064.230727,678.4874672,3554.631344,2301.182049,0.093207395,0.118009512,0.14029698,0.11166621,Korean
-269.64966,142.27176,82.223305,54.03009,8.579168,29.509659,24.687918,28.14149,22.686531,18.242678,0.284613,14.93822,-4.014977,15.058901,9.899368,11.593029,-15.212359,17.372759,4.566326,11.559637,-11.465312,13.346428,7.39869,9.798815,-6.7406025,12.012108,1916.529838,1423.257413,2093.450101,601.4345711,3578.431271,2290.139205,0.095355929,0.118627898,0.1168352,0.08956316,Korean
-310.11353,130.42734,79.61099,60.590096,8.584718,31.046942,13.618505,30.104866,-5.6238594,17.39091,-8.553945,18.647491,-2.1454947,15.111607,-7.160143,14.518964,-14.007096,13.184484,-4.240084,13.02088,-18.195972,12.61638,-7.5903273,9.564787,-8.446561,8.672403,2102.001097,1535.994808,2089.973727,690.947776,3998.213433,2666.683172,0.10774587,0.124941735,0.09743113,0.08218815,Korean
-295.14172,129.93517,76.26172,58.34556,5.106269,31.348114,23.081474,30.912973,-6.42039,16.451727,-12.109772,19.528286,-1.6913823,13.816216,-6.9091463,13.696823,-12.263717,12.841882,-7.128296,11.581412,-18.972054,12.403257,-7.704251,9.193728,-9.190834,8.474071,2065.665099,1476.533091,2067.948497,635.9102646,3976.164318,2532.536292,0.105534098,0.12091787,0.115944326,0.09605755,Korean
-305.12653,138.02533,70.22471,57.723476,3.2360506,32.384247,21.535192,30.20419,-6.1224837,16.745815,-10.242852,19.74926,0.076098226,14.757715,-6.307965,13.550325,-12.077746,13.679897,-6.403929,11.076109,-17.94401,12.138057,-6.940443,9.58104,-9.321135,8.642811,2251.957608,1499.210781,2165.395366,613.1227356,4316.240183,2532.096435,0.117116105,0.129485522,0.10438316,0.09118417,Korean
-323.8515,131.35516,78.41057,63.95977,0.38323617,34.727863,16.407875,30.951056,-2.5354276,18.760025,-8.544638,20.169037,-0.49444732,15.134745,-5.2439585,12.72534,-13.175202,13.596317,-6.3662405,11.367895,-15.221946,12.461436,-12.562409,12.305783,-7.228299,7.5835867,2110.86495,1548.002569,1996.771131,735.6826744,4029.485116,2719.855314,0.115526917,0.129017788,0.098701686,0.08915327,Korean
-299.30832,131.97227,75.750595,60.93665,3.0438292,32.83004,17.767824,30.663858,-6.4206057,18.04635,-6.5605774,19.443142,0.9233254,14.93779,-6.961299,14.713216,-10.468509,12.31191,-6.8555737,11.625805,-17.870382,11.7055025,-9.227012,9.720801,-8.436059,8.285905,2108.716892,1523.704204,2058.084483,657.6129361,3995.03649,2644.238791,0.108744673,0.126167772,0.11567575,0.0971312,Korean
-296.52368,132.27213,71.90318,58.430496,4.140768,31.785637,20.646168,31.293104,-7.356289,17.541985,-9.870399,17.724428,-0.42413062,14.206531,-6.687681,14.024435,-11.179347,13.19437,-6.038583,11.07711,-18.537329,12.651363,-8.247185,9.174477,-9.954946,8.095398,2169.651793,1523.187279,2106.967043,638.9101694,4148.180704,2571.780032,0.112985449,0.129453378,0.1162568,0.09972162,Korean
-251.38213,136.006,79.444695,61.369434,7.7050543,32.49803,21.785446,30.952652,19.217196,21.51319,1.8173398,16.396969,-4.880383,17.346643,8.566374,12.010523,-17.46801,15.65344,3.8140461,11.922537,-11.163042,12.020149,5.951724,11.139605,-10.35371,12.336104,2237.384929,1587.98569,2186.322976,590.0465846,4107.460613,2500.933412,0.130392023,0.143128192,0.13542281,0.099417835,Korean
-241.53497,128.91548,83.25249,57.576508,8.345707,32.510006,20.866066,28.742952,20.23549,20.559402,-0.6550058,15.547521,-5.902644,16.923826,8.021367,11.733162,-18.117496,15.175327,5.564006,11.970724,-11.810854,11.173618,4.9012103,11.434868,-10.536037,12.131724,2219.703594,1622.234836,2179.006618,594.5427437,3986.09945,2557.398285,0.127779977,0.141546979,0.15087838,0.10907662,Korean
-290.5336,150.7003,70.09989,60.376453,5.0946984,28.75623,25.791637,28.465591,20.967768,19.911608,5.497531,13.492746,-3.844762,14.69358,11.651411,11.008131,-8.800931,14.500445,2.6413295,11.524642,-10.583788,12.398794,5.232977,9.160909,-5.8329186,11.337002,2288.069991,1561.117247,2243.841677,585.8011914,4286.204544,2473.432646,0.118745538,0.137573048,0.0978028,0.081226334,Korean
-264.16934,146.95665,76.13862,55.344234,1.7944564,29.187063,22.151749,28.006557,19.47367,18.954546,8.174902,13.130293,-0.25875032,14.595634,11.302654,11.235523,-7.820485,13.932011,2.4077468,11.954632,-10.121547,11.4550905,5.521083,9.071486,-6.3349814,12.22837,2219.428667,1396.614024,2260.815472,588.2572156,4275.18239,2394.721487,0.110239967,0.119579347,0.11635114,0.097673535,Korean
-257.24146,137.28413,81.171974,55.48091,4.7786236,30.238232,21.229727,28.572407,20.056973,19.278976,7.5564575,13.07711,0.3839639,15.541358,11.605988,10.807247,-9.363668,14.053087,2.7302196,11.560266,-11.071335,11.698716,6.021195,9.0604,-6.726762,11.887477,2144.841146,1499.815646,2227.55848,591.7576566,4052.141114,2504.899573,0.109771421,0.13193601,0.12484986,0.09908223,Korean
-294.96255,154.42075,73.985085,56.86222,5.9265685,28.351595,20.097094,26.834656,19.270704,20.07508,8.41282,12.675207,-1.0892161,13.933634,9.499152,10.574628,-7.049805,14.510698,1.7159255,10.103836,-9.754674,12.0149555,5.1874194,9.257918,-6.8613687,12.51344,2152.764475,1410.636242,2265.628609,684.1636747,4209.943819,2598.809031,0.104740095,0.11299856,0.111191146,0.102278315,Korean
-280.84207,151.22952,69.46128,59.07031,5.34657,29.525967,20.184475,28.344437,18.244404,20.345566,8.750787,13.91022,-1.609353,17.0399,10.799501,10.77709,-8.374754,14.05761,2.313331,10.936123,-8.35448,11.691219,6.43542,9.325628,-5.507424,12.073111,2349.155284,1620.242864,2248.886772,598.2082434,4389.229843,2502.139285,0.122235126,0.14554899,0.0998069,0.08837933,Korean
-239.80547,127.93759,80.2966,62.164547,8.683428,31.474724,25.136812,31.280064,18.500448,21.597385,-0.92800134,15.484571,-6.3162603,16.71101,8.444167,12.846026,-17.197706,15.518894,3.310228,12.045631,-12.501591,11.776541,6.2578917,11.449791,-11.13181,12.211233,2257.84984,1637.802103,2169.520596,592.0042625,4102.313012,2529.972053,0.130392468,0.147351687,0.14275746,0.09678849,Korean
-245.18925,127.64424,87.23436,56.030815,9.637114,31.23362,22.601728,28.270641,21.520763,20.488575,-1.2783072,15.729797,-6.639585,16.6779,8.047989,12.1966915,-18.753681,15.502266,5.2652864,12.357601,-11.601246,11.74173,4.9770412,11.733603,-10.701825,12.047129,2134.154529,1562.308665,2162.007503,595.3598123,3890.396755,2472.210659,0.12278647,0.141509613,0.14560921,0.101361744,Korean
-234.5593,124.26648,88.315315,56.204025,8.690222,32.14876,23.40383,31.066204,20.067734,20.912336,-2.1226435,15.183812,-6.7567983,17.003138,8.958132,11.903816,-19.157032,16.133537,4.721125,12.432121,-12.475689,12.33616,5.928162,11.501533,-10.643652,12.128263,2126.908663,1563.656958,2144.08069,567.1136071,3841.14876,2417.548079,0.118407227,0.135903661,0.1509685,0.10185802,Korean
-233.30515,127.25135,87.13822,57.721302,8.246665,31.23397,25.374046,29.129568,22.162945,21.255426,-2.3842387,15.70033,-5.798081,15.872265,7.7903028,12.056646,-18.299885,15.260725,4.0319777,12.0033,-12.201135,11.790439,6.015394,11.438358,-10.919287,12.458588,2075.64446,1492.924186,2139.303058,581.0137658,3777.898781,2417.89958,0.115135215,0.130606743,0.16647413,0.11426814,Korean
-237.49365,128.92885,85.276886,57.324955,10.1704855,32.908672,24.672081,29.753365,22.311752,20.696634,0.44149783,15.622521,-6.341376,16.878256,7.3210106,12.388988,-17.208778,15.104018,5.2344923,12.507666,-12.353542,11.700403,4.871452,11.108263,-10.424483,12.141792,2118.730387,1512.613019,2184.856301,581.0911223,3913.249425,2438.118482,0.113978942,0.127417042,0.15672944,0.10859809,Korean
-237.92598,121.32229,88.12188,54.916267,7.813943,31.624903,23.923742,29.849615,21.67699,20.425014,-3.1951861,16.265747,-6.700377,16.343916,9.4340105,12.726825,-19.318897,15.097976,4.227114,11.965289,-12.185804,12.193813,5.4478626,11.267443,-10.818313,11.544969,2151.345964,1564.152329,2143.831943,581.6326932,3849.138546,2401.308605,0.120480048,0.133335536,0.14351253,0.09758151,Korean
-247.065,126.70057,82.398,57.60933,9.425603,31.97849,25.607887,31.723745,20.242928,21.139784,-1.8248272,15.557371,-5.867458,15.971458,8.81007,12.931345,-18.914387,15.499405,4.17503,11.574712,-11.756999,12.125012,5.7866096,10.792109,-10.7128315,12.56355,2167.340041,1528.860182,2167.337184,566.9739453,3947.820112,2413.750354,0.12465771,0.139419893,0.1394599,0.100053124,Korean
-234.8567,124.49736,88.99255,56.318394,11.000317,30.69257,26.02713,29.950052,21.129795,20.472256,-1.9453378,16.270926,-6.1222277,16.178152,8.702189,12.457592,-19.406284,15.483276,3.4250746,11.479769,-12.629559,12.099928,4.999021,10.730197,-11.109287,12.0709305,2044.991365,1468.348865,2139.806794,569.5604118,3764.929097,2370.074952,0.111582477,0.130264175,0.15567654,0.10450258,Korean
-324.0528,148.30879,68.84919,61.61628,5.349907,29.116108,16.379126,32.019623,-7.131248,17.633755,-7.657718,19.026289,-0.77339846,16.78556,-7.1351614,14.27083,-12.850144,13.13134,-5.834829,12.805563,-19.488035,13.785292,-7.7027254,10.146587,-10.145088,9.109107,2440.181218,1571.477237,2255.404547,599.6505914,4637.942655,2643.287105,0.138162058,0.14553158,0.085882716,0.07782399,Korean
-321.47092,137.1414,76.49789,64.07427,3.307075,33.382572,28.220175,36.52294,-6.3933253,17.50104,-12.0353155,21.999477,1.0566862,15.629863,-8.385493,14.4782,-6.658312,13.039021,-6.461571,11.877958,-17.795483,13.590247,-9.25254,10.140586,-10.749907,10.091121,2223.823031,1581.303033,2029.752246,711.2378172,4271.775078,2687.487216,0.130584031,0.142157092,0.093579486,0.0817023,Korean
-325.97675,145.23323,81.81872,66.038345,2.0341368,34.29766,22.72684,31.6826,-5.220969,18.373913,-10.083841,20.855888,-0.5855975,14.868236,-9.944815,15.979571,-6.6090117,12.42536,-5.1806426,11.723838,-16.211119,13.361501,-8.761219,9.728706,-9.457259,9.537057,2170.186771,1576.408143,2010.749784,737.4405551,4131.198904,2763.82082,0.125136521,0.140446927,0.09287451,0.08307065,Korean
-301.179,153.3678,96.10608,55.5759,24.104033,29.128258,34.500927,26.72414,7.8932443,22.244047,4.5206847,17.394985,-4.011313,16.841501,-2.4744034,13.518398,-7.935591,10.617116,0.96840364,11.650059,-5.2202916,11.838673,5.3269725,10.709132,-9.423134,8.684827,1552.649652,1458.596493,1643.245554,763.615397,2821.720566,2400.090015,0.079411204,0.110917669,0.084752455,0.070294246,Korean
-316.7926,181.24727,63.882027,63.258537,3.1648748,27.720413,13.6767435,23.366499,7.0191317,22.011269,7.033811,15.39173,0.8213132,14.725964,7.7390175,10.703411,-11.264008,14.225171,7.7267456,10.422229,-5.9928527,12.881175,5.6868606,8.3134575,-8.7551,10.325629,2623.891438,1404.026223,2504.610443,547.8019939,5274.443058,2357.519019,0.15474738,0.122902772,0.058447998,0.060113285,Korean
-297.35587,177.98404,70.547356,63.852818,7.7766805,28.36434,13.735122,22.454563,9.129067,22.863218,8.941672,15.905382,-2.1304014,14.551267,8.67382,10.897718,-12.625115,14.655667,9.226799,11.257767,-6.8742,12.3958,4.0814524,8.14455,-9.792098,10.514789,2548.130807,1456.80039,2479.323329,534.3563355,5052.739488,2416.536715,0.14435937,0.129099249,0.06656863,0.057789758,Korean
-284.52774,174.56271,71.427956,62.22631,4.0010533,29.065998,17.953037,25.595078,7.985969,22.518068,7.0483203,15.919752,-1.0733427,14.535718,5.804741,10.399787,-11.877892,13.884163,9.504143,10.876442,-8.11721,12.70045,4.326899,8.318413,-9.756831,10.349201,2538.064813,1353.585068,2471.506692,533.543533,5087.429806,2320.442886,0.139189866,0.118618043,0.070054844,0.060768988,Korean
-290.12524,175.0358,63.12357,66.22993,3.343584,28.898396,18.110985,25.788956,8.704977,21.366884,7.0453706,15.55771,-2.0010068,14.354385,6.2317386,10.575438,-12.712395,13.203328,10.149883,11.8947115,-10.123808,13.504614,5.3415856,8.402922,-10.140892,9.819327,2695.51947,1517.537416,2480.327983,503.9074031,5246.859791,2397.970392,0.165104217,0.140693718,0.06690222,0.060810395,Korean
-298.1342,177.97284,71.422966,64.27119,2.0026884,27.6653,14.211341,22.328245,8.702463,22.264563,7.385202,15.612685,-0.9667604,13.726411,4.6851773,10.704283,-12.539996,13.652463,7.583261,10.744444,-7.425659,12.4624405,4.6847353,8.265928,-9.534393,10.151411,2434.09295,1308.823156,2423.36987,530.7559652,4873.806471,2301.004364,0.139244689,0.117028433,0.0661732,0.06009329,Korean
-290.70065,178.33492,71.6937,66.28436,6.726075,26.701536,13.026184,20.67019,8.880351,21.513445,8.722972,15.189115,-1.7016625,14.265504,5.823496,10.47432,-13.079107,14.714383,10.599698,11.794502,-7.593219,12.251371,4.9776845,7.9260798,-10.168297,10.49697,2580.899204,1429.544653,2484.133887,555.9908277,5138.899358,2477.691538,0.151364837,0.129563542,0.07235864,0.06369257,Korean
-302.69006,174.46075,68.11601,64.88504,1.4672107,26.620739,13.772426,21.923601,9.060822,21.187616,6.687199,14.175701,-0.823026,14.172671,4.627251,10.123667,-10.496697,13.070303,10.439605,11.189421,-7.6617117,12.502052,4.588994,7.875861,-9.676984,10.244666,2533.660842,1337.22882,2450.146098,549.4796817,5075.940546,2340.152092,0.144785947,0.117552895,0.06195078,0.059355658,Korean
-301.81744,177.10663,74.03656,63.374477,3.5522094,29.764652,15.868434,23.37297,9.065421,20.236,6.2789845,15.368273,-0.006629413,14.145312,4.394625,10.934748,-10.430901,12.786881,10.58038,11.341282,-7.1924396,12.603499,4.203119,8.28071,-10.047099,10.532528,2465.619775,1329.23426,2443.667865,560.5965794,4946.79211,2380.291554,0.136666634,0.115149161,0.06544211,0.060091246,Korean
-301.24408,176.93153,72.39045,65.911476,5.174207,27.448502,15.151165,22.708069,9.062787,20.507956,8.228501,15.816691,0.378844,14.810419,5.949015,10.738536,-10.291271,13.978433,9.885464,11.031941,-8.6549835,13.72872,4.8102727,7.993115,-10.5260725,10.63379,2496.923348,1415.320608,2431.870639,563.0523173,4954.546112,2440.735581,0.141568209,0.125933976,0.066641405,0.05977395,Korean
-299.8375,173.9736,71.5713,69.038605,4.968699,27.838116,11.6269245,21.152016,5.970675,19.757519,9.539596,14.778954,-0.27948573,14.923482,4.962634,11.213135,-11.826761,14.156532,9.638639,10.996691,-7.123543,12.15221,3.0950992,7.857746,-9.370064,9.96306,2562.189518,1470.556055,2427.195394,545.6430152,4992.759948,2513.926404,0.154383777,0.132244704,0.06490654,0.058482304,Korean
-296.0739,171.84233,71.81496,67.251595,6.0326023,24.481401,11.311052,20.716389,10.338944,21.593918,9.515988,14.158046,-2.5632489,14.341889,7.454237,10.749703,-10.940081,14.5114155,7.8279486,10.619061,-5.4517384,12.115599,1.6987145,7.402104,-6.950517,9.953193,2463.655857,1358.000017,2440.31766,566.5212287,4934.051663,2458.104585,0.135791946,0.117991544,0.066965185,0.06206624,Korean
-279.66104,136.06403,74.17092,55.99567,-0.9605302,32.285706,15.221684,29.339996,-9.548508,19.635706,-10.492881,19.357222,-3.0232387,15.654665,-8.7459345,14.513168,-14.2970495,12.7773075,-7.8341384,11.773249,-20.387983,12.460528,-9.951572,9.650149,-12.349538,8.910898,2107.730571,1463.68218,2104.436418,591.2239321,3973.112747,2460.671738,0.101269453,0.120092334,0.13002715,0.102423675,Korean
-277.37082,133.67805,70.578995,59.046597,1.8563164,34.035446,14.465765,30.281185,-11.155448,18.356697,-9.674966,18.664251,-2.2185647,14.967399,-7.1713505,14.4395485,-16.134857,13.859926,-8.450776,11.744685,-21.36349,12.137694,-11.450842,10.48565,-10.874109,9.09755,2167.894703,1563.594828,2119.54764,606.5064658,4045.019672,2585.753495,0.108376807,0.127548038,0.13765642,0.10552937,Korean
-289.7033,135.78238,73.185974,56.61238,-3.3191063,32.785194,11.368415,28.52335,-8.791522,18.189568,-12.354177,20.342543,-2.8916852,14.73088,-8.844614,15.1178465,-15.521786,13.065825,-8.894668,12.024408,-19.128475,12.521318,-11.110116,9.732302,-10.067784,9.044908,2148.565414,1479.844329,2120.727982,607.5883604,4060.140031,2542.331068,0.107746664,0.122034343,0.11756773,0.09566543,Korean
-284.66656,132.12938,72.47725,54.26487,1.0544266,33.02527,15.947739,29.39444,-7.0414524,17.57117,-10.789173,19.041235,-4.222423,14.062978,-9.302048,13.937521,-16.377821,13.824086,-9.010536,11.389274,-17.002466,11.013828,-13.094431,10.352979,-10.529188,8.573593,2084.711981,1448.279919,2118.410489,597.4038015,3968.223741,2464.747038,0.10045003,0.119181884,0.12689212,0.103476964,Korean
-289.22678,136.13551,72.23131,56.842293,0.9615664,30.415937,15.551134,31.271225,-7.864362,18.314768,-11.82222,18.79082,-3.8497045,15.165653,-7.0656986,13.939911,-15.080307,14.105203,-8.438319,11.85562,-18.873995,12.08525,-11.409774,10.387978,-10.534639,8.719256,2179.276998,1523.158892,2152.415815,604.7882061,4137.864218,2542.839558,0.10848201,0.129503466,0.12495915,0.101496525,Korean
-270.48746,135.51973,69.600624,54.407722,-0.103868715,31.589315,21.31293,30.281818,-9.72521,18.264587,-12.782135,20.662722,-5.316435,15.275917,-7.324655,14.508251,-15.992984,13.498349,-8.811854,11.019503,-20.128141,12.2767725,-11.752949,10.263957,-11.29403,9.282376,2188.705439,1494.89446,2156.547107,578.3488769,4193.274644,2431.287097,0.107123025,0.125209643,0.13719246,0.10278762,Korean
-276.00565,154.78328,73.060036,57.208332,8.262522,29.052021,22.044285,26.809473,20.743889,19.851938,3.1060984,13.408904,-1.4800105,14.571567,8.550134,10.648186,-8.735387,14.284701,1.0430665,10.986652,-9.224553,11.813853,7.2475767,8.674303,-6.9682693,12.12138,2102.558996,1409.028367,2280.607363,715.0690155,4139.731853,2578.022243,0.096236113,0.110938121,0.121153995,0.1053629,Korean
-270.2291,135.08374,72.997444,62.069294,10.905479,32.10245,24.680153,28.191462,21.525358,20.445723,1.4316939,14.587063,-3.5947335,15.438828,10.420179,10.466188,-11.034918,14.5654335,3.5447383,11.169566,-10.76651,11.969904,6.948241,10.042301,-7.807975,12.301331,2212.511953,1628.26876,2220.70512,610.565217,4087.883434,2512.060447,0.112754951,0.143724793,0.11405975,0.0885698,Korean
-267.5255,143.1758,75.70622,55.97289,10.351568,29.595783,25.594303,27.03538,22.45398,19.171295,2.1922312,14.355256,-2.737739,14.796455,12.569463,10.12741,-7.8374248,13.281475,2.4352205,11.447026,-9.60794,12.1680355,7.674172,9.220964,-6.619284,12.067398,2186.617143,1510.327964,2283.35164,553.3524142,4171.224672,2401.807947,0.104083937,0.127216104,0.115936644,0.09229484,Korean
-255.00992,143.3842,77.17401,56.726025,7.6758666,29.81843,22.762587,27.549374,20.356817,18.409595,2.659649,14.4611025,-4.55859,14.994116,11.024087,10.692684,-10.6906805,13.843744,2.8389149,10.996041,-10.909559,12.1367035,7.2325935,8.860204,-8.1493635,11.822641,2294.259163,1443.876684,2373.463801,512.4965263,4443.962705,2374.265512,0.109677213,0.124692739,0.11945412,0.08963923,Korean
-249.66394,142.41753,80.83168,55.886646,9.497386,29.493006,23.754162,26.812658,21.49799,18.504778,1.5244145,14.66744,-2.4670706,15.156468,11.913178,10.8727455,-10.932949,13.645087,2.9573116,11.2748785,-10.712815,12.5480175,7.6563735,9.102078,-8.295253,11.734791,2109.828593,1442.439968,2270.397276,612.8857982,4037.754875,2444.08308,0.096706286,0.118655813,0.13739187,0.10396343,Korean
-259.23663,132.0737,82.4532,56.750114,7.9889326,30.81258,23.166075,27.53364,23.31943,20.011858,0.56047004,15.444085,-3.702894,15.501745,10.660292,10.712256,-12.489687,14.720322,2.5585878,11.721116,-12.260294,12.21174,8.630641,9.66202,-9.511166,12.737071,2223.723859,1511.592421,2304.520734,553.0034604,4158.531251,2441.255474,0.10926446,0.125045226,0.11572932,0.08497845,Korean
-264.70618,148.22052,76.959175,54.83573,8.713496,29.46214,23.362799,25.777534,21.981218,18.010025,2.8344865,14.434922,-1.456621,14.747852,10.967446,10.507699,-9.426903,14.3619,2.954465,11.235859,-8.975865,12.533655,8.177155,9.050558,-6.31669,12.535893,2175.814151,1378.957071,2335.138919,597.5202207,4309.032169,2423.992887,0.098943422,0.109955158,0.12891927,0.110643715,Korean
-280.35754,119.69807,108.096794,56.52449,4.3348656,26.137539,34.604557,25.850769,7.012207,22.374363,7.2567105,13.555298,2.5125017,15.019387,-6.0628567,12.813035,0.11721167,12.28095,4.6333747,10.6742325,-10.819972,13.621512,8.398674,11.465269,-9.308651,8.685971,1727.257964,1164.610818,1881.833901,501.6519406,3370.125732,2044.66586,0.08492513,0.089961233,0.061743557,0.05217729,Korean
-282.56653,109.38853,103.126564,55.740482,6.4485664,26.561993,33.27279,26.547981,10.973627,22.676952,6.268414,13.257628,2.434529,14.30959,-6.0566616,12.271663,-1.6514472,13.147574,3.9895046,10.596582,-10.237533,13.810089,5.871397,10.503976,-8.520852,9.141768,1674.939134,1168.491384,1847.753628,503.3290936,3236.398505,2079.913195,0.082141892,0.087943253,0.063575335,0.058017515,Korean
-289.9072,122.36323,106.51813,56.902355,4.685906,28.031776,39.35124,25.949503,11.099308,21.923155,6.0256724,14.204885,0.6124871,15.427276,-5.642076,13.315529,0.5118238,13.111654,5.643803,10.139326,-10.611909,13.207636,8.577228,10.851551,-9.687146,9.21885,1734.800929,1213.552066,1870.85048,498.0058866,3348.103125,2085.113512,0.084123087,0.092487113,0.0616454,0.052241392,Korean
-274.161,121.0972,109.86767,55.36026,5.0011754,25.259274,34.446568,26.0892,8.721704,24.19918,5.105962,14.867037,4.0193267,15.334765,-5.261403,12.677667,-4.267587,13.113853,4.7451224,10.883643,-14.269484,14.526686,10.159613,11.534868,-10.890274,9.309233,1730.724996,1176.109591,1916.995906,527.3187508,3413.257494,2126.797963,0.082585115,0.086190879,0.070500985,0.05876242,Korean
-263.64044,124.67298,114.55736,56.901386,0.34999338,28.798721,33.14724,25.442924,9.5983305,23.546595,4.5821705,15.333749,2.0968266,14.760537,-5.6733985,12.647708,-7.2610064,12.781701,5.5582657,11.106401,-14.583589,14.186723,8.781958,10.991552,-9.39441,9.525294,1717.780658,1183.838862,1851.63577,549.676377,3358.70854,2107.330391,0.083433179,0.088110791,0.073846854,0.06153102,Korean
-264.22025,120.673584,109.30936,55.062984,2.627584,27.653915,38.21497,27.477152,8.52764,23.888565,4.7628274,14.768409,2.40454,14.392649,-5.7681355,12.615198,-4.925943,12.185582,6.0223994,10.031632,-14.09159,16.323376,9.969714,10.72082,-10.999549,9.411964,1732.792952,1145.610825,1878.626378,501.6486298,3409.68061,2000.825211,0.083810107,0.085318402,0.07426813,0.060928464,Korean
-275.81052,174.18459,63.019455,67.747475,-3.1905267,29.46602,13.983452,24.710144,8.421862,21.896854,5.5387316,16.012253,-0.83703035,14.503693,4.067745,11.386197,-13.668376,15.175416,5.332459,10.529452,-5.447982,12.160452,3.1714294,7.791414,-6.831571,9.1542425,2556.696915,1502.416537,2325.662764,617.9078958,4782.000355,2536.745401,0.165263248,0.137139397,0.08272916,0.081895925,Korean
-298.966,186.42189,62.034588,66.744225,-3.6120985,27.604704,13.354373,23.918055,6.7592373,20.839348,4.987307,15.9608345,0.94503224,14.376704,2.7823544,10.736202,-12.805684,14.7908535,6.4355564,10.137919,-4.698971,12.254491,3.165386,7.7648625,-5.9022403,8.768589,2321.390454,1437.9109,2227.481397,668.7733714,4399.07268,2542.569367,0.144785668,0.12419178,0.076697394,0.081771456,Korean
-279.42337,170.86456,61.114124,67.3136,-3.9299664,26.186327,16.0073,24.229815,8.032761,20.284296,5.0297613,14.707873,0.72716343,12.480751,1.4985242,10.913751,-11.033591,13.806917,4.183009,9.68757,-4.8247695,11.047152,3.0153008,7.202512,-6.3332944,8.761892,2319.902957,1408.479916,2189.731733,710.4655741,4429.371038,2551.331042,0.147800619,0.124265994,0.086806394,0.090023585,Korean
-287.03812,179.78368,65.52827,69.45744,-3.2092457,25.884237,10.1022005,21.559202,8.90285,21.223837,7.4702888,14.453386,-0.9631823,13.275169,4.00323,10.282052,-14.486195,15.69421,4.5505877,9.568076,-2.9863086,11.376549,3.9005349,7.6615357,-5.9797654,8.907328,2389.60952,1481.645239,2226.930844,662.797868,4479.836748,2557.429649,0.148678,0.130723465,0.08475512,0.08800246,Korean
-286.84735,181.57285,61.15919,65.33475,-1.2981113,24.629625,12.116803,23.389336,8.615468,21.4351,7.8150945,14.104179,-2.3290343,13.485302,4.3931293,10.5971155,-14.131973,14.851166,3.7293198,9.887953,-0.987896,11.423873,3.1438699,7.539069,-6.236914,8.925485,2416.053289,1434.644477,2283.221218,669.7958068,4616.599492,2531.671333,0.1525391,0.127351397,0.08295531,0.0883666,Korean
-294.0365,177.205,56.665714,66.276085,-2.5186532,26.634733,10.8124075,22.04507,4.765091,21.242947,7.686839,13.943555,-1.3554889,13.135643,3.507979,10.928729,-10.82754,13.371543,8.297411,10.89988,-6.0385528,12.022396,3.5262845,7.916803,-7.846947,9.323318,2641.788076,1378.643754,2430.909434,511.5592546,5158.661516,2249.994192,0.167434979,0.129872202,0.08123814,0.089436896,Korean
-277.66638,169.65775,63.555603,66.351654,-5.1049924,27.486456,11.431307,22.25463,10.63043,20.76953,4.8865237,14.587078,-1.8179781,12.993478,2.795443,10.355405,-13.060979,14.351079,7.4266906,10.910709,-7.02309,12.430694,1.8623021,7.1783414,-7.1723957,8.923063,2565.494252,1310.77481,2409.417667,550.5462252,5050.795147,2350.463129,0.157150309,0.122531602,0.091163374,0.09804867,Korean
-295.19534,173.0726,63.358723,68.96084,-1.0143763,25.766485,12.872124,21.993652,7.938985,21.076689,4.223593,14.785503,0.93448734,12.588637,2.176736,10.515732,-11.136573,12.882461,8.740422,10.932752,-6.4195113,11.692214,3.3461359,7.670941,-7.3759775,9.103375,2693.636331,1396.466972,2444.278653,568.2090805,5248.708162,2424.145109,0.164246636,0.125743992,0.06951257,0.07331093,Korean
-287.1549,171.27599,70.96073,69.92906,2.3414552,26.163874,12.377908,22.693392,7.2911057,22.914139,8.937011,14.286097,-1.6428202,14.085285,5.239324,10.479648,-11.164961,13.023095,6.5036073,10.379615,-6.470749,12.873442,1.6934994,7.237211,-7.4178295,9.404773,2389.898536,1380.025561,2318.603938,536.2849679,4625.938203,2346.18227,0.140729889,0.119572187,0.07711421,0.07458797,Korean
-276.67545,161.47592,63.140114,69.38788,3.5328746,25.611778,13.52189,23.508148,5.2088156,21.743341,6.342905,15.866421,1.2582208,14.117192,3.448586,10.71043,-10.840771,12.5616,6.016799,9.581564,-7.402527,12.306843,2.5679464,7.810036,-6.5597463,8.953558,2578.76798,1455.53724,2385.129984,550.224926,4957.607901,2400.432471,0.160246002,0.128780135,0.07553647,0.074544266,Korean
-299.17023,176.18668,65.989265,68.16915,0.4852632,24.909521,15.26475,22.838497,8.363489,21.488277,4.622758,14.224581,-0.096371196,13.0276575,2.5814145,10.729588,-10.081478,11.910181,5.798176,9.562966,-9.308079,13.035621,2.5762556,7.3672123,-6.577758,8.132617,2290.570272,1430.878581,2219.522793,640.2779296,4383.61782,2448.212015,0.142655967,0.124052444,0.07241092,0.07501053,Korean
-279.6573,169.92644,66.683754,66.88732,0.77774423,27.54949,15.082022,23.51719,9.303196,21.725592,9.050998,15.556936,-1.0366217,14.08643,5.642473,10.990285,-13.063133,13.660109,6.368822,10.883314,-8.816753,12.40063,3.0466616,8.103962,-6.2104273,8.61702,2585.310581,1383.222626,2413.168192,503.3708179,5021.522746,2351.119945,0.155297562,0.125174854,0.07674827,0.07439354,Korean
-269.94937,162.84596,66.89002,68.95984,3.8453984,26.866602,16.211084,26.028429,11.145446,22.298124,8.532,15.19696,-3.7484686,15.1809845,6.5742908,11.154525,-12.057576,13.218863,6.6135807,10.233986,-9.747516,12.749371,1.117786,7.7505393,-7.710397,8.933806,2581.846157,1494.914512,2359.770314,499.5549826,4870.410029,2374.363873,0.15705,0.132536937,0.08081732,0.07281592,Korean
-302.90753,178.78381,65.99078,69.21409,2.9348269,27.305088,12.162819,22.96796,7.2806373,21.827976,6.9828935,15.268866,-2.2868876,14.030367,6.3429947,10.499719,-11.882684,13.490052,6.864476,10.247572,-8.017388,13.080099,2.4115562,7.740225,-5.6701636,8.582283,2674.358732,1469.384317,2423.33193,543.5266151,5123.448164,2494.972959,0.167321015,0.137024319,0.07125706,0.07248509,Korean
-307.68536,176.23906,66.72529,67.68327,1.8005968,24.23097,10.525287,20.821463,6.537584,21.018509,6.9961877,14.208188,-0.4408964,13.378162,4.5863266,10.041726,-11.1760235,13.2596035,6.483591,10.563384,-6.7490425,12.500819,1.3911656,7.684927,-6.4394875,8.886515,2580.634804,1291.458531,2449.352689,523.5086711,5072.42225,2396.564093,0.157481358,0.117595793,0.06665877,0.070134856,Korean
-305.77997,179.97348,67.10587,68.09864,-3.1084416,28.759676,12.885998,24.561388,7.142332,22.005545,5.7322273,15.357203,-1.1633252,14.651599,4.573624,11.132478,-14.507867,14.61233,5.862896,9.939005,-7.8937006,12.455383,2.6967077,7.6988177,-7.0788803,9.108108,2750.631501,1458.130785,2442.917546,578.6423181,5252.548687,2534.824869,0.174564025,0.135335887,0.06213794,0.057947204,Korean
-324.3842,185.15762,59.87731,67.95796,-4.6365986,27.253738,14.829593,25.244097,4.464608,20.33707,5.0925455,15.558386,-0.32052186,14.372377,1.6258751,11.004188,-12.816971,13.388946,6.3889523,9.830097,-6.640194,12.738464,3.2062087,7.7148166,-6.4500556,8.930021,2867.614199,1456.583127,2448.807316,588.7125241,5469.342958,2473.463597,0.188187747,0.1370648,0.054091305,0.055511035,Korean
-305.66736,179.75952,65.557236,66.316124,2.582008,26.736042,11.987592,23.994923,8.993152,21.75506,6.6899405,13.656285,-3.4563646,14.265493,6.242888,10.88177,-13.837133,15.094841,6.6977324,10.643661,-5.655298,12.983908,2.0246468,7.625242,-7.1282296,9.295864,2815.004688,1479.959469,2544.341454,550.6596057,5484.994325,2577.659381,0.176498106,0.139793091,0.064577594,0.061177514,Korean
-296.02933,175.85913,69.24507,65.720604,1.0571492,27.446321,16.885004,25.35607,9.529423,20.96643,6.189816,15.603888,-1.420565,14.448471,2.8711474,11.35908,-14.45893,13.803527,6.434201,10.523464,-8.226978,13.162005,3.4349647,8.509305,-8.199682,9.024814,2750.725837,1505.892768,2485.571323,542.9676723,5316.502003,2496.563037,0.169296149,0.142999053,0.0667309,0.05965069,Korean
-303.56943,169.18973,71.62459,70.102036,0.57359254,28.039667,13.677723,22.802368,6.6490135,21.72376,5.593771,16.502653,0.2627279,13.9631605,2.7105894,10.7199745,-13.884325,13.840122,5.725265,10.466229,-7.3237014,11.842108,2.4641283,8.447621,-7.5576553,8.997265,2647.564759,1488.960675,2409.679759,576.7472684,5089.775016,2568.762733,0.164484793,0.138631389,0.06147575,0.05643743,Korean
-292.69623,114.25312,117.31569,46.712875,25.430414,27.83022,20.842016,22.583403,14.398651,18.037516,-1.6950717,11.737992,-6.5142846,12.449459,3.1430461,15.351318,-12.445318,12.594249,-0.3419777,10.248606,-7.121223,12.6616745,6.5271974,10.257646,-5.946469,12.3017,1390.327514,1294.451165,1553.274544,857.2874276,2496.512858,2288.485484,0.068924792,0.094781913,0.09423077,0.07969943,Korean
-230.92267,113.9074,93.62133,46.053703,13.673068,30.353006,27.511822,24.243792,23.763882,18.032612,-1.7756429,14.016361,-3.8698668,14.868985,10.306176,10.81464,-17.702984,14.025088,0.77400607,11.839786,-13.528749,12.009473,8.403886,9.846929,-13.206984,10.400841,1974.584696,1447.119806,2189.874452,551.7904592,3675.984701,2384.4703,0.091136791,0.121699373,0.14308235,0.09621073,Korean
-273.85043,141.44724,74.47214,59.477943,6.760329,30.849754,20.870863,25.63906,21.296244,18.889383,2.39964,14.276707,0.66440296,17.457945,10.899516,11.521485,-15.050054,14.960401,3.2137177,11.252182,-11.010834,11.578612,7.7658567,9.702366,-7.919813,11.087137,2206.69956,1585.967117,2204.642854,684.0491136,4166.383015,2459.461471,0.115448981,0.140712688,0.09845386,0.07964513,Korean
-241.96797,125.96735,86.92738,51.06209,2.3404324,30.834538,19.303589,26.341698,20.638662,19.058102,1.9852608,14.094968,0.37561414,16.476685,12.016243,11.333905,-16.11706,14.708836,4.675048,11.418971,-13.515377,12.009069,7.673726,9.512106,-8.248288,10.8657875,2191.266376,1350.998337,2294.68133,485.8741232,4139.298138,2188.360289,0.104192183,0.116084464,0.11466567,0.08294809,Korean
-259.15222,128.23248,84.21477,51.810963,7.4216423,30.462511,22.830257,25.413868,22.97468,18.97012,2.380479,15.082459,0.22132526,16.282959,11.430522,11.659364,-16.450846,15.787898,4.9554925,11.89792,-13.911311,12.5712385,8.940828,9.815335,-8.728795,11.175107,2151.164002,1391.707643,2313.721097,516.6056785,4164.542431,2277.652161,0.099808677,0.121301046,0.107330225,0.075835146,Korean
-232.28014,118.9325,87.361595,54.77623,6.121561,30.86289,19.543064,26.235329,23.260616,19.5554,1.7805926,15.145734,-1.27952,15.337693,11.138421,11.9943075,-17.642254,15.085884,5.993015,11.840384,-13.426766,11.556305,8.419523,10.191958,-8.264302,10.4133415,2226.528739,1524.294752,2275.265113,513.4189187,4129.906802,2365.551043,0.114039245,0.13934405,0.1290127,0.088201255,Korean
-238.25734,121.22104,85.27344,53.1179,6.1887813,31.132816,24.730715,26.60995,22.57057,19.589975,3.076832,14.814219,0.008968641,18.02085,11.001103,11.900644,-15.609624,14.890567,2.6061745,12.250124,-12.513529,12.320032,9.243545,9.57254,-9.542985,11.5633745,2141.968741,1410.165353,2253.854698,517.4554954,4072.510905,2260.548023,0.103256113,0.123361435,0.12517108,0.08835585,Korean
-231.38638,125.05865,83.63556,51.64202,8.711752,30.984924,25.940685,26.911314,23.770798,18.759785,1.4957881,13.84852,-1.9798015,15.755055,9.529714,11.143764,-16.616337,16.121279,2.8445134,11.89302,-13.722384,11.607306,6.500723,9.780716,-10.787524,11.386584,2115.635701,1376.212721,2297.215691,533.725821,4136.708712,2319.775793,0.093881056,0.118436497,0.14600575,0.09898138,Korean
-228.97688,120.02537,83.17491,55.783276,3.8378537,31.810402,18.559786,26.178055,21.938503,19.846754,1.7654448,14.540653,-1.9847621,17.064966,11.070892,11.175591,-17.342243,14.743276,6.3455925,12.100874,-14.795967,11.861117,5.882561,9.89424,-9.711392,10.520313,2284.108866,1559.431219,2279.68519,515.3552467,4224.116707,2394.387566,0.11725235,0.138698295,0.13334635,0.09146184,Korean
-240.9051,124.70531,88.43142,53.500694,8.676058,29.52456,25.357204,25.145992,24.516848,19.115334,2.942358,14.490227,-0.6865163,17.05017,12.424571,10.788308,-14.624559,15.652395,4.8698983,11.714113,-12.383368,12.224741,9.075364,9.975428,-7.644766,11.426294,2057.630077,1454.577193,2224.255597,548.5389235,3896.822031,2351.237772,0.0936351,0.123141114,0.12607536,0.08686538,Korean
-235.39006,116.14779,84.99143,53.082,7.925805,31.213259,24.70899,26.063036,23.495827,19.14596,-0.32365933,13.766474,-1.5090178,15.828051,11.729474,10.783225,-17.34478,15.097235,2.4746113,12.424149,-14.317198,11.676415,8.424735,9.745292,-11.673038,11.264541,2221.289569,1555.019388,2269.143693,549.6536574,4183.247752,2435.254549,0.112812064,0.141078032,0.12909484,0.08671701,Korean
-259.05698,141.68556,70.08593,59.995564,10.939868,33.88443,24.790411,29.375343,22.76678,20.39961,0.45020792,15.553657,-3.5520246,16.31611,8.029901,11.439707,-13.710464,14.726854,4.624873,11.182692,-11.551746,11.8137,6.4283957,10.759054,-10.370769,11.798076,2093.838754,1547.383706,2141.122772,818.3227081,4041.944676,2561.365716,0.104946297,0.127836594,0.13115211,0.098966114,Korean
-224.72055,125.567665,83.6766,54.326077,12.556634,33.098225,22.536932,29.91578,22.323711,20.860405,-3.3698938,16.1078,-5.382535,17.723213,7.6403337,12.390111,-17.958044,13.84117,4.416234,11.869533,-13.169374,11.659022,6.6103983,11.523492,-11.716051,12.098895,2268.19492,1559.033429,2294.380455,603.098423,4315.277129,2481.437633,0.119201093,0.131338268,0.16026409,0.10511012,Korean
-232.11528,126.18601,90.001755,54.2714,9.982593,33.431713,15.85337,28.49851,20.59857,20.930368,-1.723754,16.083958,-3.6939805,18.584589,7.608598,12.824998,-18.029129,14.0047245,4.7222033,12.224637,-12.249336,11.53365,6.1931767,11.75401,-11.898703,12.420952,2190.52396,1503.615461,2267.446134,592.3239175,4114.901089,2474.832813,0.114651821,0.123161887,0.14797352,0.10061465,Korean
-242.41736,131.79247,80.66932,57.49362,11.503621,32.98007,21.606447,28.987091,23.397682,20.614529,-3.2373064,16.245817,-6.7836275,17.24424,8.168543,12.667036,-17.118784,14.436668,4.1310277,12.239387,-12.792814,11.700783,7.1232276,11.130767,-11.740071,12.08207,2315.628041,1573.565393,2302.994055,581.5879042,4378.264044,2475.475199,0.12587878,0.136771896,0.14008233,0.095804416,Korean
-234.70718,124.24078,85.27556,55.19546,8.569124,34.302357,20.535902,28.346462,20.904224,20.950294,-4.107548,16.863348,-4.8238854,18.199823,7.2575665,12.82684,-17.800114,13.5121155,4.370342,12.51819,-12.910261,11.503645,6.3385468,11.531937,-11.554665,12.047624,2250.254135,1517.517363,2261.686705,561.2363683,4179.7933,2400.196748,0.1214115,0.128310656,0.1406907,0.0949666,Korean
-230.08328,123.83848,85.285545,55.68446,9.966183,32.88638,22.733217,29.22684,21.4002,21.842363,-4.3045077,17.600765,-4.781042,17.648197,8.079537,12.424862,-17.765148,14.323098,4.425002,11.977432,-11.654231,12.322834,7.4898744,11.807701,-11.1493225,12.126109,2211.686378,1528.671525,2230.367142,570.6329782,4092.442919,2386.636951,0.116614225,0.127130373,0.15198053,0.10465852,Korean
-259.80115,142.7085,75.216545,60.46731,11.191405,31.158821,20.295994,28.374912,21.32326,21.503695,-1.3455395,14.919648,-4.3345423,17.259338,6.9566393,11.836578,-15.622402,14.740373,3.5687325,11.853536,-11.100989,11.574172,6.1905127,11.426586,-10.783822,12.382425,2070.636613,1603.347901,2107.229443,812.5892227,3885.943169,2608.826753,0.108636834,0.133510809,0.1358725,0.1028927,Korean
