mfcc_mean_1,mfcc_std_1,mfcc_mean_2,mfcc_std_2,mfcc_mean_3,mfcc_std_3,mfcc_mean_4,mfcc_std_4,mfcc_mean_5,mfcc_std_5,mfcc_mean_6,mfcc_std_6,mfcc_mean_7,mfcc_std_7,mfcc_mean_8,mfcc_std_8,mfcc_mean_9,mfcc_std_9,mfcc_mean_10,mfcc_std_10,mfcc_mean_11,mfcc_std_11,mfcc_mean_12,mfcc_std_12,mfcc_mean_13,mfcc_std_13,spec_cent_mean,spec_cent_std,spec_bw_mean,spec_bw_std,rolloff_mean,rolloff_std,zcr_mean,zcr_std,rms_mean,rms_std,label
-291.26086,144.72418,64.36716,60.31783,7.7413645,30.78326,16.433426,26.508999,2.7834797,19.631754,1.3021015,17.53082,-13.353286,19.204592,-0.30214724,14.532427,-18.02495,19.791456,2.5598912,11.922323,-5.5395823,11.666122,-0.37924877,10.567281,-6.0999823,11.608248,2315.26946924512,1555.493066470235,2255.316452194863,719.551601480721,4588.187478955138,2528.774811717526,0.11559598237411936,0.13530872756582865,0.07605933,0.0690786,German
-269.14676,125.91269,67.3895,56.46511,8.639976,28.441526,16.956177,25.995325,3.8050249,17.906826,5.083969,16.255564,-9.609906,16.19563,-1.7971671,14.574793,-11.841172,16.153683,2.1436503,11.288643,-3.7753794,10.24397,-0.74899095,11.093824,-4.764409,11.133942,2323.5941489748493,1377.0998917350555,2360.271432806928,588.7892066728067,4706.293612393466,2303.356182420453,0.10943843957149621,0.11638533751205618,0.07059552,0.060092565,German
-263.43262,141.3007,67.129616,61.99928,10.570556,30.036564,19.56417,28.337889,2.0445807,19.335743,3.4142227,17.880224,-14.734128,17.483679,-1.29357,15.348299,-16.452408,17.04278,1.5339134,12.587713,-5.2580714,10.550688,1.5694479,10.429764,-7.7927003,11.22561,2461.0630548093322,1694.5268307231427,2250.792724244425,715.3868662976167,4684.390779820884,2602.442997660293,0.13401732405995934,0.14131138808152754,0.08348944,0.06624004,German
-298.88358,142.93672,61.160812,57.830605,4.8634562,28.451302,12.690839,24.263693,0.14071372,19.187702,5.361627,15.78171,-10.6850195,17.157907,-1.3384777,14.679618,-12.412936,16.144962,2.141624,10.964329,-4.633832,11.118291,0.165584,10.762342,-6.6337223,12.312511,2459.311159327791,1526.1079394543538,2327.458580729782,663.0196654454516,4869.305208808729,2413.11217184967,0.1252563382734435,0.12997586044714787,0.05978332,0.05719932,German
-276.53885,143.90465,64.38493,55.57997,9.792069,27.193563,16.71436,25.317793,2.503405,18.470573,6.232355,15.867329,-10.052191,17.587587,1.9499799,14.049528,-10.272809,16.833864,1.9894917,11.894245,-4.2082133,10.604079,2.0283263,10.133344,-4.5508895,11.418254,2449.473821843686,1385.3303097760488,2461.8537134412904,534.4197499892375,5036.379380659623,2271.1753861803436,0.11506910447950487,0.11954692058871712,0.074285604,0.06780794,German
-273.8167,142.212,70.53553,61.563072,8.298581,29.31427,16.928383,26.352219,2.2451017,19.830189,3.488594,17.367855,-12.790876,16.97627,-0.6249687,15.793737,-14.578899,16.432503,2.840936,12.830728,-6.603556,11.378504,1.6099811,11.205108,-6.517095,11.163219,2336.843572106096,1626.7522557531395,2200.377131924606,767.6099578407237,4502.655270860818,2623.744364067598,0.12321417528505466,0.1371409020500218,0.07806829,0.0644325,German
-243.7024,117.901634,78.295296,67.790085,4.9837456,34.26542,19.237537,27.150679,-13.269665,19.32613,-1.7594877,17.138529,-18.948769,14.607178,2.5702465,13.671365,-9.8148985,13.512435,-8.138214,15.529454,-12.291506,11.628088,-5.6048455,12.812586,-9.794578,9.426544,2471.8074492046967,1915.5541412608466,1991.916452154491,718.6747370203773,4346.240357522856,2805.4227730030902,0.16461604961380832,0.16419104675654406,0.09271708,0.072175875,German
-229.83925,121.01081,82.03462,66.78408,3.7878783,33.11136,16.547417,26.650486,-13.961503,20.191092,-2.1317813,17.399448,-18.618803,15.309908,-0.23767416,13.459417,-9.426863,13.858253,-7.987322,14.693352,-12.321312,11.3783865,-5.68198,12.614907,-10.853884,10.305171,2339.1656257336203,1823.286832914729,1972.4986893439095,756.8241586586827,4185.559644197163,2785.0144682824025,0.15055802551626463,0.15133340956870242,0.10869407,0.08194108,German
-234.84828,116.30237,76.39972,62.924137,5.2412353,34.274956,20.683174,28.939232,-11.908749,18.492256,-2.4795496,17.18616,-16.6606,14.991067,0.1558591,14.06374,-9.555608,13.219887,-8.777146,15.2011,-11.9698715,10.889128,-6.154825,11.763441,-10.362251,10.18309,2444.9859402375973,1870.0786336093774,2018.9374162951779,732.3888439441225,4392.868646946389,2739.3548692920235,0.15804876047807664,0.16298442117851297,0.1020705,0.08374151,German
-296.34427,148.48335,74.84055,59.855217,-6.4972653,31.189573,36.56654,32.545395,3.1138334,20.953012,10.184304,17.45941,-8.647661,16.666908,7.576527,12.038295,2.5522413,15.2246065,9.684242,12.437365,-10.487754,13.849534,-4.336241,10.088085,-8.410949,12.106239,2177.9296755622495,1135.8721802230166,2036.1942209670146,506.4408657140336,4206.857465119169,1902.976814955748,0.11734872098022356,0.09489105916519974,0.058945514,0.052928273,German
-298.48062,136.16899,80.21075,61.06058,1.3008245,32.15446,37.15874,32.240036,6.8808255,22.482637,12.060554,16.360874,-7.3694744,16.645016,5.257069,12.41567,0.9239922,12.318643,7.3257036,11.767522,-5.671831,12.949138,-3.4654279,10.029258,-9.973405,12.22417,2002.6924449899736,1181.5523584160455,1980.3116858886515,542.3119565138524,3897.4001175088133,2033.0469514655558,0.105328558007736,0.09533223877550738,0.054166377,0.04727072,German
-298.1645,143.52394,94.00973,63.500862,2.541751,31.965164,33.567142,27.819267,4.9585376,25.21154,12.580931,16.32309,-1.6549183,15.810321,4.9700484,12.736677,3.5089011,12.34324,7.162609,11.484847,-5.530628,12.693928,0.39634413,10.496524,-9.2133875,12.77674,1756.9600216286633,1061.1072807508713,1917.5917318607414,575.6403123141611,3555.51756993511,2012.019174939637,0.0873817052268534,0.0812027846144506,0.06473949,0.059881374,German
-302.9142,133.70912,89.76637,61.191406,1.9432306,31.50322,39.440765,31.535265,8.445661,22.44007,11.578231,16.072588,-5.235316,15.201095,4.1693773,11.820045,0.48030004,12.116608,7.004885,11.668353,-5.8836994,13.470923,-2.1244328,10.202683,-8.941051,11.920765,1809.7691397632175,1043.6679745027127,1943.3212132631713,564.1848509836317,3656.798459692954,1956.7459682071103,0.08760070234171927,0.07731134775120004,0.056744196,0.047973033,German
-329.97104,149.67195,87.86125,61.801453,3.6100898,33.890102,41.609016,31.12324,10.473116,22.008387,15.408553,15.849245,-5.8751836,18.37205,6.0594177,12.797769,-0.38538983,14.788232,8.341185,11.997963,-6.3364673,14.518254,-1.7256957,10.2139635,-10.500756,12.555553,1850.8844512373087,1230.4043577655095,1929.0498121173694,550.3062201608337,3617.841317591787,2106.5908978769025,0.09528517534787515,0.0991185340810939,0.04855421,0.043854713,German
-325.10498,148.62474,82.136765,63.66274,5.5693626,29.351023,38.70481,30.334518,9.683912,22.539145,16.157288,15.780766,1.8981633,16.098642,10.585336,12.187063,2.6522005,13.284591,6.116914,11.801482,-6.4831634,15.611642,0.5102559,10.1248045,-3.996317,12.473581,1779.1447324910064,1233.9625782303015,1959.1568595504752,599.0286298908891,3558.5707720588234,2234.3451590366863,0.08238940107292918,0.09153100214370398,0.053935785,0.04923312,German
-300.19278,144.43657,88.36856,63.328278,8.2892,32.319946,42.451374,32.57241,11.423512,24.857603,17.666164,17.15385,-3.6731856,17.997522,5.292843,12.164237,-0.4480302,14.31175,5.4017105,13.089738,-5.5643435,15.273525,0.78146476,10.64728,-8.377583,12.782449,1795.8001747874646,1211.6088472147615,1950.371281076156,597.1668411171902,3590.256557077102,2179.903300569552,0.08673881031320542,0.09299263612667148,0.07184625,0.0602836,German
-281.2703,158.48663,72.920586,64.46202,7.6503024,28.928797,34.875854,28.954906,21.251299,24.294098,12.216846,15.709986,2.78866,12.6321745,8.13078,12.318481,-13.765502,14.929739,-2.4522953,12.034195,-13.064985,15.175393,8.504959,9.628101,-6.0291557,11.098511,2315.8537238340978,1211.8653603046225,2311.1416866975587,522.6220284577563,4647.734294953893,2303.9520589433455,0.11910060194672131,0.10081132433078566,0.069342084,0.059463162,German
-267.41544,157.19272,82.65079,62.016098,6.3615265,26.198574,27.930204,26.912727,21.618563,24.697788,11.388587,15.850923,4.174986,13.157448,5.8570943,12.0903,-14.2451515,13.5342245,-4.526414,12.592701,-13.391761,14.924705,10.381292,10.940309,-6.624909,10.313408,2236.6910425201804,1133.9369267627553,2333.2852701192264,508.97024336818293,4508.909120219941,2312.408930495765,0.11800083011857912,0.08661221948767245,0.07596227,0.06529014,German
-316.20755,165.93149,67.58289,62.600807,7.189339,23.413258,28.882504,28.024954,21.319891,23.074707,10.563297,12.96308,1.6888186,13.002445,5.0694985,10.947546,-11.389571,14.292169,-2.111283,11.663641,-7.6930466,14.090218,7.7929964,8.978693,-8.807891,11.554296,2301.6344840828697,1123.7523989025387,2363.668973334181,508.9233733552724,4730.284590043924,2274.221232502948,0.11587588457784286,0.09115269525501069,0.058609,0.059464514,German
-247.39311,136.98973,86.38798,59.329525,5.766416,26.244463,27.976757,26.611233,24.115679,25.292894,10.437431,15.014661,4.592407,12.9298725,4.586685,12.906574,-15.498316,13.079647,-5.6309,11.799334,-13.454924,15.053516,9.731623,10.755516,-7.666422,10.37385,2186.526857316439,1108.675827111634,2323.879730416328,492.4660527680696,4400.118765818816,2268.2938127715947,0.11473558350054724,0.08670247093082745,0.08340468,0.07019755,German
-258.4545,144.54126,85.40032,63.5898,5.732614,25.317497,26.711983,26.259846,23.942034,24.82962,9.665676,14.00608,1.3872639,12.756625,3.355987,12.818619,-13.174677,13.645777,-4.2446227,12.495928,-10.742021,14.840565,8.861456,10.021905,-8.245767,11.039975,2120.3343573418438,1168.2595508438988,2237.750314175687,587.5454483699781,4230.59213608371,2392.362339327457,0.11200278307299379,0.08873054834630557,0.0825956,0.072131194,German
-262.84616,136.04771,85.14005,63.143284,7.317606,25.201284,33.660934,27.932985,29.18305,26.590933,14.257605,15.1363325,-1.6981913,12.974386,3.1894577,13.146988,-14.80095,13.697739,-4.970627,13.032752,-12.120456,14.597316,8.855032,10.405975,-9.732514,11.32954,2138.499257039991,1239.9799625182404,2223.187776812999,564.2726177688269,4218.967708077018,2454.2880643027056,0.11657042015255906,0.09387930012653567,0.081930034,0.06823941,German
-237.25288,117.14749,90.56645,57.550064,10.197368,30.059654,33.373844,28.615643,28.228247,25.653337,14.0939455,15.52317,-1.2475066,13.807997,4.0646143,13.157295,-15.406317,12.749262,-5.111083,12.816139,-11.35111,13.845772,6.906978,10.346321,-12.067155,11.147066,2073.259327015347,1209.681570196909,2242.020758937359,567.6605353217444,4073.809934129902,2467.786222611522,0.11032815904139434,0.09315636023121066,0.08932826,0.06865768,German
-239.64369,130.54001,78.26564,63.12177,6.030964,30.437452,36.182137,29.129715,25.588934,25.748005,13.475484,15.848648,-1.6364503,13.962908,5.0548487,12.72616,-15.235934,13.011304,-3.5022607,12.808832,-12.338055,14.532796,5.7404413,10.195364,-9.165902,10.989899,2229.490644802541,1235.455936972549,2246.168935822995,509.3504943088068,4374.942984998124,2366.6567611153946,0.12157714564572612,0.09690269137122116,0.090177104,0.07258505,German
-302.28006,164.70421,66.5398,58.538727,7.3508315,20.959003,28.243788,27.612804,23.947807,23.620378,11.768559,13.1768465,3.8663628,11.258066,4.413939,12.284362,-12.267726,14.02373,-3.0988362,11.596401,-9.06758,14.206879,6.946103,9.476554,-7.543913,10.80952,2303.6460475922704,1096.8594218629653,2403.560990084602,572.1025117981017,4798.0718994140625,2280.1174032765853,0.11546068948412698,0.08285337620108849,0.06618821,0.06739512,German
-268.2272,150.30501,75.49958,59.9631,8.6917305,26.961098,33.462883,27.985527,25.530718,26.357079,11.426251,15.191948,0.9131789,12.771616,4.50883,13.035219,-14.066138,14.174864,0.26688352,11.178769,-13.54696,14.970932,6.48289,9.603849,-9.183865,11.397583,2304.487710456157,1192.9377118030488,2360.9663388318613,554.0985490579782,4664.988427893771,2371.3537765630076,0.12133443705794342,0.09331233976276809,0.07651849,0.06553678,German
-234.99858,106.24267,78.11042,67.89199,7.965252,35.625336,19.454985,28.130726,-9.77991,18.47277,-5.012855,18.649923,-15.187607,13.789259,0.14041872,14.078637,-16.08566,13.083808,-2.0703964,14.586816,-18.88345,11.4617195,-5.2462506,12.724692,-9.675715,9.9547415,2544.9181592153664,1962.83714951405,2050.6347794735093,717.4035467864256,4447.926754661027,2860.594888689702,0.16816571702299316,0.1661355805227376,0.094356045,0.06585698,German
-230.544,105.91229,71.43462,65.15186,6.7706347,34.809345,17.889923,30.032719,-10.927649,19.012636,-6.2887063,18.374798,-16.25575,14.843128,0.5151086,13.478004,-16.902584,14.187738,-4.141488,13.141048,-16.536472,11.672952,-6.684198,13.164846,-8.199026,9.673923,2560.132982107675,1946.6272095350157,2054.6644338644064,715.5667116616971,4506.94939277943,2819.185928604898,0.16976378866296224,0.16953681697489953,0.10103658,0.07725112,German
-210.05367,102.98358,80.71179,61.801414,0.92860067,36.53407,18.112257,28.717424,-12.674449,21.063854,-10.009606,19.473774,-17.758045,14.252931,0.48244005,13.687592,-17.297466,14.417638,-3.9359553,13.677544,-17.649055,11.101808,-6.0896254,12.83526,-7.4743056,10.297845,2495.908248738384,1860.8006895907065,2062.574199915736,657.2494261837224,4446.062438643042,2689.4734380961986,0.16413672904767135,0.16337142019842907,0.11869317,0.078582056,German
-213.4197,128.26262,72.06705,66.2334,3.5814054,33.702385,14.867938,27.308172,-12.729205,20.218605,-1.7559141,17.184961,-15.887213,14.940733,-0.2558833,13.659065,-12.639033,13.452714,-5.3981037,15.349408,-13.089901,11.494807,-5.6380987,12.079529,-8.484022,9.654678,2409.889116188701,1894.148946739387,1976.6831857591349,820.5079919395713,4282.477703263275,2893.5831090995594,0.15738579404037611,0.15968091382292182,0.13504334,0.105245836,German
-203.82132,118.98363,75.077866,67.74926,10.562756,33.30415,19.965494,28.200407,-7.2733436,18.639694,-1.2822629,16.663649,-16.520678,13.568107,0.9041268,13.472552,-12.651192,13.214792,-5.6070514,13.813108,-15.041036,11.684176,-7.035297,12.781673,-8.8282995,10.534074,2574.1736474349495,2018.8690813436895,2073.7047568519515,735.6875554810351,4514.852878736413,2911.269776430007,0.1721192417184265,0.1772021655102004,0.15393664,0.11718545,German
-197.79282,120.16367,82.46292,61.27692,5.7556453,33.759285,22.391514,29.061129,-9.850481,20.273663,-4.742799,18.581345,-17.622366,15.122635,0.37301868,13.355727,-14.075997,13.603112,-6.364072,15.167507,-16.24092,11.550794,-6.585599,11.868543,-10.839267,10.753782,2399.760110198065,1772.366718407381,2098.9854890799256,655.6136313952503,4345.37666257748,2669.2811020715944,0.1482295433023416,0.15105187701975958,0.15073933,0.10939714,German
-201.57625,117.51912,70.02983,66.212494,8.6618185,33.103634,19.263802,29.439854,-10.295243,20.03285,-3.0496964,17.229862,-14.584983,14.749131,0.81790096,13.370604,-15.958917,13.816292,-3.3650296,13.605955,-17.203766,11.426733,-4.069104,12.835017,-9.231862,10.342585,2672.5119026904804,2002.3815417158896,2099.4926815854915,737.728431647254,4691.6599287712,2849.774694997585,0.1773684134910094,0.17234488401452436,0.13365985,0.09789817,German
-294.46375,164.017,64.89042,53.619415,7.2902503,28.983992,13.045549,22.197018,1.3314748,18.67223,6.1237054,15.72451,-8.90775,18.407173,4.4983783,13.422755,-8.519331,16.822357,5.0832767,11.822138,-4.1581855,12.292948,2.7019284,10.677966,-4.620861,11.2573595,2607.8007151362517,1447.844666690193,2514.3506461422826,609.7802268793683,5340.523688669626,2384.0511519005754,0.12534995051583495,0.12887378432623703,0.07518889,0.07377308,German
-235.97426,144.63704,74.60885,57.122536,7.0177374,29.784388,22.959715,26.993015,2.3742888,19.468616,3.7383766,18.218315,-12.911352,16.545248,3.2298372,15.370725,-12.996923,17.243378,1.8370411,12.967493,-8.761825,11.647211,4.2105975,9.967604,-7.6651106,11.898541,2510.9536714647893,1491.9649247181778,2354.928794230208,605.0357164064467,4916.248443452688,2336.719293166133,0.12971509151050248,0.12384320557510375,0.099158294,0.07370288,German
-261.17563,161.65059,70.97283,57.144196,2.5933743,30.729612,14.952283,25.957571,-2.549155,19.442915,2.5501337,17.460018,-11.644061,16.893427,3.8235407,15.195514,-10.134016,16.44979,1.7782645,12.243297,-8.904232,11.867882,4.2121587,9.773539,-7.1737432,11.298989,2429.945612056304,1586.8709433843237,2246.258584507751,784.1839721119311,4730.6982013840525,2547.7134815453796,0.12754283196130123,0.13106803108053208,0.08259906,0.06576319,German
-292.25208,167.12529,66.5573,55.535378,6.897819,27.76907,17.412458,24.969742,0.08820268,18.676775,4.923518,16.38189,-7.852317,17.594864,5.3408756,13.763282,-7.484638,17.43532,3.3135538,12.632623,-7.1967196,12.782272,4.1507835,9.998101,-6.323101,11.802313,2464.044595641826,1471.338533461417,2380.8807162471444,696.0199027256364,4986.767143711077,2383.5438673078966,0.11995114484480032,0.12211958152756493,0.06828633,0.06167693,German
-274.64127,157.81721,71.780014,58.21321,5.7402554,28.662575,18.83747,25.84311,-0.59236884,19.321747,3.4995494,16.347517,-9.346921,15.959122,5.7472773,14.438417,-10.253751,15.772342,0.9975405,12.472265,-7.7664576,11.054949,3.8015885,10.606328,-6.364454,10.765322,2276.596104719195,1584.4981159902627,2174.7415970844545,809.6271461913068,4451.750256890716,2555.9568270269265,0.11747007978723405,0.13271893659691983,0.07045536,0.055296402,German
-292.6173,151.37682,68.674866,56.68288,9.46944,27.898151,20.995956,24.74445,3.2630792,19.128222,6.890024,15.589017,-10.115039,16.89814,1.783177,15.12622,-10.480206,16.889225,4.335462,11.900419,-5.2915196,11.169621,2.253269,11.564302,-4.3666162,10.947509,2431.938624524139,1510.6531040841705,2330.191150930033,693.5259938189793,4831.196670958449,2451.8261836145393,0.12469409355047885,0.13184487061848013,0.06621217,0.05761731,German
-245.87802,145.35597,77.16775,57.094032,6.5114365,28.537611,19.041988,25.475456,1.4191564,19.044285,6.1634235,17.326702,-12.583051,17.294338,0.23164943,15.173128,-13.683688,16.905956,3.032544,12.736655,-6.8975577,11.229422,3.973281,10.138822,-9.229328,11.989409,2503.993375205907,1601.9143864674165,2312.107750991296,658.6719728070656,4814.963484171119,2522.685633478594,0.13441049457498108,0.13134942005405245,0.08853634,0.06494161,German
-257.82318,159.69028,65.99243,57.421772,9.219455,29.606678,20.076563,26.159426,2.3805835,18.395834,4.862155,16.840767,-12.360922,17.633072,4.601588,14.677646,-12.387835,17.43968,3.6133604,11.833044,-7.010305,11.898053,3.9983315,10.486209,-6.3696527,11.097711,2604.8469796386207,1591.381810263282,2376.551832863078,691.996471848092,5098.65217674827,2474.1127530013964,0.13495668293210505,0.13511557137140748,0.09005445,0.07403475,German
-284.33154,169.6645,60.98962,56.091007,6.8857255,28.027275,18.167126,25.122833,1.3707812,18.773338,5.731539,15.636996,-9.934359,16.51092,2.606766,14.920714,-9.603328,17.389946,3.295066,12.569364,-7.3482623,12.491846,4.1652555,10.146848,-7.407191,12.004454,2449.109552488433,1602.9404704841768,2288.511590298297,836.7900522529237,4897.431743061626,2570.1540155577322,0.12219627161033411,0.13382554960736903,0.08100556,0.07364318,German
-235.69456,118.20864,65.706,51.909542,-42.279655,42.500748,54.200203,26.411509,-18.575531,22.82506,-6.402091,19.274542,10.217312,12.971251,-10.963676,14.21426,-33.54975,15.705113,-13.311844,14.074977,-17.4046,11.528333,3.6042247,11.541682,-18.585436,11.333814,2704.3828642704484,1179.8444427744223,1845.150791104214,460.57958534921823,4488.128478391513,1636.8417023018112,0.17902611569816054,0.10997178493308357,0.0734153,0.048434474,German
-225.1974,100.49844,80.7094,55.851078,-44.71589,42.427883,39.15296,27.74815,-9.491061,20.346998,-11.441938,21.306341,13.1498995,13.336236,-14.784856,14.381165,-28.76201,14.336603,-20.401293,16.232115,-10.766307,9.699578,-3.4863415,11.208301,-15.081412,10.439479,2541.014814904088,1403.0475269568608,1872.8381889055079,582.5107450896868,4234.8086145754,2099.9050746648313,0.16567442313642422,0.1255178332611552,0.07757497,0.047082018,German
-174.45863,120.98714,57.426807,55.790005,-55.725765,40.575573,35.256557,27.84504,-20.250675,20.015055,-10.257197,18.835781,3.6557918,12.4478445,-19.224611,15.420007,-29.0355,14.534216,-22.544613,15.906064,-17.437641,10.384684,-4.557381,11.801602,-22.469675,11.769554,2808.6165387687593,1282.9941053217506,1939.6912207334444,540.9833783357699,4739.942694213438,1870.0716922930494,0.194998618539957,0.12396819171389073,0.12120819,0.07125155,German
-319.19864,144.3757,80.25416,63.94679,6.3899193,29.466042,34.174942,31.590422,5.628935,22.911806,13.040099,16.138737,-0.8812948,16.48688,9.028926,12.878602,4.082978,13.062577,3.8699405,11.132822,-9.996962,15.559885,-0.1993837,11.060452,-2.7984772,11.693219,1799.869966843663,1224.9365389101674,1953.6752742218832,573.3537277249554,3523.963612472931,2162.8648493663973,0.09181931525956448,0.09884585277945983,0.056501817,0.056689654,German
-321.5195,141.22052,82.01776,63.737053,4.0927815,30.185432,36.644035,33.863434,7.4589586,22.52127,11.69828,15.759059,-3.958869,15.873516,8.238246,12.179189,5.8280296,11.878927,6.0018697,10.925213,-10.261729,14.409146,-1.9831195,9.856662,-5.8909245,11.872285,1870.7332071153955,1180.1589357526693,1990.0610235554918,567.6446122218307,3730.7344184173962,2098.3029146187005,0.09126566973307511,0.09342582714038498,0.052883238,0.049336374,German
-306.16803,143.80981,77.39122,63.444405,-1.8720181,32.730488,33.5576,31.297726,8.346006,22.712345,10.154938,17.0656,-7.2793217,16.284061,6.8928657,12.880025,3.0660434,13.03851,2.415581,11.582625,-11.951904,14.6554,-1.5555996,9.843555,-7.8059044,11.104492,2097.1957038316655,1325.5901173289924,2016.8192677720701,581.226173846896,4014.98897812687,2157.535221499364,0.11389359792580774,0.11384032428129619,0.055640247,0.052710712,German
-325.35428,143.5635,95.32254,64.58678,1.7324858,28.56399,35.98638,34.524162,2.9574122,21.025288,12.339073,16.20143,2.1304784,15.860068,11.662284,13.670842,5.0525317,14.520896,7.839068,11.415193,-11.218125,13.872688,-2.9642096,11.258218,-7.054471,12.046257,1718.7515537460893,1138.6811319148385,1847.2575733670758,527.6441400511479,3318.1405802719464,1993.849496051464,0.08887978945156307,0.09300335781856843,0.05503697,0.049090505,German
-335.8632,155.06136,85.36984,69.024765,2.609558,29.229643,33.242546,32.62773,4.823755,22.448229,11.3241625,16.362152,-0.9553983,14.681543,7.4756393,12.128619,3.2054276,13.065802,10.34207,10.643957,-8.077751,13.923347,-0.0648738,9.90272,-5.3338623,11.519898,2013.1834999312707,1206.300445025039,2081.504694757392,699.667839775334,4123.76111619016,2324.8908053472423,0.10010898966392649,0.0921237597968293,0.052965894,0.052080445,German
-344.43686,146.19385,81.675064,62.93381,-2.1110682,29.491346,28.929457,29.93671,3.484171,19.383505,7.642227,15.190016,-1.4146124,14.958739,9.387549,12.673158,4.9301753,12.745495,4.063952,10.364528,-11.999533,13.537176,-2.1637113,9.81087,-0.7221038,10.941447,1884.3627553536867,1109.2434790550292,1937.2658261440486,548.5950214803908,3702.578980598565,1975.8989412373085,0.10087226798527191,0.09193921301525308,0.040921222,0.04312812,German
-274.6048,134.46222,78.05422,60.08326,0.051342305,35.26295,21.513624,27.95328,0.89080024,19.289972,5.4547887,16.878862,-15.66258,17.91215,-3.0419786,15.835917,-13.370802,16.994131,0.7913108,12.910469,-5.206011,10.723578,-0.21613511,11.602025,-7.6842103,11.598669,2408.745441195025,1531.6353425346235,2196.88783126585,523.4265978866329,4521.9233504143685,2264.721915314926,0.13371933707587427,0.13398837659294782,0.064038776,0.049471207,German
-273.73038,136.63315,78.04609,58.674904,7.067662,30.417418,22.352417,28.362648,1.8468126,18.713991,4.3278975,16.798973,-10.767094,17.164799,-3.042523,14.937202,-16.382639,17.563524,-1.0538614,13.26271,-5.6223993,10.589146,0.62775785,10.498088,-8.49064,11.753973,2265.9124145875767,1477.02089317691,2208.1640451963576,617.427772318028,4367.6846913479,2373.966340060248,0.11912485491522003,0.12395646384955857,0.07296387,0.05665595,German
-260.78165,132.25432,69.05944,57.11571,7.584429,28.796028,20.440054,25.894318,3.0137353,18.506208,5.371479,16.053993,-10.007326,16.228071,1.9367967,13.593483,-12.849109,15.781235,-2.7946615,12.118244,-6.4691076,10.46136,-0.22006387,11.933988,-6.486291,11.177889,2406.6886571878067,1530.8342683675949,2277.09572453375,665.0837954179334,4698.492935742932,2387.4283743086994,0.12519295485228715,0.1288222025351084,0.075396955,0.061428122,German
-279.17142,133.60478,62.268864,56.32796,7.554527,27.570894,18.709496,25.29254,1.2704148,18.338387,2.8255615,17.335314,-9.943572,16.198042,1.2005007,13.503085,-13.10012,16.829037,-2.0403848,12.464609,-6.9648604,11.313014,0.8310689,10.955317,-6.7973347,11.998758,2488.448321044075,1495.997769729398,2341.063889672395,585.8957494543274,4892.415650250161,2295.0273634848168,0.12631476415346746,0.12770025900008336,0.06520365,0.06173322,German
-274.4088,128.01135,64.35008,55.245197,6.343793,28.763453,17.38882,26.084192,-1.7394874,19.93686,3.9384484,16.053303,-7.747344,15.916077,1.9253473,14.363393,-11.800349,16.141365,-2.009289,11.77825,-6.197566,10.563129,0.30338806,11.19259,-5.441706,10.833638,2515.388621662126,1451.1337483606537,2382.31452341591,496.24203623722036,4962.5993513748635,2192.0809998617256,0.1286183986080786,0.12847963632880163,0.060014404,0.052687824,German
-278.63297,141.01036,64.07375,60.79222,9.266044,28.85602,21.292637,25.548248,0.8968769,18.645117,3.6429749,16.525936,-11.085291,16.709808,2.4215193,15.522818,-13.070769,16.6198,-0.7217147,12.147565,-8.076238,11.374142,0.51632804,11.357415,-5.5072117,10.499674,2547.6585354975055,1696.84900710289,2250.0478065958087,688.7613728332875,4820.536608573718,2504.5599850375515,0.1414700027981278,0.14460672432601798,0.06607346,0.055073895,German
-328.6878,155.00801,89.48124,65.547195,-2.6847835,31.589317,36.69921,33.90754,5.7735643,20.958536,10.038178,15.361459,-3.4091437,15.9647,10.302762,12.808107,3.655502,14.178281,8.015587,11.505554,-9.995194,15.100124,-3.3928154,11.053136,-5.520843,12.121674,1826.9760022681915,1101.8685108913483,1927.5907556496918,574.6362701190487,3657.863460596305,1968.3548895965507,0.090086523656215,0.08838862440004674,0.056253944,0.051802117,German
-289.42764,139.72348,86.14182,62.88094,-2.1131117,29.674961,36.015278,32.70802,2.530905,19.85809,9.139368,15.897403,-0.94715893,16.61186,9.853344,13.052239,2.925095,14.371944,7.78522,11.683786,-11.862811,13.691046,-6.2756205,10.072887,-4.4524274,12.276355,1874.4193239904541,1129.3587384167072,1917.0697291243998,537.5039451320202,3664.3407210208584,1950.6578849478333,0.09504955236991627,0.09025187496104345,0.06731882,0.0603555,German
-298.84937,142.99393,88.27861,63.781635,-1.3965821,30.570675,38.507854,33.91597,7.4162683,21.040993,9.546166,17.35029,-3.6409488,15.987525,8.072455,12.115501,2.8061159,12.883991,8.928209,11.784738,-10.4049635,14.774901,-4.727832,10.765606,-7.2331424,11.503055,1891.0969995029197,1147.4004755451585,1933.5686709828067,564.5105654935758,3716.1462225823834,1994.7277468523073,0.09107631164256581,0.09029141674461147,0.061982587,0.052506324,German
-305.38898,146.22807,84.029305,63.724026,0.0044921255,30.420675,34.24934,32.027184,1.5172182,20.614414,12.023862,15.982224,-3.9278255,16.484919,9.663932,12.4883,3.415434,14.704647,6.4985657,11.263199,-13.491446,13.28138,-3.8138044,10.387116,-7.057221,11.810778,2018.7958412195117,1242.0308994020118,1970.5285986697659,551.1425044362194,3929.887159217359,2039.603127591096,0.10942426279673591,0.10109608545669553,0.060032777,0.054180317,German
-318.15353,140.70692,89.574615,64.13772,-1.4278148,33.04876,36.799862,30.732767,3.7414913,22.804901,10.36541,17.47365,-3.0294268,16.338013,7.673756,13.207441,4.26813,13.260764,6.6304774,10.618297,-12.486118,13.852172,-4.769412,10.458812,-5.988063,11.865574,1901.796546834501,1167.4278224675584,1917.0856225455534,566.2705421012109,3743.7842568861165,1986.646844828824,0.09844989466677646,0.09306878449233828,0.05298762,0.047415335,German
-325.8665,151.45245,90.019295,65.22917,1.2725185,33.15552,36.46465,31.314222,4.900262,22.341465,13.981205,17.120333,0.079694316,16.449333,8.470609,13.408223,3.3734486,14.4665,5.728428,12.51965,-8.159823,15.355771,1.6760821,11.520082,-5.7591176,12.922697,1781.0886686452159,1146.7861149592682,1935.8648138899537,573.6580519311702,3542.6570754150657,2081.777853788262,0.08607792775795829,0.08664102763168159,0.05609506,0.053168096,German
-297.68402,138.96318,85.8117,65.04352,10.299457,32.133167,44.36534,33.37172,13.912324,22.432281,17.37037,16.658215,2.4354649,16.926664,8.367049,12.918341,4.421468,12.739244,9.034835,12.091503,-2.3197641,14.877942,2.2209644,10.585393,-5.039075,12.927505,1585.5226633644502,1181.8376687269838,1850.846867718097,584.6200266605738,3078.9626670745483,2197.736138071921,0.06870666258785141,0.08339589542627109,0.08008627,0.0688258,German
-348.06995,163.56621,77.171776,67.833275,8.311332,31.213205,37.20446,31.282593,10.979004,22.689661,17.941404,15.910648,1.887217,18.549871,10.74109,11.994644,0.56877655,14.187508,9.1391945,12.544236,-2.5508373,16.777782,1.9704462,10.572979,-3.6455724,13.6356325,1745.0942760366713,1186.7733932180383,2076.8464984228935,640.5841158091868,3687.4109779916157,2204.0159291302048,0.07317957861498257,0.09365317933709932,0.061850857,0.06281262,German
-292.13806,144.78992,81.50449,61.251232,0.14834364,30.81688,38.326096,31.86424,6.1414504,22.97432,10.6145935,16.47236,-6.2427654,16.232468,6.3305864,12.706614,-0.028254686,15.399001,6.6536794,12.099186,-7.3799415,14.216726,-1.0759181,10.514944,-4.5059857,12.340555,1910.9251477526632,1145.9137362943973,1970.5508927441138,515.3724654303425,3789.660811473658,1937.3455386837052,0.0952306273958765,0.09530775821521698,0.06573782,0.05941546,German
-316.21216,160.10278,84.33895,65.11777,2.0708034,32.794186,39.54197,32.027206,6.77836,23.28511,13.008825,17.179117,-5.140609,18.023403,8.410476,12.915145,0.8420486,15.878113,10.100068,12.812252,-5.771456,15.467795,-0.68108004,10.668765,-5.5092254,13.217174,1857.1932324962813,1198.7108996233005,1988.5923996884308,558.1562084914118,3715.9893281505774,2033.0516701946685,0.08757321554428883,0.094503440412256,0.061195582,0.054731093,German
-321.2293,153.7483,78.01553,65.293594,4.3261724,30.261702,37.870495,32.172386,6.5903935,22.793213,16.742699,15.153306,-2.2743144,16.805311,7.8328333,12.885293,2.503766,14.48756,10.498029,12.978502,-3.9001324,15.880176,1.0300859,11.215154,-2.805258,13.429374,1931.6637866124104,1247.9486377219837,2028.4560614447569,528.4815518336857,3835.0256326202766,2074.856964542085,0.09508904053163444,0.10301003030984701,0.058391068,0.056244947,German
-311.60806,148.22305,92.53356,68.45616,0.43827882,35.090225,39.02694,27.71682,5.4385962,23.671968,12.389221,17.335594,0.54482824,15.605694,3.7844255,13.837541,-0.9791869,16.290577,8.023849,12.74018,-8.730644,15.546403,0.062455572,11.207471,-5.486494,12.164944,1866.9603731158022,1181.0592122740645,1919.592689873423,612.0221805037625,3688.197164750176,2117.467134682157,0.09966962513816319,0.09473361886115343,0.061824933,0.05592509,German
-303.4035,143.65509,80.12437,65.269714,5.318105,28.50781,48.343758,34.8515,15.6342,22.914307,19.791014,16.510347,-0.23310421,17.320498,2.9151552,13.864544,-4.3437715,15.153258,6.5903754,12.644868,-6.586915,15.58118,3.9639158,10.761631,-0.7995961,12.921922,1948.1982837027404,1186.5057444050656,2054.042767803253,608.4152596213477,3996.0838719418175,2136.2958630426833,0.10008778966459117,0.09673330618636497,0.06899198,0.06168071,German
-311.12943,144.08852,100.11036,67.516266,-0.5263679,31.6181,41.915077,35.13102,6.908299,25.56395,14.710751,17.231646,-2.8622956,18.759687,6.020104,14.460435,-0.2900343,15.742407,4.780569,13.282178,-9.64015,15.474414,-0.04708432,10.021241,-1.6711714,13.079952,1789.351541799449,1155.5964376753686,1870.5490287587404,578.7827761186916,3496.3110122918833,2033.4147976238633,0.09632630601261706,0.09161184410210206,0.0593195,0.049223926,German
-285.63428,132.16916,98.71625,66.97605,-0.11859155,32.073788,42.602512,31.128607,9.116463,24.442087,16.937227,16.364813,-3.4197848,16.053654,3.897011,14.347146,1.8063942,14.767698,10.146954,14.145976,-9.495192,16.742023,-0.77378213,11.591395,-4.9179006,12.321567,1757.158482591303,1191.6546463924158,1839.1490570704054,555.1307427736363,3458.3421989889707,2095.7098399893475,0.09138078278186275,0.09653788100586508,0.07550124,0.060477767,German
-295.40298,138.29543,86.6924,66.020744,-0.93698096,32.678314,39.017937,32.613487,6.089858,24.025597,15.174581,16.211592,-6.942515,16.61299,3.403366,12.653097,0.18432876,13.354949,6.445931,12.360484,-11.4304285,15.53395,-3.3043203,10.872994,-5.92392,12.1304035,2027.4201964652873,1224.7521848691993,1958.6230435697191,580.677338205352,3938.0788253051714,2116.2202808207558,0.11102234535315134,0.09976405970441264,0.06466194,0.055341396,German
-282.47684,144.14635,87.06036,67.22106,0.10298699,31.78848,38.501915,32.36832,2.6906335,24.488373,14.571612,18.142305,-7.3247566,16.596788,2.710994,14.197735,0.30906776,14.76092,8.530777,12.617162,-10.181558,16.27318,-1.0177734,11.080105,-6.2403584,12.329242,2067.103879884171,1244.5051721435009,1996.2165726122485,554.768221194534,4028.5516155652763,2095.0583213360874,0.11255723517131543,0.10242548170554248,0.07392845,0.062108565,German
-300.33386,151.0418,81.27295,67.162186,-0.8105996,29.51505,40.745903,33.65448,6.8952446,22.130259,12.56308,17.268608,-3.3660324,16.555044,4.860364,13.420141,0.49557534,15.655283,7.9121804,12.374597,-7.821502,16.440222,-0.9910934,11.6630535,-1.9341576,11.768603,2016.7116375858716,1186.0666353831646,2009.6129790872376,586.7036643726899,4003.98546510008,2070.4329608058833,0.1031687433131241,0.09495053768964225,0.06973187,0.06487298,German
-220.9413,120.02449,73.098404,64.813225,4.2584667,35.40483,16.806807,28.381248,-9.725888,20.188658,-9.776954,20.575268,-14.246777,14.474727,-0.32799828,14.106846,-16.648375,14.784525,-2.8395512,16.382988,-18.22754,12.046381,-6.254429,13.825472,-11.181554,10.592914,2573.4565505741084,1977.072379798613,2096.5127531194344,712.2197491341195,4512.594877492887,2848.7163022038594,0.16304674239966055,0.16925551946981018,0.11825647,0.084082514,German
-232.66118,112.28924,78.35938,64.801,5.7751827,34.591705,19.998419,28.626642,-11.951763,20.417046,-4.6447315,18.434708,-17.811474,14.374456,1.3836602,13.761531,-14.434714,13.552115,-5.203443,15.872947,-17.069256,11.657451,-6.5525637,13.952918,-11.464357,10.226105,2671.897900314387,1871.25780262186,2153.196710110499,596.9324200747584,4779.599920468318,2710.4420009015957,0.17639783309012663,0.1664120098864299,0.10283171,0.074630514,German
-232.68481,115.983025,75.05401,66.0301,7.2892294,32.241863,16.677523,27.063166,-10.224288,19.915478,-4.2621093,18.995285,-17.101402,14.725936,2.3932843,13.283604,-15.131128,13.490531,-2.7498524,15.836847,-16.977268,11.55885,-6.844757,14.031475,-8.919985,10.03106,2801.5517920479247,1930.3410920629917,2201.3668800248447,584.3173708537405,4958.00390186424,2736.5105839530343,0.19065409220621257,0.16862439716632927,0.09881695,0.07158218,German
-229.46191,124.12215,78.36779,67.96461,8.297462,34.185745,19.663754,29.061646,-8.873748,20.14797,-2.601989,17.32554,-15.9264965,15.303181,-1.4533365,15.29648,-12.464256,14.095321,-4.8262343,16.137459,-15.416785,11.873821,-6.5257425,12.876174,-12.104524,11.295557,2721.850933638941,1949.8028815685025,2158.4032810290128,588.8704028753258,4733.628792355297,2810.6636277302937,0.1839698280528291,0.17106523300487878,0.118401475,0.08742564,German
-228.36856,111.37751,80.95389,68.40194,9.914489,33.44054,20.036634,27.649706,-5.811456,19.017702,0.096641965,16.209526,-15.637286,14.882999,-1.6280606,15.66575,-12.626253,13.226738,-5.0094233,15.989774,-15.318767,11.515097,-8.231666,12.983192,-10.2254925,10.228883,2678.892077592398,1939.4366379874252,2166.433795245356,572.366790165825,4714.154183711105,2761.5548557526495,0.17949736941572375,0.1699881024846857,0.10523704,0.07955243,German
-217.20581,129.09505,77.17904,65.873604,1.2256494,37.121765,15.161414,27.974964,-10.141342,21.082214,-4.3458047,18.460363,-18.717184,15.601253,-1.5294673,15.357825,-15.838689,15.033758,-5.5428276,15.858106,-16.272026,12.451479,-8.534487,13.475518,-8.495401,10.583937,2705.9953880860553,1875.3273681311484,2160.1231625401188,607.8287014839885,4763.0543268249185,2748.904750422897,0.18207411066006918,0.1653400525268027,0.13506144,0.10602004,German
-209.60187,119.35143,76.06365,66.51772,7.4636593,34.00808,16.841185,28.522495,-7.7414517,19.597368,-4.047146,17.701138,-16.558453,14.331549,0.3930917,14.458045,-15.355613,13.952225,-4.080682,14.818177,-17.38094,12.125945,-7.155242,13.166146,-9.873544,10.543599,2857.5905116951335,1972.4803478823671,2217.2734063320004,608.8848877927516,5018.55898575044,2815.7842531600536,0.1998019748263889,0.1725766531330626,0.12931088,0.09889838,German
-201.88641,115.115364,66.66158,63.974087,-2.946979,36.098606,11.134693,27.356655,-16.094995,21.794785,-6.582872,17.685726,-21.858925,15.099985,-2.70026,14.287847,-14.380367,14.521389,-8.832682,16.229818,-17.075092,11.661103,-5.467166,12.593997,-11.85536,11.402452,2693.8618853442545,1987.458158905902,2064.9535638501725,725.607887814172,4683.72088854826,2811.3787586513467,0.17964176226265824,0.17427840870203198,0.13856892,0.103207976,German
-213.757,114.343796,62.426003,62.364525,3.13234,36.192356,25.199461,28.360622,-9.9188175,18.69793,-7.9429154,19.641922,-10.445366,13.359151,-0.1936962,14.457403,-17.014236,13.631482,-4.1041226,14.878333,-17.658905,10.944495,-4.7228208,12.861987,-12.942855,10.995839,2897.1395989021125,1959.682999793264,2256.9997834629535,668.0746154997022,5105.6323902027025,2751.2907557653953,0.1830001038985414,0.16962328370341578,0.100756176,0.0636054,German
-217.02663,109.15657,60.226166,61.86219,2.5169125,35.148586,23.36356,28.918013,-10.714377,19.276945,-8.485845,18.859232,-13.251781,13.198275,-2.1004972,13.742875,-16.89811,13.313498,-3.6131327,14.480736,-16.44449,11.144601,-5.0002465,13.267006,-11.729495,10.874274,2906.2244635693555,1940.555750554725,2234.7868955119948,649.447998157884,5127.8990478515625,2692.0829478104483,0.18648583984375,0.16835418698205656,0.093015164,0.059196226,German
-226.76604,115.16162,58.005707,60.40149,0.9469522,34.122562,20.228397,27.057587,-12.099573,19.23842,-5.287182,17.839931,-12.073071,13.19225,1.6602128,14.256277,-14.766959,14.051334,-2.0052886,16.699186,-18.379028,11.894493,-4.3293633,12.779305,-13.752752,10.318076,2986.561211969043,1938.8300421828194,2270.9108178833753,655.0950093503897,5325.305126058109,2673.0322039714238,0.1908175280040733,0.16881623483482253,0.08525249,0.057923127,German
-232.71484,109.92647,68.228516,63.609703,0.090183966,34.623512,21.982681,27.459232,-10.179466,18.504221,-5.1040535,18.372545,-10.625908,13.327627,-0.7435984,13.630711,-12.432669,12.907907,-3.6458292,16.990154,-17.430788,11.496591,-5.4112315,12.979126,-14.495364,11.188356,2766.0068942866124,1902.2322071784583,2200.1319227684403,649.5688365378763,4914.900391340168,2711.8039521282526,0.17469222726336506,0.16296496389383638,0.0826176,0.0521849,German
-246.90875,108.013885,66.47954,63.709846,5.0638795,34.752663,23.603573,28.45164,-7.771323,18.322313,-6.3441772,18.469416,-9.605644,13.605088,1.7067755,13.177086,-13.94934,13.000341,-1.7818266,16.549763,-17.74453,11.186807,-6.7525535,13.702922,-12.382075,11.168442,2760.178156892953,1961.58975435295,2183.990812698304,685.8782648083862,4863.403845346103,2794.8193947117707,0.17555470772351653,0.1688173733823962,0.07664702,0.051317144,German
-261.20786,140.73582,82.76247,59.93317,11.918837,25.954758,28.971178,27.802933,21.28685,25.361732,9.167245,14.204133,4.5964794,13.06986,6.912266,13.11449,-17.78826,14.928724,-3.5907056,12.175431,-12.66214,14.805715,3.9577553,9.520495,-8.701299,11.020831,2154.7186363237015,1152.0570592982087,2306.269894719416,518.9367186364088,4337.811222254673,2341.9362106204717,0.11132829401393216,0.08912778381615981,0.0826707,0.071544275,German
-292.6096,147.53033,76.4718,66.48807,5.976741,25.64391,24.682116,25.950373,23.526613,26.060104,11.408115,15.253305,3.7433136,12.830025,2.2526324,12.153263,-14.987151,14.741024,-2.575152,12.204184,-11.744054,14.039528,3.5956604,9.28518,-6.232091,10.485852,2070.8440969564763,1185.878084786611,2180.0875208718853,580.8958157154225,4100.979756200037,2359.474875257997,0.10932106195494186,0.09074235792340642,0.070844315,0.07149457,German
-261.35056,138.49521,77.53505,63.36359,5.48281,26.093721,29.760971,27.939226,25.983892,24.868195,10.72266,15.743733,0.20692366,12.958431,-0.5159516,12.713151,-16.48012,14.326888,-2.4305964,12.799168,-14.45068,14.841758,3.4284606,9.800257,-8.085143,11.59102,2218.2571109878004,1187.5520886580962,2287.3549162062563,514.2490006676701,4390.172058831816,2370.752512335233,0.12001946081635413,0.09417741719842813,0.0821519,0.072040655,German
-250.7968,129.38657,88.594696,61.52822,7.042247,28.218014,32.305832,28.334042,27.75667,26.447853,11.502789,14.961096,1.7786299,14.0413065,4.424339,13.987373,-17.860508,13.918269,-5.02225,12.670251,-14.77811,14.451269,5.33497,9.8606415,-7.534342,11.449513,2056.3388916037256,1229.1426443210403,2177.9148943061014,575.6051965720555,3999.826630589046,2424.357386093638,0.11265569244701557,0.09691528630822223,0.09030331,0.07366308,German
-282.0269,158.28851,80.25568,64.84059,8.369985,24.871937,32.16306,27.88174,23.124409,24.37519,12.514182,15.293297,3.7566469,13.364961,5.027578,12.765398,-13.908457,14.626593,-4.317882,13.02664,-11.578535,16.137083,9.395172,9.387219,-9.835536,12.0833435,2129.5657143625795,1170.5690609201238,2268.1671737612646,497.0101083598646,4292.824474607838,2307.856859741615,0.10504078358575925,0.09685540980059253,0.072528794,0.061580785,German
-282.79865,162.06969,75.54174,60.75408,7.456075,25.37,32.435066,27.694935,22.147022,23.089699,12.444545,13.444097,1.0212659,12.544656,5.6285963,12.563925,-13.581338,14.863793,-2.3902738,13.018155,-9.237026,15.493798,6.972201,9.477568,-10.418994,12.707562,2239.108186079227,1158.1033836412344,2329.42727326292,484.78276609377934,4556.016650390625,2249.3244821500502,0.1117841796875,0.09855306767702333,0.07150053,0.06393818,German
-310.36346,156.99829,74.89193,66.20539,5.87669,20.5985,24.905828,26.564447,21.585957,23.042448,9.88157,13.58032,4.6591835,9.489337,2.7268937,12.028769,-11.413833,14.18187,-6.014916,12.191123,-10.768301,14.747088,6.106973,9.707573,-7.9798403,11.140713,2102.4967585331206,1055.0532196931722,2246.0550906257326,557.7454230590643,4318.902709712322,2272.231288387046,0.09932177634928717,0.074663199176206,0.06896167,0.07471231,German
-262.7345,132.3003,83.377716,61.819645,11.548222,25.508709,30.672527,27.749947,23.40159,23.880262,11.529718,14.267789,0.22479111,12.571759,2.0233824,13.620236,-19.361012,15.076469,-3.653612,12.524275,-4.8230195,12.896315,6.1244187,10.788445,-10.387082,11.398652,2132.835699715464,1193.831341794887,2250.2049535256187,506.4264210258448,4229.470235678094,2339.575811904372,0.11365740460143522,0.09211863493908895,0.079047225,0.07084466,German
-302.4686,163.52599,80.84321,62.811214,6.2417893,22.393234,27.764353,27.054651,23.29554,22.692785,11.302928,12.865619,4.6520953,12.341307,3.6003554,12.713395,-15.168409,16.25897,-4.811677,13.154375,-7.443693,15.191102,9.641981,9.690216,-8.624423,12.116143,2090.5773829351997,1042.1381247661238,2263.4013252021796,506.51986246571465,4315.36161401282,2184.439709104356,0.09535191843980224,0.08424118604237897,0.06934064,0.070529014,German
-231.38577,129.11188,86.945366,61.325863,6.901018,25.964752,37.344387,26.611773,25.794365,25.37937,11.562534,14.395328,0.25568223,13.385364,5.0604115,12.93249,-16.341839,12.625228,-8.542956,14.173784,-17.156761,15.0440855,11.151133,10.513098,-10.278287,11.295305,2238.21348308835,1280.6124912050286,2255.9955380031947,502.45114323803256,4319.912143062476,2394.7016308561383,0.12595971876197776,0.10223425778522843,0.09731488,0.07211678,German
-298.6658,157.72899,69.429886,61.224586,0.39390588,30.06327,16.779932,25.146282,0.41089258,21.37425,3.700373,16.340319,-10.157351,17.207748,-1.1686531,15.705914,-12.258996,17.749844,2.0193756,12.746855,-7.356603,11.984771,4.2751837,9.57322,-7.178088,12.819606,2304.2067068549736,1538.3095381605763,2188.7381414356546,707.6870587928854,4539.643974070169,2393.3873428579914,0.1130134442101227,0.12895472463377794,0.06328225,0.05825039,German
-310.8752,150.68454,64.20611,60.980125,1.408176,31.215052,14.652199,26.16596,2.0991726,20.979708,0.6476818,17.135847,-9.218072,17.295265,0.2525002,13.93553,-13.934289,18.421103,1.5253296,11.788176,-7.320263,13.921263,2.6571684,10.545931,-5.7316246,12.0758915,2263.5734994962672,1434.6365980889045,2220.8020929477243,703.7745011580088,4486.809293491634,2442.6205923480416,0.11141100038276465,0.12023004279162602,0.06315402,0.06533856,German
-274.42776,139.42691,61.683132,60.53668,3.3576589,30.277233,18.594358,27.56759,2.7606459,18.128345,0.441878,17.207895,-12.747052,16.905062,-0.5790356,15.974805,-14.327313,17.45061,2.5150452,12.365235,-6.388223,11.16487,1.8507822,11.069153,-5.458203,12.165791,2574.4137317101245,1575.7316986656792,2342.4009892777053,616.1937750752617,4995.294560559509,2414.1422712799044,0.13413058565114275,0.13346347805381942,0.07491788,0.07028708,German
-302.3443,155.50792,67.139114,57.701927,2.600237,28.85973,15.663796,24.851315,3.1294956,18.649614,0.47400948,16.749546,-7.067137,16.351185,2.4457374,13.696811,-11.4691925,16.98125,-0.19076437,12.173204,-7.0741363,12.357983,2.6468625,10.27658,-6.9264584,12.634808,2249.8481067479493,1386.0987058793771,2294.734853632977,692.3146222024908,4572.797699989606,2386.1160904852018,0.10142536262010347,0.11203600619238938,0.067897476,0.06530452,German
-319.22702,164.3253,66.97293,60.785213,1.1163939,29.150133,15.530022,26.392195,-0.276556,20.17514,2.279867,16.750254,-8.132732,16.16354,0.38469392,14.809657,-11.669834,17.369102,0.71348023,12.427132,-7.2947664,12.498813,2.427962,10.669626,-7.2948923,12.007296,2176.391618330674,1512.304967985128,2111.646373688575,873.7839123383,4293.422223081683,2636.3621135883755,0.10716216738861387,0.1193068166369987,0.056712,0.053201605,German
-230.08159,127.64253,65.52949,62.525887,-0.60933995,33.779305,13.007385,26.331175,-11.652005,20.26805,-2.915915,17.431925,-16.492783,14.017024,3.1560898,13.242235,-17.21344,13.870805,-0.9682056,14.843175,-18.471434,12.032359,-4.8063254,12.335203,-11.00399,10.703282,2732.175477318027,1982.482464801484,2123.422459352083,747.9848075016732,4822.76870847687,2819.7832060908727,0.17016558843230534,0.16292910587390932,0.10181983,0.07568037,German
-225.80734,120.236305,69.20138,62.191887,-0.19329944,34.113594,11.540932,26.2517,-10.241517,19.650875,-6.5024495,17.566996,-15.844438,14.106027,2.5114882,12.839495,-17.539675,14.382815,-2.4055398,14.856753,-18.723156,11.638242,-6.287365,12.512292,-10.955379,10.361211,2642.034510590079,1948.292035029417,2120.6363313247916,732.3675266161925,4677.818618808147,2834.052135808819,0.1658094458133751,0.16534996214472938,0.103738874,0.07736617,German
-237.19272,119.10441,67.22084,63.97031,3.663011,31.358112,14.997117,28.07055,-7.9019065,18.933647,-5.3139305,18.568224,-14.378249,13.793701,0.18406986,13.396882,-17.255566,14.542486,-2.3942049,15.538048,-17.930939,12.105822,-6.3443246,13.3455105,-10.324795,10.614163,2588.4010082603545,1989.2952602312064,2086.6404546496824,751.3944739753292,4559.50460201879,2860.5488441208113,0.1651096265443654,0.16983926760309098,0.100212805,0.076780856,German
-230.99174,123.01366,67.11114,61.43538,2.4006732,31.718624,16.79142,27.270308,-9.082336,19.334473,-5.181067,18.361189,-14.6704,13.3811455,3.1475565,13.533639,-16.183836,13.7568445,-2.1418571,15.922525,-17.80354,12.005111,-6.2199917,12.888547,-10.478902,10.598775,2622.66486076599,1897.4572084877736,2107.2220641643416,740.1475534320294,4697.834092839953,2781.8321235601566,0.16779112446787925,0.163315089184773,0.10022353,0.0785239,German
-230.10815,131.61905,67.48526,63.160473,2.6733909,33.002003,15.097641,26.838207,-9.609877,19.837181,-5.0611567,18.975132,-13.815246,13.921724,2.0266442,13.431246,-16.57829,14.212751,-2.3818762,14.804461,-17.139616,11.875182,-6.982199,13.097232,-10.305472,10.7075405,2547.029601457263,1887.1863297888183,2099.157645372114,727.2456649185401,4555.632051457391,2791.4306575159358,0.15994553224577104,0.16299601486859527,0.10849928,0.083234556,German
-223.66658,119.76151,73.10594,59.723873,2.1648874,32.99545,16.532557,26.36243,-10.475782,20.09362,-5.292264,18.48094,-15.564176,14.16591,2.2326446,13.660608,-16.415575,13.669207,-2.6583157,15.450948,-18.23245,11.615747,-8.464879,12.545034,-9.448255,10.469913,2499.654763675494,1830.8405020151179,2125.8986316252794,722.2488227890735,4532.667240410744,2751.6296202990375,0.15514097918989223,0.15621057336001007,0.10876547,0.07914426,German
-221.9903,119.839355,65.967186,61.017853,5.603009,31.77896,17.82145,27.413292,-9.404086,18.460787,-5.427388,16.828514,-14.3413315,13.755283,3.8600047,13.066689,-14.96772,13.935169,-2.5001874,15.110186,-16.536098,11.087619,-7.576978,12.2997055,-8.41382,9.814388,2583.588189810998,1881.5119146219513,2142.8621283816988,706.3441224188481,4660.44837890625,2753.0337555550464,0.1605130859375,0.16049875124282142,0.11935016,0.09249723,German
-194.63232,119.763,66.52875,60.748417,0.24589095,35.208,14.812231,26.577293,-9.4320345,21.234533,-6.1279626,19.1394,-16.37745,14.7166395,1.771924,14.132384,-16.664228,13.571182,-3.0475147,15.688847,-17.007809,11.486986,-7.178445,12.543017,-9.581165,10.87636,2771.3715954598974,1960.4552293841607,2183.9595805309195,689.9644482004481,4879.769227043781,2758.8271309655274,0.17933013336642775,0.17179174644110426,0.13728712,0.09757116,German
-221.28603,121.80308,64.64875,60.947205,4.1298385,33.351654,15.927125,27.459991,-9.923672,20.472532,-6.0902977,17.928114,-14.746623,14.452128,3.0257134,13.395969,-16.742525,14.343979,-3.0761347,15.58123,-17.121138,11.872614,-7.296009,13.045443,-9.190501,10.85195,2701.2626475739426,1957.5472843146501,2152.2575991384215,737.5347929284469,4823.770223820077,2788.21600343849,0.17255190019562203,0.16817652365252586,0.11494707,0.08571728,German
-315.2948,137.83018,95.24533,72.54936,14.51804,34.993008,38.58707,33.708733,5.1175923,25.925688,16.221733,17.884878,1.1556123,17.208086,10.098067,13.447989,4.9494033,13.754047,3.197267,12.919901,-8.106999,15.601311,5.1319914,11.801813,-2.8540351,12.202013,1775.4583081086307,1289.199983325123,1929.3336749645657,704.8181875584013,3499.018793822964,2458.274219317679,0.08941497455153759,0.0950601045906905,0.072638266,0.06299071,German
-294.31693,143.26941,96.819046,75.379845,8.027408,36.11578,40.054096,33.483948,5.3818603,25.70729,13.98938,18.305418,0.59639925,16.900557,6.9065866,14.535156,2.2781143,14.593856,5.0347033,12.657769,-9.293698,15.719069,1.2021855,11.559182,-1.0718058,12.851667,1879.4636161062251,1262.7147354290262,1943.5261074044413,748.5718118138675,3764.446558819593,2425.708282578116,0.09731915819057815,0.09172819045867597,0.08464926,0.072778106,German
-289.2382,123.65041,96.04781,71.034035,9.577055,33.92072,38.249134,36.148033,5.8460956,24.849878,10.527358,20.326052,1.0482569,16.68787,6.1438017,13.840495,2.9733593,12.556509,3.319779,11.966698,-9.422481,15.16826,0.6988038,11.452373,-1.9254522,11.158273,1790.1340221072462,1209.9896964351294,1886.6370810624117,698.9859072764705,3552.392685834099,2339.083744400258,0.09124091653262868,0.09000210221699707,0.07790484,0.06617206,German
-304.75552,139.94208,92.80458,71.18914,5.0864778,34.596905,38.77061,34.077606,7.5795107,23.516386,12.313398,18.36874,-0.7303639,17.078032,5.0950146,13.737808,3.292682,13.062275,6.790711,11.794614,-8.614729,15.615323,4.6872063,10.325001,-0.6043,10.565932,1854.1466758293607,1183.0623327780484,1977.376354657911,717.247149812545,3789.8198772692626,2295.422046295232,0.09047313839615669,0.0828448315861479,0.06880175,0.061949596,German
-302.6514,137.32639,93.82507,72.87665,10.551606,34.400845,39.152493,35.909874,7.4968367,26.387566,14.431242,17.49562,-2.2818213,18.744902,8.708713,14.469432,2.8735592,14.174697,4.721896,12.671351,-8.976209,15.867722,3.315188,11.4933605,-3.2765884,12.015419,1854.2561683832498,1257.46143320451,1979.5092684831677,712.791322528152,3697.0819862143508,2424.0422813039004,0.09588820571652508,0.09342233656668561,0.0719124,0.061963182,German
-296.25113,143.75461,73.09627,61.044342,6.184698,28.796133,20.186907,24.582785,3.7545385,21.347113,3.6077323,16.894165,-8.958709,16.542255,-3.603841,15.937441,-12.867307,16.854849,1.5001519,11.916005,-5.8055525,12.002256,2.2474046,10.045701,-4.146538,11.690688,2190.7054944094893,1508.9931900814868,2157.80243363618,656.7959785386516,4293.845199160198,2407.8971550665947,0.11488787305942184,0.12927705137119916,0.06252874,0.056874894,German
-310.0139,157.16641,68.918976,62.64698,7.1677012,29.218504,14.945764,24.645565,0.711614,19.725416,4.9310284,16.307133,-9.51622,17.528175,-1.4239955,14.189846,-10.740974,15.916666,3.7013013,10.957182,-4.6848173,10.714065,1.3421601,10.278574,-4.963532,11.693821,2145.6091458777028,1654.8444700126483,2049.627209949143,845.1786803703571,4120.249314382287,2657.938553909698,0.1141925758118986,0.13414918104918336,0.056485396,0.05321545,German
-254.14818,133.70009,80.87837,60.64631,5.672354,32.511864,19.26684,25.887514,2.0170753,20.868353,3.445181,17.249113,-11.687094,17.127779,-1.6905302,15.141295,-14.187171,16.715685,3.1110098,12.062968,-7.238554,11.367379,1.2365133,10.503643,-6.2229714,12.032509,2318.745078635931,1586.2179100245855,2199.608666170107,583.559487291532,4349.363977768842,2400.9500136189768,0.12608806136386846,0.1367687897250633,0.076574355,0.05457005,German
-280.41827,144.51134,68.690575,61.914066,8.274679,30.0035,17.294756,27.01935,1.9790902,19.517843,4.894307,18.133745,-10.046215,17.281488,0.8322262,14.399586,-12.366223,15.934711,1.2905052,11.937809,-7.0376544,10.72156,1.0158983,11.535267,-5.5048456,10.880877,2329.641251471094,1751.4400764339234,2107.1855945723564,789.3860027005885,4308.245345026207,2679.9335327986882,0.12605108555246422,0.13930385468716905,0.06650716,0.053953025,German
-275.05618,147.7138,66.5419,59.45691,4.144097,31.250523,19.021305,25.684826,2.1563768,18.988384,1.5358398,17.66123,-13.93852,17.675184,-4.25587,15.117988,-14.493497,15.928458,1.7088083,12.13835,-6.8872066,10.750664,0.41773984,10.510027,-7.5799146,11.307002,2267.928470215397,1703.3580895187054,2063.2726582896935,836.9342490913584,4256.867249215846,2677.8996602637167,0.12308603085169942,0.1370162205700311,0.07662375,0.06759028,German
-282.85565,150.83221,60.510555,58.65161,6.4072537,30.731504,16.043621,25.40744,1.9399432,17.867594,3.15894,16.608408,-10.878825,17.951876,-1.9305043,15.332484,-11.472479,16.50925,1.3179199,11.578853,-5.458858,11.061289,1.9393482,10.014487,-5.845028,12.426364,2489.407516236394,1563.5755655463904,2319.205153994076,689.8429418845224,4883.147244127418,2429.669079255944,0.1262273064777423,0.13679420098642822,0.07288681,0.069789685,German
-276.09058,155.09576,58.069717,59.66743,0.929491,30.782896,17.666996,26.317415,1.8330802,18.737192,0.5806051,17.119251,-14.485163,17.696041,-2.5452845,14.675886,-13.694381,16.561903,2.042212,12.310817,-5.844833,11.392378,0.48363915,11.002671,-6.578789,12.099513,2542.5177604193573,1709.6342387747675,2207.4979386271134,793.8212240441268,4785.548451720614,2627.357416488133,0.14366997891814068,0.14822554670380406,0.07864888,0.071616024,German
-275.51318,154.08516,57.467796,58.704426,2.575486,29.054523,17.586544,25.161459,-1.0429314,19.68161,1.8072991,17.194057,-10.902191,17.574259,-1.3070667,14.884903,-11.269639,16.121511,0.82868147,11.311424,-6.4365153,12.648477,0.89305466,9.845787,-5.5182977,11.924001,2490.021830934624,1433.2437239778774,2337.231052731558,663.0729572618047,4960.308223442743,2311.589504854459,0.12436461537565249,0.12438934469068316,0.07966434,0.07644091,German
-263.06894,140.1897,71.39496,59.74283,7.023792,29.878222,20.668457,27.925167,1.949829,19.193802,2.6581304,17.81494,-10.589299,16.646738,-3.5304413,14.654591,-13.48011,15.415729,-0.59672326,12.525651,-6.824239,10.639296,0.91617733,10.329735,-6.4650717,11.537666,2169.110135786486,1609.9929609146157,2059.79973739859,834.6815855131032,4111.240786752935,2636.151256137855,0.1162027734236037,0.12693134208829987,0.08162099,0.065595336,German
-222.69827,111.46359,76.09219,63.910324,5.4038396,33.580635,19.529394,28.45686,-8.735439,18.62629,-6.6800437,17.775768,-13.571833,13.326436,-3.5984004,14.051861,-12.8410425,13.672219,-5.4045253,15.06033,-17.312288,11.471075,-6.8220325,14.01134,-11.701429,10.519986,2477.952508504162,1955.4482065278273,2046.7629804931216,750.6559087197458,4385.234823821137,2836.093466005766,0.15519978866247686,0.16473904900815142,0.120148234,0.08928151,German
-217.24072,127.24876,64.97157,67.355255,9.004984,32.60599,19.491533,26.858028,-6.8233767,18.586664,-4.664822,17.284788,-16.947798,14.237662,3.897345,13.95276,-16.259293,13.764804,-2.823035,14.29519,-17.8911,12.402111,-5.1797876,14.265617,-10.040831,9.933601,2723.882270921274,2117.029704095764,2092.5335175004852,771.9851396532333,4725.6272799686,2949.707757890334,0.17775277348079055,0.18086581933931636,0.125952,0.09623041,German
-299.5469,132.27345,103.041336,65.118416,-4.521164,33.079853,43.6203,33.20853,4.0449553,23.301851,13.95723,16.855198,-6.625131,16.685827,2.6743004,14.453994,0.9706725,15.45914,8.162912,13.1717005,-11.100101,16.0302,-2.500901,11.806051,-3.4147105,12.279946,1791.1022042104644,1076.011548789731,1812.3510262251968,532.3586430615997,3488.3318048213637,1900.17367637959,0.09806086658084215,0.0861935375832915,0.060850155,0.047444303,German
-297.3499,138.21686,97.68724,65.0773,-3.3282506,32.87681,39.658554,34.376045,-0.8764257,23.678972,13.515874,16.858349,-4.155909,16.461973,6.0182667,13.060575,4.0083733,14.311852,9.1193495,12.189621,-5.407775,15.294093,2.6795273,11.9352,-3.262318,12.352953,1803.1349418798468,1073.2176717291895,1855.6209690431222,532.7124276002302,3554.258725351302,1894.957114459703,0.09517254088477727,0.08905329104927628,0.059245255,0.049542263,German
-296.77466,153.51247,88.478966,59.94575,0.6410101,30.409277,40.718067,34.155563,2.4294806,21.470226,15.455427,16.426498,-5.914556,16.921318,5.5942216,13.561737,3.2965188,14.677511,10.700145,11.603638,-5.9651947,15.5180855,3.2125375,12.629662,-4.762546,13.129829,1936.02571400068,1067.8063372035924,2038.1337650394628,561.3934494207266,4024.942556787091,1971.5080051759194,0.09759175300961172,0.08622398254064292,0.071115024,0.06291899,German
-318.35648,131.51239,89.013176,62.94097,6.3379316,30.25836,36.906517,33.42597,4.578917,23.00403,13.619178,16.42804,-2.2894266,16.40879,5.4263372,13.353788,4.5372844,11.778644,7.603405,10.878751,-5.2286186,14.112175,2.0212069,11.481159,-3.857036,11.948329,1783.9044371801338,1099.3380641541596,1920.7923078272745,578.9852078880801,3626.646916316106,2032.5588562399346,0.08976026414991259,0.08723655172357207,0.05087094,0.04531215,German
-287.19672,138.80692,92.9274,66.89604,-6.400729,33.6972,38.413162,29.096329,4.678498,21.972448,12.372749,16.683624,-5.502188,17.273634,5.22642,14.008516,-3.0511067,16.261787,6.3772516,13.714217,-6.462115,13.927279,-2.864769,11.274026,-4.4360294,12.082649,1905.3836962262126,1130.6421303605011,1863.2522307027334,533.1504009596946,3700.3495016932034,1905.3986950932215,0.10749737602978454,0.09777325673482294,0.06949186,0.061756384,German
-298.66525,148.62236,93.91226,63.313087,-5.8650656,31.900331,40.59683,35.056618,4.0183206,23.636375,14.947116,15.468281,-5.1383543,18.544735,8.8915,13.4432335,-0.7908105,15.732422,3.8001745,12.291676,-9.647855,13.705783,-0.5498335,11.205934,-3.7501795,12.075425,1889.035420131091,1072.500462177993,1908.4568554702782,530.0440908507404,3718.3607162184016,1877.30931679809,0.10139727744327229,0.09061150138244811,0.06305397,0.05546018,German
-258.37024,150.53685,85.72351,62.115208,7.201456,25.095621,32.590553,28.437447,21.951597,25.649502,10.31704,14.184073,-0.46397305,12.761201,7.045304,13.180384,-14.1625,13.618822,-4.588727,13.11577,-9.509602,13.970047,10.282804,11.682806,-10.382129,11.552112,2139.930544582957,1217.8050353274114,2234.5151556112246,556.9007863015779,4226.750908014369,2347.2872152207187,0.11539928789420142,0.09444553562782926,0.08242456,0.06788742,German
-286.07742,151.7715,81.844894,60.76063,9.839312,26.109192,31.526894,26.645971,26.521368,24.737877,8.429725,14.264223,-2.1524813,13.827455,4.787371,13.097804,-14.97449,15.33525,-7.4955835,12.936423,-11.019286,15.56636,9.202328,10.91234,-8.506131,11.165221,2059.3146731785373,1094.8178686705635,2251.191342272028,560.2171949507554,4205.152493297394,2295.2394973689284,0.10045747088330258,0.07988748850554735,0.07673504,0.073802814,German
-286.29413,145.19695,85.790596,63.413082,10.494308,25.272274,30.693762,28.70362,25.655924,25.364643,7.229993,13.842395,-0.18616915,12.641955,6.7000337,12.357455,-13.183799,14.270628,-7.762775,11.81262,-10.713206,14.665615,10.151248,10.840144,-7.763121,10.894439,1893.6575242805955,1112.6690602526396,2128.0016828822936,598.142803929583,3819.7092732585284,2335.0530527291826,0.09475185196713147,0.08114977188397544,0.0771257,0.07031625,German
-285.91296,154.11932,74.676506,60.512104,11.114752,25.63016,31.02885,29.455477,23.731817,25.734922,9.239924,13.721165,-2.5810657,13.213269,6.3642697,13.016427,-13.461021,14.126623,-5.408601,12.534276,-8.496079,15.717637,7.715544,9.923344,-10.589601,12.55979,2004.0438621722897,1209.9751333634904,2166.438756549295,732.4325424172177,4050.463811301811,2431.1466860664877,0.10513279717135382,0.09383249338878165,0.07959699,0.07670395,German
-248.63849,143.2743,86.74419,60.496696,8.259588,26.885117,35.500546,27.990755,27.415691,24.999239,12.273984,14.095684,-7.2491364,14.066775,6.1354733,12.89574,-14.899525,14.224943,-5.5631866,13.599097,-7.9078517,15.039739,10.596324,10.435983,-9.984334,11.231932,2115.5775627983458,1194.305093070753,2250.8925792556597,539.0431334432886,4228.402058847759,2367.017080183424,0.1100297602702109,0.09248021460605671,0.09059085,0.07126525,German
-254.88667,135.54173,88.743095,60.20456,11.037038,27.558321,33.033066,27.738443,27.205841,25.519962,10.636069,14.969315,0.2600295,12.9888,3.894521,13.182057,-16.52747,13.964413,-5.5049205,12.595915,-11.5746765,15.890237,7.844895,10.946844,-9.93608,11.494084,1990.3903763985543,1152.2987439385138,2196.243409356544,545.3571750283904,3927.9598017621147,2339.8551953216847,0.10337251055433186,0.08543811815278957,0.090673275,0.07058196,German
-272.02332,151.19183,80.68923,63.58314,8.608909,26.031412,33.785843,27.622772,23.166517,25.763502,8.238639,14.404296,-1.203859,13.000613,5.6658754,12.647139,-12.165284,14.015122,-3.029228,12.381199,-11.159193,15.774789,8.509673,9.639712,-8.595958,11.304827,2160.570243056734,1268.6897326640403,2237.414701023946,613.704268434187,4277.90223918499,2445.7196594503944,0.11195991639067195,0.09838655922032653,0.07904861,0.06890937,German
-238.26738,135.38205,84.578735,60.330322,8.847961,27.274927,35.993874,29.255869,23.034142,25.277533,11.608615,15.467055,-2.4725251,13.858797,6.4129987,12.585606,-13.870816,13.028732,-4.3790164,13.070521,-10.612957,16.096968,8.312751,10.322521,-10.559971,11.67676,2216.1148858837796,1212.9845179034141,2293.4489203380554,486.153996696857,4385.96632624247,2323.490776751751,0.1174955121826592,0.0946781597795784,0.09188501,0.069836006,German
-248.85013,133.34615,83.097015,59.00019,8.183409,26.263842,35.035763,29.014027,26.479687,25.825039,11.843125,14.608659,-2.7922285,13.705404,3.5274312,13.409641,-13.726993,13.466904,-3.387378,13.031218,-8.986563,15.202392,9.250777,10.149121,-10.7040415,11.924371,2184.6001385132868,1188.2305255317333,2300.088053982194,508.4252744133047,4389.703810671543,2346.919677637283,0.11271959670046543,0.09354775036662619,0.08495688,0.07016449,German
-258.0648,161.5336,69.37585,56.17413,11.155954,27.970053,20.073948,24.989712,2.482763,19.101015,6.5665817,16.354359,-10.005806,17.757214,3.2249005,15.292222,-11.535804,17.983189,3.840862,11.670313,-5.7879624,11.865796,3.689606,10.023977,-4.8901467,11.189262,2365.967810271593,1576.1160844585138,2277.6863742090914,752.55799233094,4667.672820926595,2505.2377831189906,0.11813480348960169,0.1253444897837262,0.093972325,0.07721912,German
-267.78952,162.28758,63.206394,58.980133,9.448939,29.63985,19.180666,25.975224,1.0538718,19.173616,4.0872545,16.456331,-11.595068,17.701508,5.9790826,14.401536,-9.682814,16.685925,4.066983,11.494777,-8.615869,12.576668,2.283195,10.065821,-3.9956243,10.922157,2544.531761026638,1712.9346532415213,2281.273614634597,787.9998946113433,4900.306894155649,2587.3378270587727,0.13782508263221155,0.1425680661779552,0.077151105,0.06390478,German
-273.2294,147.95474,61.299625,57.062332,6.0464787,27.999422,18.903645,25.275955,2.9671445,17.249945,2.6985583,16.874292,-8.983838,15.259805,0.6929663,14.678677,-9.857312,16.07917,1.4671614,11.483001,-5.1780324,10.533902,2.455274,9.784669,-3.3701265,11.167515,2207.81037990169,1593.0837448001796,2119.8467107159577,865.2711788191524,4326.660728094304,2590.6257835218435,0.11236685250991689,0.13007394639763714,0.07532215,0.06788454,German
-260.65387,166.60771,64.14509,60.13263,3.009916,30.173439,21.701157,27.208992,-2.2087247,20.284288,2.529957,17.585604,-10.559081,17.362862,-0.26245326,15.545174,-13.15798,17.762209,3.7771327,12.374414,-5.214449,11.4343,2.3405473,9.693868,-6.0131392,11.837286,2362.8562933090625,1569.757749904665,2158.0101110055034,791.9743544898193,4584.604826101808,2479.778681121262,0.1250947002872758,0.12765542594724566,0.08785098,0.07622756,German
-257.4181,147.14427,71.95654,57.35214,7.2883987,31.406906,18.773098,27.032093,-0.527923,21.25344,3.139869,17.9579,-12.178685,17.329956,0.1113786,15.015442,-14.880642,17.815758,3.4067326,11.746385,-7.650305,11.530177,1.7608025,9.730033,-6.7776046,11.354301,2426.7576416921684,1549.9188852574948,2288.278157871038,703.3625248213614,4690.294009349385,2518.306959427597,0.12850650954541654,0.12927657105201618,0.0770781,0.056951877,German
-255.379,150.00854,73.95654,55.56843,8.059797,31.337873,15.32878,25.93859,1.0510778,20.152143,3.9540493,17.475603,-10.425421,17.656137,2.689079,14.626571,-13.51896,18.116436,3.261407,11.393964,-6.6183977,11.533657,3.1725338,9.236341,-7.2104955,12.446885,2529.6788029945415,1525.2671003532507,2410.797396387274,600.9011682026035,4970.035795544253,2411.7309045860748,0.12789726463821724,0.1326013476651798,0.08451699,0.0643158,German
-229.82024,116.966415,69.27605,60.07026,0.5254612,33.221687,13.378565,26.79763,-9.027463,19.313654,-8.588839,19.044565,-17.769426,14.5272045,-0.010343601,13.186235,-17.66615,14.711215,-5.2969537,16.732758,-19.137526,11.658519,-5.6099195,12.818548,-13.085453,11.324527,2911.3239937645135,1878.315743369689,2296.315060346984,574.9375640038604,5193.268135885005,2720.9767136902046,0.1982805938117589,0.16984854582184045,0.10081549,0.073897205,German
-232.0311,123.15822,66.67464,63.581497,3.8457685,32.845203,11.7491,26.380564,-8.430739,19.102064,-6.0955467,18.198946,-15.660658,14.232821,0.42850426,13.697836,-15.953975,14.358001,-3.3338778,15.355933,-17.244598,11.92784,-7.4346404,12.659947,-10.120835,10.609025,2954.3766166600203,1917.8611971150008,2294.936832794168,547.7155093904526,5219.187877433162,2756.686016690846,0.20837883296200752,0.1772570652346382,0.10417959,0.081872575,German
-233.54842,119.00435,66.45066,63.300426,-0.3295234,33.80735,13.779568,26.548546,-9.607865,19.670172,-6.212139,18.829504,-16.224577,13.240219,0.44073185,14.443648,-15.978289,13.476434,-3.0224302,16.301723,-17.338398,11.253274,-6.3024116,13.10953,-10.858315,11.06979,3007.2282008079237,1962.4929305470434,2267.5894174905798,553.9417228073131,5255.452944364162,2709.2345132974383,0.21264668597749795,0.17997242098219554,0.09436329,0.071098134,German
-236.42082,119.58061,62.774483,60.003273,3.2857647,33.004925,13.351712,26.106419,-9.186459,19.70854,-6.006681,17.933771,-15.453396,14.516817,0.522002,13.575867,-15.251494,13.980225,-3.4687917,15.950779,-16.61063,11.1847105,-5.8203206,12.1517,-9.6914425,10.926801,3029.5329927768958,1896.909160869952,2318.6707955539223,546.496677852347,5348.350003527576,2677.1606782829,0.2101302971226502,0.1743342573768024,0.09448136,0.07836239,German
-220.7514,109.337074,70.49962,61.76888,-0.35478255,35.888924,14.859254,28.500154,-8.741039,20.154818,-13.163719,19.6182,-14.147141,13.570949,-3.7285638,14.712635,-16.986855,14.397772,-6.4293156,18.13302,-18.38766,11.919475,-6.3403563,12.551171,-16.367746,12.470748,2788.1064271385167,1967.4922497281466,2231.6304735831727,648.7004043031462,4892.709023570617,2776.8305955216524,0.18351646807553956,0.17585778081974987,0.10264276,0.06669065,German
-256.36472,130.12354,67.78109,63.60648,1.2401156,32.658966,14.4919405,26.426647,-8.780542,19.422731,-7.1624093,17.676323,-13.017645,13.729109,1.0550417,13.771661,-16.072441,14.090482,-3.9999392,15.9177,-16.956623,11.762429,-7.2056575,12.920792,-11.6038475,10.4292755,2593.4551044016634,1987.3800753640255,2074.5403504609976,785.9401259752492,4579.452603534587,2932.466791950477,0.1697877337288745,0.17138389825877828,0.08720438,0.06597277,German
-290.82303,137.60626,90.475006,66.16871,1.8978661,32.323765,31.29521,31.147554,4.629697,22.536205,12.863115,15.938386,-1.785868,15.552836,7.0119357,11.930896,-2.0122163,12.558627,2.062365,11.929935,-9.306457,14.652402,-4.77595,10.306062,-4.9729295,10.967973,1850.991659987031,1168.3103526421512,1943.5184457866742,646.6532537300782,3652.920664911685,2217.2470269021737,0.08976332240280101,0.08687218440724392,0.072220705,0.062180735,German
-344.2801,150.72136,79.932655,66.26548,1.84816,31.307766,38.291832,34.386055,5.686264,23.435112,15.635956,16.634706,-4.0258446,16.268309,5.561792,13.247694,0.6255048,13.530717,7.9832277,12.415354,-7.305314,15.254021,-1.8159561,11.227779,-8.095458,13.163128,1892.713844427074,1213.0457463767773,1961.2783416316686,533.9458468029625,3747.8888671875,2016.9594556352827,0.09511402529761905,0.09963594931479809,0.04441016,0.04341873,German
-328.21542,151.01758,77.696045,62.350433,2.5035906,31.95196,36.75428,32.46935,8.998673,23.234972,13.940767,15.862639,-4.328485,17.453049,8.331288,12.355445,2.5401294,14.438843,7.031543,12.701893,-9.013005,15.319704,-3.0623252,10.513693,-6.0740438,12.003288,1862.493406355753,1258.6163188305625,1949.4009589013729,551.7577186473588,3653.28166739591,2107.3040429679427,0.09076400003454312,0.10251854829285932,0.051428244,0.0493096,German
-305.60373,146.74461,70.06498,63.74804,2.1398096,31.723759,37.204834,34.864098,7.581478,21.452742,14.584472,14.644676,-6.6252418,17.484913,6.1891546,12.411673,0.5288321,13.751203,3.5722442,12.0088415,-8.407666,14.613997,-3.4107854,10.574903,-7.4992723,12.165771,2055.507018267208,1311.1945050212819,2031.5026927228243,549.8871487287679,4005.7437348049098,2110.5190798242843,0.10033447728889944,0.10767365424958908,0.061058186,0.05965652,German
-278.5769,149.41803,84.16762,61.923367,6.9721093,23.874043,26.988796,28.324484,22.091358,24.739264,9.102355,14.296564,2.9869409,11.815298,3.731204,12.553099,-13.494835,13.749929,-7.412107,12.351269,-9.604375,15.099726,4.389027,9.3140955,-10.114265,11.542366,2033.35015269733,1035.3412170210363,2237.9570680814677,554.0003897699959,4144.170013589731,2256.6324644354213,0.09922656569007758,0.07693778317279887,0.07724343,0.072914615,German
-270.08517,145.43553,83.14948,62.70952,8.443622,24.955046,26.945,27.147953,21.489384,24.540718,11.281702,15.199936,4.70962,12.562034,4.8403406,13.233668,-13.697016,15.004553,-4.71397,11.753526,-11.800213,13.953886,5.390531,9.815098,-7.1537433,10.417286,2087.7690424476295,1150.3755742409605,2230.482156574761,589.5874704120158,4165.1527790850905,2365.694026875368,0.10592212600401607,0.08480192049904221,0.079614304,0.07404464,German
-275.49835,146.48386,89.621956,63.345394,7.51488,26.324234,28.73559,26.508419,23.46284,24.9329,12.504105,14.996954,-0.49062538,13.66328,3.1651397,12.597065,-17.029568,15.421855,-1.9709573,12.403263,-8.505454,13.158768,2.8637197,10.223546,-8.931053,10.278416,2034.9694881981764,1141.9425565391002,2198.2334348852296,540.465398627063,4071.5666816029993,2359.25143720072,0.103490484073993,0.08637037230084686,0.07523586,0.06542498,German
-250.18835,140.39407,90.22648,61.230495,6.2373805,26.87171,29.058945,27.8652,21.98958,25.223557,15.662789,15.228209,4.9239902,12.595116,5.480098,12.473938,-15.577775,14.423287,0.17552455,12.391649,-11.186074,14.569841,1.1915348,9.924553,-10.694501,10.887208,2061.6103295416538,1204.8305415016164,2204.720883017386,584.0879833440518,4081.1348757917067,2412.814204282054,0.10659039645076482,0.09194476091825797,0.08255213,0.06292735,German
-286.17725,154.69635,76.5764,61.39334,5.216375,25.459488,28.950802,27.682196,21.865349,24.579863,15.007711,14.564928,5.832648,11.996716,3.709484,11.713033,-11.568957,13.58613,-0.7757714,11.748057,-11.331106,14.746884,0.28535944,9.45236,-8.088619,10.854132,2202.293334304692,1127.4429620546919,2296.1787684998753,523.0218854425715,4433.7041736039955,2264.767689493811,0.11019307120901639,0.08514455652442389,0.06912773,0.06429352,German
-279.5249,149.40828,77.23106,61.722202,7.6531305,26.427206,27.680986,27.437475,22.303623,24.626131,14.281756,14.150982,4.2286115,12.137791,3.5446038,12.208302,-11.111598,13.7306385,-3.2308526,11.877726,-10.954037,14.464027,1.0411637,9.385642,-8.744519,10.995475,2171.963123242217,1149.5209722694135,2286.2393073926232,502.3644017397134,4353.168936761164,2284.3394015494423,0.10750858554071804,0.08760207917371933,0.075951524,0.07053745,German
-250.89328,133.61751,85.561455,59.24151,8.365632,28.771713,29.736025,28.1798,22.643055,25.92582,15.86597,15.573197,3.649442,12.982589,4.5315104,13.145397,-14.923051,13.976422,-0.9239911,11.87276,-9.873701,14.524604,1.73797,9.635396,-8.350652,10.900135,2194.362920561442,1212.1275241685976,2304.763705074839,491.4063779459937,4316.16088356433,2376.831864399544,0.11545178614234658,0.0985601365543589,0.08222913,0.06682595,German
-302.89563,143.82729,68.96003,59.66313,-1.9387974,31.93837,17.72216,25.48484,-2.405187,19.211576,-0.25512496,16.790186,-10.537225,16.807968,-1.2159182,15.491787,-11.187861,15.491898,-3.9369903,12.858274,-6.5460916,11.36254,-0.71471834,11.392548,-6.907931,11.935652,2424.397071267202,1559.9141224273117,2205.5064270678004,759.7358700776016,4680.712295160061,2549.531148040311,0.12783025430700737,0.1309997527184955,0.05427525,0.04807766,German
-303.40683,152.79156,68.144516,57.91236,-0.084281705,30.07232,15.70796,23.941685,-1.9667257,20.390898,4.121163,16.321102,-9.090008,17.211836,2.1736608,14.903795,-9.437174,15.744392,-0.61674607,12.236273,-6.0790095,11.915092,-0.55924046,11.810283,-5.599193,11.187409,2437.8542888128554,1496.005566007396,2300.677223564481,725.5726547801065,4838.667987844798,2479.7183653601505,0.12066333767707502,0.12268801722010031,0.059090275,0.0558367,German
-299.20032,148.42973,69.65896,62.98175,0.5540156,30.035452,16.82903,26.043905,0.35567814,19.74746,0.699901,18.299225,-9.190665,16.339912,-1.5294381,15.431692,-11.222773,17.33837,-0.2018428,12.580176,-5.549597,11.017669,1.0135772,10.520927,-6.5657964,12.574209,2440.5042067234112,1507.2623376986646,2272.463484289536,691.2741551658332,4778.075771504819,2483.580929115771,0.12503424442821004,0.12580700090452432,0.06446632,0.06105327,German
-294.0975,133.71852,69.41188,61.91386,0.9300677,31.291487,19.70803,28.737411,-0.5568361,19.038118,0.8915529,17.185616,-11.3877535,16.39087,-4.3710976,15.3073845,-12.3695965,16.258444,-0.8162226,13.024251,-5.9219975,10.858985,-0.4655312,10.835681,-7.9263434,12.842774,2434.578614676213,1507.0290872343005,2246.894762374717,670.7371583514087,4715.378020530523,2464.0696802880557,0.13026504263133307,0.12448102022142134,0.05896092,0.052966166,German
-279.79367,145.9191,72.59261,64.67551,-0.58921903,29.655636,15.968123,27.671045,-0.83863187,19.689531,-0.49077103,16.988983,-9.551783,16.281858,-4.8624206,15.091228,-14.153047,16.253275,0.87420267,12.27409,-7.951689,10.957522,0.9424183,10.137922,-8.860601,12.19064,2152.8877465079236,1618.5230846068534,1980.2662519237451,869.1791299324352,3986.29638066067,2714.0122424249225,0.1196660624741522,0.13133348468231237,0.07345061,0.06290509,German
-285.30765,140.07326,72.42292,59.399277,-1.5410328,31.484894,19.877117,27.00722,0.26486212,19.175999,-0.9056925,17.413225,-10.294886,16.000505,-3.7742956,14.741387,-12.502322,15.75416,-0.66060174,12.57927,-6.5864596,10.382388,-0.48157153,10.168783,-8.165477,12.371801,2332.677045496765,1444.9696568165998,2207.46172389277,725.7098721025932,4536.5898285474705,2495.179688653462,0.12116716221579271,0.11677461314688424,0.06438435,0.05829144,German
-210.40492,131.51697,86.09375,58.0388,-3.9592345,33.036995,25.047216,32.077152,-4.0961137,16.549564,-4.2414246,16.891123,-3.294423,13.221657,-10.116738,14.264134,-4.831107,13.581236,-11.358415,12.306671,-9.790876,11.020513,-5.63969,10.133255,-10.21953,10.022164,1716.6331522422524,1372.4221572995023,1820.9883206730815,827.9877823208781,3284.557069188399,2403.711792160458,0.08075211705635492,0.11218690846351573,0.1760912,0.11199615,Italian
-237.06242,145.29233,81.32572,62.989742,-4.182775,32.169994,22.840899,31.062654,-8.678018,17.902994,-2.3860085,17.049963,-3.9058416,14.644058,-10.493442,15.387493,-7.484584,13.993204,-8.387417,12.489804,-8.660148,11.48076,-5.0708222,10.361054,-9.224342,10.028792,1787.3144343772358,1514.3682491209363,1763.6778950730247,850.7670122707112,3344.5500590461193,2525.030461517568,0.09619894574106054,0.1313618362528206,0.14131218,0.09845854,Italian
-227.6363,135.37509,84.689384,60.271435,-3.2508647,34.36452,26.909803,33.167652,-6.9399767,19.205656,-4.8904433,16.825024,-4.436739,14.372315,-12.122379,15.066667,-7.374748,14.276826,-8.97392,12.257518,-8.097139,10.373698,-6.6099114,10.28836,-8.721337,9.411813,1746.3784937580442,1478.7137575731588,1752.3404262613867,829.6473366231444,3284.3022978208674,2471.010565073677,0.09431141922535895,0.1282978143256416,0.15045905,0.09789244,Italian
-213.79414,127.68326,87.301765,61.20616,-3.7874184,33.59928,25.800411,34.135693,-5.492424,17.725786,-5.4984593,18.74174,-4.6660943,13.912131,-12.243645,15.916341,-7.2829866,14.349504,-10.1617775,12.419152,-7.810959,10.768276,-3.9859407,10.2092905,-13.397526,10.400362,1899.3301538101427,1479.8861977830447,1904.6126171981032,789.4834500804628,3559.696555726807,2477.452653894195,0.09931757265496294,0.12706001175146656,0.15345705,0.09005676,Italian
-221.45818,128.93463,86.96985,59.32757,-0.41256285,33.20206,24.90449,32.575966,-3.9226117,16.931274,-6.6500406,18.315687,-5.1064167,14.532631,-13.553482,15.224615,-6.7588186,14.7709465,-8.205879,12.235636,-8.8726015,10.568519,-3.874456,10.241611,-11.142712,9.5741,1839.9019234875557,1503.5904027338584,1886.9913681481278,809.3239007715314,3435.5978408218766,2516.6590930417997,0.10058906583689269,0.1353644826384508,0.15177576,0.09213174,Italian
-207.72675,127.28887,84.8832,59.351852,-1.9328446,33.299126,25.392397,33.202984,-6.2359285,17.630224,-5.12921,17.59456,-4.2810864,14.1379385,-11.843182,15.663141,-7.8496203,14.529493,-10.320658,12.723583,-8.396826,10.588081,-2.366154,9.882829,-11.171733,10.06853,1835.366199418527,1454.145371275813,1867.0848134515056,806.9358558049239,3458.002356981484,2468.0127649690744,0.09813992327055948,0.12864764444848445,0.16888297,0.10270408,Italian
-248.0371,151.27333,72.124084,62.648888,-7.430188,34.024414,26.49633,34.39091,-8.762759,18.152441,-3.5301876,15.666987,-2.6634667,13.553988,-8.130516,14.760026,-7.894361,13.077157,-11.112348,12.84225,-9.071986,11.087392,-5.331583,10.357331,-8.048764,10.095779,2046.3315494742171,1690.7382487818386,1847.5405883354888,946.0114456512018,3853.9210681609293,2774.7413012122747,0.11725445682534377,0.1482590505447716,0.12566623,0.09762217,Italian
-232.1677,141.32364,82.0425,62.910812,-11.373135,34.80107,26.239391,33.546455,-9.350392,18.631113,-3.2571867,16.61859,-2.283548,14.081384,-10.002012,15.626791,-9.450887,14.08669,-10.777767,12.635086,-10.441708,11.120614,-6.610738,10.828937,-9.551145,10.606688,1982.6018091919993,1619.3764418997366,1832.2337961728037,838.2345112354578,3698.338296720297,2619.081380021893,0.11148205445544554,0.14293625005120628,0.14205033,0.09751326,Italian
-213.97104,142.53893,83.01023,60.120132,-15.909115,38.807472,35.409714,37.79072,-12.405177,20.671652,-5.743979,17.04786,-0.67750597,14.944063,-14.69489,17.266878,-9.117043,14.732058,-10.500167,13.974295,-9.590384,10.6593485,-3.2629483,9.355167,-10.858838,10.788637,1990.18892273674,1488.9816185719721,1800.9061975434688,819.6176109272741,3765.9387491363996,2450.272899547393,0.1076537748593565,0.12999691784719877,0.14855987,0.09350611,Italian
-216.66867,133.7619,86.20333,62.50921,-5.7195263,31.994785,19.841496,30.634897,-4.2058415,17.576231,-2.563109,17.042568,-3.6277888,13.350545,-12.644015,15.830017,-6.9580626,14.48035,-11.1033,12.627148,-11.443445,11.386586,-3.4606535,10.065319,-11.243733,10.230239,1947.5109208441752,1612.0993665228505,1913.205959005143,833.6448920791448,3597.989769013909,2673.3589405932175,0.10445678403971081,0.14055054251505938,0.16632883,0.10586541,Italian
-219.8188,129.80688,88.594444,63.886135,-2.8937573,32.54872,19.305643,29.297047,-3.958863,18.526026,-1.5276878,16.716179,-3.3682017,13.798831,-11.905919,15.199974,-9.533542,13.727811,-8.834265,12.131917,-8.883032,10.644058,-4.3668284,9.963157,-9.916852,9.748043,1922.9778870894618,1586.616709218596,1894.5924090494527,839.0974237834422,3567.865668402778,2667.635896047753,0.10966299065362406,0.13863419916568107,0.15182859,0.09888405,Italian
-215.19855,133.4045,89.55491,62.919586,-7.1557055,34.077812,20.845907,31.76332,-5.1979513,17.458431,-2.5344226,17.229115,-5.4321237,13.793874,-12.653582,15.791057,-7.959993,14.512542,-9.848516,12.50083,-8.333027,10.358429,-3.9930162,10.3489685,-11.653865,9.33405,1857.0447525580778,1490.2761192340595,1861.6581611489673,832.3461216595531,3482.344591593637,2577.8973373909676,0.10069461882282041,0.12768071570110492,0.1605905,0.09946364,Italian
-216.03651,134.95282,92.633965,63.733322,-9.74059,35.113422,22.05111,32.647404,-6.512007,18.808704,-4.3714466,17.443222,-4.832137,15.194984,-12.173133,16.090149,-9.960675,14.900213,-9.580071,12.389921,-9.465945,10.427411,-3.5285351,10.096156,-11.602802,10.197121,1894.3017831053,1501.0395655058048,1840.3748960729076,823.4299458162693,3521.664269080529,2552.522681391849,0.10415151742788462,0.12817947717710826,0.1549863,0.09330048,Italian
-225.12018,134.70908,81.22002,64.169235,-2.2264717,35.984447,25.32106,32.326763,-5.2523904,17.357376,-5.348122,17.850056,-2.846738,14.29474,-11.203398,16.705307,-9.173844,14.649486,-11.236968,13.134884,-12.111816,11.328878,-1.7391329,10.209494,-9.964369,10.118677,1970.4981523570693,1655.0449231928608,1877.7732708385947,882.6503032112377,3674.846945369945,2729.43238962446,0.11222246955422795,0.14529864231294326,0.15614821,0.100072294,Italian
-265.1685,89.837746,118.48576,53.112194,7.3191133,30.25729,74.83003,25.3731,35.410732,22.749817,-3.4000897,19.942944,18.961998,15.438923,-8.267629,16.92344,-34.81813,22.661789,7.064709,12.105891,3.4922554,14.969504,3.6665552,13.249643,-0.63538367,11.883564,788.957629585733,581.8715982915879,1284.7334849003328,541.3003148256457,1740.894058454934,1448.2441062310809,0.013727102837218189,0.010148863211804535,0.27795416,0.027758049,Italian
-283.82172,102.064705,113.319855,50.66397,7.0899935,30.32979,72.94321,26.358572,40.974957,21.57559,1.7577113,19.397778,19.868748,14.609365,-8.701966,18.792126,-33.042,26.35148,10.448458,11.736114,2.6187992,14.845868,3.754924,13.229446,0.15552723,11.926109,722.8135724195853,545.8073315056008,1234.116057185467,513.8816704457869,1597.7675870028409,1363.132504153785,0.012143998579545455,0.00962619377185678,0.27239248,0.023240289,Italian
-278.4514,97.5181,115.67992,50.294964,5.31199,30.27844,74.283394,26.167086,40.30137,21.385735,-0.64781755,20.351538,18.734713,14.872008,-9.075559,17.926062,-33.899544,24.7064,9.808032,11.91396,3.1965759,15.146104,2.9949682,13.079682,-1.0469648,12.062151,740.0488403120958,527.5628911895001,1249.9358056202557,510.34337500654647,1652.2696420016393,1358.2801115112995,0.012618652163372737,0.009999340218640192,0.27074242,0.02476735,Italian
-288.50687,106.76028,114.14053,52.356728,7.2801185,31.53941,72.43519,26.413214,40.600285,21.631742,3.3513434,20.28996,20.559156,14.970269,-9.327289,19.228472,-34.140812,27.059513,13.216904,12.735234,0.12725456,15.988849,2.339919,12.538272,0.1403849,11.679521,726.219210398401,565.4355241773231,1224.985755045492,549.2773630959235,1580.7180670243276,1411.0833317784138,0.01304504136998945,0.010597391585460357,0.27073005,0.026701014,Italian
-275.7628,99.900505,118.08175,50.437237,4.448767,30.593897,69.49256,25.917004,40.770824,22.13837,5.842183,18.788815,17.819613,15.527299,-14.084287,19.012707,-34.606007,24.341404,14.894658,12.345597,0.07062831,15.526966,1.5905495,13.569426,-0.26935422,11.934183,747.1894057168782,548.5930048105047,1263.9133378088804,543.836920943313,1627.0057946945587,1417.4053847319417,0.013176116242343033,0.009861628783399183,0.27654636,0.027434554,Italian
-281.8,98.66868,114.31701,50.107212,8.222307,30.653568,76.162155,25.495226,37.14081,22.890017,-2.449759,20.807304,21.064028,14.975003,-5.791306,18.194204,-34.1308,25.800882,4.581129,12.182911,2.2636735,15.111569,7.568226,13.613411,-0.19267413,12.336751,746.6268136054191,527.7775909188906,1251.7147285180117,526.3582017411221,1691.6475621665397,1388.2497731736962,0.01275803480691057,0.010014559219606355,0.26479906,0.024573518,Italian
-281.18314,101.30364,123.00504,54.246986,3.4740078,31.55251,75.98134,25.88633,39.1621,22.454062,-4.213345,21.274446,18.79523,15.685825,-6.6143603,17.486801,-34.88899,24.13127,7.8038397,12.438106,2.5803802,15.659587,5.6208115,12.842619,-0.2849975,12.630259,746.354831216184,543.0024436285644,1246.2221543898772,521.9465265365,1671.1114756891125,1382.9897033296327,0.012833678849303849,0.009362082912397091,0.27047884,0.0231706,Italian
-217.87033,146.98993,107.86926,62.219906,-33.793556,27.314373,14.403877,21.318771,15.994645,23.045681,-12.276071,15.805372,15.014315,15.53544,-17.10589,14.286679,-12.032337,14.359069,-5.5765557,10.905984,-12.287639,13.146269,3.163441,11.574652,-15.607423,10.6438875,1973.722856432053,1042.5592928888946,1967.9509245091365,668.1350027021766,3559.545378989362,2087.6203440125764,0.10991644829474342,0.08835428464791364,0.1089505,0.06622933,Italian
-269.69714,161.15904,87.47808,67.03865,-26.014568,27.105877,19.561563,25.496145,15.593639,23.023169,-10.236799,15.672979,11.526592,15.952901,-10.571926,15.845051,-8.34077,14.893651,-2.5163004,10.55219,-11.959915,14.101583,1.4702922,11.401049,-9.349662,11.0858345,2379.319253131418,1270.8223039855866,2077.243150468519,585.1097767525463,4265.306091835304,2305.5867337217037,0.14989779297549188,0.12383342243575464,0.083585665,0.06596948,Italian
-232.09174,137.25943,95.13966,56.734257,-30.342443,26.61608,21.108866,21.55203,21.32685,22.32309,-10.319073,16.04311,8.885623,15.375668,-11.133802,16.037518,-9.229184,16.594896,-4.5825067,12.576222,-13.128705,13.825037,6.3157325,11.198031,-7.239165,10.6928005,2327.021682568599,1053.5493136456782,2203.9454174265893,493.7636093514751,4255.504812799367,2069.978486059173,0.13655297177585496,0.09789670671866514,0.08801084,0.05963412,Italian
-217.71582,123.61217,102.46004,53.923386,-31.777527,27.553478,22.433714,23.59325,25.547318,23.389265,-11.397652,16.396193,6.3767657,14.866331,-12.152503,15.810261,-11.028348,16.194206,-5.5899296,12.039588,-13.479224,14.306031,5.688531,11.647867,-9.380796,10.8771,2199.052140952451,1032.57742902821,2159.9831355181277,512.8433766799465,4036.508612338723,2076.878680492497,0.12280666157004022,0.09124716420180543,0.097049884,0.058370024,Italian
-245.40483,129.02364,103.60136,56.369717,-34.38272,30.039354,22.086275,21.318645,19.725365,24.567768,-14.797625,18.373024,11.020425,15.708337,-13.323533,16.378922,-14.105757,16.554073,-2.753962,11.297388,-12.916101,14.918515,4.397661,10.969363,-7.885489,11.142057,2221.3891565888653,1057.1921776259128,2109.7707534292913,523.910947385077,4074.959154311354,2054.17950459328,0.13143586312426844,0.09268951595860929,0.0744646,0.047151905,Italian
-233.23709,131.98486,101.6695,53.843132,-32.382,28.414665,23.789621,23.632034,20.88928,24.24616,-15.12977,16.934654,12.075259,14.940087,-12.733505,15.835896,-12.326698,15.899932,-3.2302825,12.0418415,-11.837088,14.169145,4.018015,12.646168,-7.3450527,10.949911,2258.6197159087333,990.9050134681838,2187.2995635995057,493.87847192720335,4186.799535858498,1987.30964547596,0.12889037889997992,0.09034069579161083,0.086723074,0.05556269,Italian
-223.01453,123.18866,104.19432,54.88302,-32.294777,28.928438,23.094164,23.39987,23.21232,23.505167,-12.80659,17.318432,9.821673,15.669262,-14.236501,16.183874,-12.296302,15.770577,-1.586127,12.357763,-14.423102,14.333806,5.4255314,12.589686,-9.126871,11.587024,2165.8936099025955,1013.7027615194802,2112.413109003843,499.3187245151338,3995.2905165410675,1973.6594923268506,0.12205536878917773,0.09009485230910134,0.09525756,0.058114845,Italian
-241.63025,132.28262,94.26361,54.579647,-31.474226,26.795645,24.81625,23.10424,21.259436,23.787302,-11.2240925,17.103086,7.28783,16.786634,-15.493139,16.05282,-9.718327,16.592655,1.3728718,11.185907,-15.183853,15.14041,4.796827,12.173658,-10.5528345,11.106183,2324.805981378823,1029.0679705859916,2172.081474251438,499.31811784909473,4288.28158814491,2009.2584428746568,0.1350214557776019,0.0930199934405676,0.08004255,0.053890366,Italian
-260.40283,136.8172,103.98982,56.493034,-34.641273,28.208817,21.945309,24.140545,22.28302,21.943108,-7.439294,16.390388,6.9970093,15.633244,-13.752119,15.340264,-13.434633,16.753809,3.2505693,11.117422,-16.304688,14.543789,10.609368,13.422966,-13.596831,11.781746,2178.3630782233618,968.3417973378878,2059.65523948521,511.3793113884469,3983.234500674857,1873.4612203961092,0.126024120964632,0.08649612829965855,0.06497108,0.043147873,Italian
-238.73709,127.954895,111.654945,55.69187,-45.783268,30.916105,21.481846,21.763739,20.71551,23.563833,-13.902947,19.141771,8.643051,15.302291,-18.183386,16.319118,-14.103351,16.33432,2.1133244,11.727268,-16.241629,16.199072,9.503411,12.96294,-11.282429,11.369114,2066.8751137177724,900.7850071548667,1882.9801262442718,500.54438244698696,3748.4981396800754,1693.943740514775,0.12408354987850972,0.07774200480746944,0.07883507,0.050984193,Italian
-234.42912,125.031555,109.20753,52.8234,-34.497215,28.338688,23.249746,24.280537,18.194145,25.788494,-9.881923,17.902607,10.349661,15.195527,-16.237513,16.572416,-15.500341,16.116846,1.6993817,11.398302,-19.537075,16.106625,10.172556,14.561031,-12.719535,11.638764,2063.7342550902863,919.463604707206,2002.064077218296,482.8210262062766,3832.5717655531334,1793.1964797198527,0.11513031812955155,0.07597767342305516,0.08700022,0.05402484,Italian
-248.16666,128.05344,110.925514,54.500492,-38.804974,29.563015,23.81404,24.973454,19.756529,22.87324,-9.852775,19.349245,10.406464,14.613682,-18.146164,17.224155,-12.859314,16.217777,2.8938816,11.124716,-17.494923,15.494251,9.631124,14.305936,-13.298792,11.928139,2083.8951554063306,894.6193030423535,1986.6054481230785,486.1686796846037,3871.0406333078968,1759.9629052449143,0.11620170650354471,0.07215523202356279,0.07420095,0.04912581,Italian
-241.09167,111.4753,108.06465,49.58846,10.728764,25.819866,64.41568,25.537016,16.94197,20.992908,-9.862836,17.918524,7.3885956,14.264983,-16.237621,13.807987,-33.573837,15.157017,-19.776812,9.878293,-22.25429,13.48931,-2.83603,12.9354315,-21.539335,11.828087,1447.024914951907,840.411475877934,1796.4815790002333,469.52475769011886,2944.05594163937,1706.523519557372,0.06157536641641163,0.05410122488157097,0.15862948,0.08552305,Italian
-239.46588,110.76823,108.70427,49.259872,-1.9320954,28.104473,69.12352,25.35833,18.508034,21.227598,-16.56735,18.567533,6.5685253,14.377882,-15.245335,13.432644,-32.758488,14.284397,-19.046532,10.085339,-22.46241,13.328409,-3.9730883,12.550599,-22.88252,11.388014,1493.0128840898958,806.682648673618,1749.7789142604024,446.19594437321734,3086.5555348705834,1525.8723564343793,0.06472555143282663,0.05541029344639963,0.14982578,0.08070594,Italian
-236.89604,117.36707,113.27659,52.80131,-5.0323486,29.526237,63.63147,24.974236,16.634293,22.151127,-11.6648655,18.586466,5.930233,13.802122,-17.67673,14.181523,-41.62642,15.675749,-13.396455,9.90402,-19.622982,13.599987,-8.416966,10.475922,-21.583918,11.085871,1484.9856784322901,864.246629748273,1691.4489669093412,485.2822373513945,3004.131407425529,1661.348632833108,0.06728471939812931,0.05850780483395927,0.15164009,0.08181456,Italian
-249.71828,123.09201,102.60142,49.901466,4.6908383,25.929003,63.28691,24.839293,13.911267,22.11406,-5.0231776,17.825232,7.2566047,14.678213,-20.068832,14.457399,-41.66714,17.071394,-14.064623,10.444434,-18.45747,14.440132,-5.025663,11.662882,-27.475794,11.8095665,1550.3253681188473,846.4586788593069,1811.3430415877021,437.13461693903906,3208.661526352612,1603.9500864409097,0.06989298549320704,0.060516210767823486,0.13643242,0.081216864,Italian
-249.75505,142.8879,90.95047,56.01576,2.7563457,23.01233,59.24902,30.242607,17.090864,18.554897,-4.334357,15.632829,5.1085134,12.754704,-19.015896,14.786912,-27.898237,17.654007,-14.591351,10.527475,-18.886723,14.103648,-0.45410177,14.061382,-27.723074,14.201629,1773.3507277991132,1191.3140565887318,1909.8381086785391,641.1885120365033,3511.2041015625,2124.0208178405182,0.07985590720663266,0.09368625656820355,0.13697998,0.085173935,Italian
-283.71936,174.35097,78.41294,59.718933,-1.4703482,22.645092,50.664223,33.362793,11.920877,17.829718,-5.7763104,16.98534,9.390348,13.732024,-16.05215,14.521802,-25.485353,18.396767,-14.865121,11.718045,-15.65339,14.044762,2.9469328,11.910649,-26.647087,17.227457,1495.1465846274577,1197.9592262668084,1623.9899444875034,909.6339356180683,3012.427524173206,2221.419342072781,0.06822680455055034,0.08785639152381423,0.12238034,0.09654252,Italian
-211.7688,116.50371,98.37125,48.78436,1.1660234,25.190989,68.96853,23.712833,11.730243,18.168982,-8.355106,17.621786,10.598369,15.10459,-21.687906,14.305485,-29.434156,15.47431,-19.02065,9.652846,-19.342066,14.248072,2.8518682,13.0518675,-32.177345,11.646122,1809.0616947509143,976.4535122662937,2008.980234966849,475.9059450380206,3731.2255859375,1784.0814119097922,0.07895141451414514,0.07529776412317507,0.15816101,0.084729955,Italian
-229.16194,131.54146,100.787544,46.803764,-14.715219,27.163914,62.0699,23.92891,15.520077,19.21124,-0.73844546,17.596882,7.2212906,14.212588,-19.29827,13.046718,-37.946423,14.791348,-10.798779,9.584078,-17.295828,13.973882,-4.902931,11.867502,-27.774174,10.465786,1774.2133452878875,820.8189197106998,1908.3936884815605,443.4625777526458,3643.4147512373925,1448.0585263230944,0.07650274619443406,0.058618664002287005,0.12868103,0.0772866,Italian
-295.63702,115.1175,106.40278,58.595192,-7.0332985,35.625294,29.27828,33.688473,-32.735832,28.185352,-19.635834,20.883291,10.56759,13.380624,-19.08947,17.924477,-12.820891,15.069506,-18.232365,15.3499775,-10.703802,10.574265,-0.5515244,9.721744,-11.481994,10.341682,1666.378866688455,853.2400876229386,1697.1449402391113,631.548314484815,3463.194825273353,1849.546648880859,0.08796318169546437,0.06444122037369042,0.09495327,0.074616395,Italian
-285.0406,110.00677,121.884224,55.62858,-15.081034,39.228657,26.916758,36.015457,-33.91126,26.43713,-19.455,20.93506,9.792982,14.661066,-19.592764,17.894247,-16.958815,17.247507,-15.203661,14.444427,-6.247612,9.769698,-10.674,10.261679,-8.786983,9.827564,1527.7192924852525,813.8125097820464,1524.2369040337676,589.3027368218476,3042.4743764664613,1706.6458059748509,0.08458515682508282,0.06794214727120426,0.10492038,0.073543385,Italian
-271.5348,114.62246,107.434586,55.67363,-28.021816,42.598614,39.151302,35.01544,-32.016422,24.932419,-29.85338,22.809801,8.055161,14.020066,-21.784344,17.611937,-16.96849,16.259106,-15.782617,13.792728,-10.16097,10.616471,-9.028314,10.111664,-9.140322,8.862516,1731.3271883917148,775.5186449911554,1577.4056336876663,500.0914539169342,3403.7498090520253,1394.8436040779668,0.09892761279179968,0.06738963844887573,0.1083016,0.07615507,Italian
-276.28818,94.986626,127.959145,48.83473,-7.203933,38.960617,24.398697,33.924694,-38.545944,25.18972,-15.759172,17.691462,8.210115,14.265771,-30.377134,15.80237,-17.017105,15.36567,-17.56775,11.658227,-11.014118,9.113286,-8.470879,8.9195595,-10.393284,8.19637,1413.9911591459647,794.3697840015711,1490.526803766461,548.6062735866582,2762.598213361474,1621.7247351071935,0.07837749729711078,0.0672308578841301,0.11015289,0.070367716,Italian
-301.26935,105.066765,138.73541,54.121918,-18.327362,40.782524,12.993694,34.804432,-27.220741,22.964632,-8.957461,17.917067,-5.520116,14.346425,-27.042952,17.152506,-5.4191556,14.310513,-21.7183,13.920962,-13.008853,8.976346,-1.2753743,9.149887,-11.321594,8.987644,1304.8886259527449,663.0997841633038,1369.7971922997024,556.2440572241213,2520.7438036903927,1472.9893932821255,0.0715723523696821,0.04991280740796357,0.09864009,0.06485409,Italian
-299.08282,104.77739,137.2429,52.6302,-16.525583,43.56178,10.406563,33.86111,-24.164183,21.346825,-2.3874815,18.214134,-11.047721,15.206931,-24.339375,16.784279,-2.0271885,14.457162,-23.74743,14.875678,-12.913608,9.402574,-0.17168373,9.203211,-11.039237,9.009543,1305.2701033675824,704.8569215444675,1349.3137508763668,535.7649747460235,2477.938576114988,1415.3360186462116,0.07504568748103763,0.061269255637877953,0.09543121,0.066438906,Italian
-294.06897,104.61821,137.36662,50.569515,-18.866302,40.965374,10.216146,33.805195,-37.716404,24.037619,0.8865504,17.21808,-2.0365875,13.584196,-31.864748,17.853685,-2.5566237,14.757339,-26.749395,15.157424,-9.174471,9.356989,1.4355547,9.274225,-18.357006,10.116528,1401.1874596648154,725.8474471326911,1419.913102715689,485.4228889003229,2605.4706648284314,1443.005798415179,0.08093102149714053,0.06273893137008017,0.08949967,0.06228771,Italian
-271.10687,100.87102,131.90858,51.394676,-16.96213,38.79506,11.252676,32.054882,-33.767,23.003977,-9.051074,17.70268,-1.845972,12.87157,-27.816862,17.021278,-5.7508626,14.659327,-26.256655,14.926379,-9.533422,10.011245,0.13538188,9.185641,-17.753826,9.781038,1415.711282060688,792.8119006464972,1472.4184411021133,563.3483296800255,2696.223029641544,1635.3811991649252,0.0814715456495098,0.07066142712695266,0.10855785,0.0696256,Italian
-290.82767,106.846466,128.6196,50.416927,-27.30218,41.56013,16.096828,35.524204,-32.794197,23.812084,-9.729662,18.803253,-0.53821254,13.695436,-23.98768,15.875819,-8.82913,15.220417,-27.514849,15.006033,-4.704672,9.729362,-1.9453624,9.379324,-15.4744425,9.340318,1439.366023430847,699.5185916643566,1434.9849230777352,504.99861995389307,2753.5711547967708,1427.5156866319942,0.07817006496788773,0.05751388573951216,0.08528342,0.056289893,Italian
-301.35394,111.9827,134.82199,53.317432,-28.36529,45.692074,18.3994,33.53781,-27.46381,23.841345,-9.486552,19.737959,-5.1081333,14.106332,-22.483213,16.371536,-5.4063053,14.605059,-28.670757,15.786692,-9.614857,9.250619,5.1227093,9.814288,-15.007215,10.06671,1437.9530025779873,705.6577610810607,1409.8623703142293,527.9685471268864,2735.8161748039515,1434.0327245267683,0.08283008842784476,0.060775211217715355,0.08160802,0.057662636,Italian
-226.19585,135.92004,75.83354,60.726585,-3.8094153,32.66367,24.548437,31.722385,-8.268363,18.916286,-3.519842,16.27198,-5.224182,14.530052,-9.486003,15.74945,-9.055809,14.473033,-10.635358,12.706366,-9.907615,10.634621,-6.088774,10.324024,-11.00349,10.73028,2115.3375157627643,1668.0609077951867,1970.0475561694052,811.3186973051941,3921.9126065701066,2663.2248481635743,0.11882368788032455,0.14721526645313304,0.14420852,0.098256655,Italian
-210.68228,124.77631,85.61068,60.94383,-9.221341,34.15809,28.236607,33.13762,-5.065907,16.677092,-3.562667,17.347853,-3.6846702,13.103374,-11.064216,15.770578,-10.64446,14.485349,-13.019648,12.952271,-8.625957,10.473301,-5.0658693,10.5566,-11.329989,9.828279,2043.3331744709,1627.3943236170917,1913.0466372445374,760.6952350316875,3772.86710949567,2590.39225380696,0.11018865842894969,0.1418645364025397,0.16802816,0.10372144,Italian
-201.40411,125.990715,89.71572,58.34882,-9.433948,33.909943,25.185951,33.21691,-8.0698,17.705679,-3.6610255,17.532244,-3.8306842,14.055875,-11.983474,15.612771,-10.32402,14.693265,-12.57377,12.574421,-9.177701,10.729547,-6.357682,10.842949,-12.62511,10.302304,1936.2469410234366,1467.178323427731,1909.534380872348,748.6798067799621,3631.5480129777893,2445.214203550436,0.09972851485635577,0.12429427978080788,0.17828669,0.10383,Italian
-244.67484,150.46753,74.70455,61.705322,-9.074634,34.910275,27.47059,35.221485,-9.132349,19.486609,-3.0575037,15.976087,-3.239269,14.069599,-12.133035,16.647331,-8.916936,14.219927,-9.83119,12.407282,-10.2886505,11.531444,-4.412787,10.231004,-9.775082,10.236604,1992.4116854102365,1612.8139031557994,1833.0529629883404,889.4504754543481,3736.3828996370075,2644.5526323660565,0.1067838515499397,0.13456991562137413,0.13079408,0.09504997,Italian
-222.15154,141.36137,82.05698,58.224167,-15.1866665,36.880566,27.839943,34.23059,-8.917761,18.537062,-6.0438285,16.463573,-2.506582,13.261893,-15.29796,16.93954,-8.689154,14.532448,-10.247754,12.567939,-10.040141,10.963173,-5.846148,10.751709,-11.810169,11.234129,1991.0597894244274,1480.7963474003272,1867.701067022083,826.7657062404586,3758.3539177389707,2479.989771728489,0.10561587916416566,0.12730291322777892,0.14290176,0.09553023,Italian
-225.74567,147.76643,80.64146,61.242832,-14.630341,37.248913,25.04625,32.683857,-11.30522,20.090519,-6.5475535,16.608587,-2.0215292,13.723976,-12.836776,16.076567,-7.5648456,13.665615,-10.092768,13.2158985,-10.076267,10.713782,-5.1479807,9.9841385,-10.2835655,10.393075,1958.0251748908343,1522.9381495734046,1813.188185625186,872.0873562060129,3675.8686706321737,2568.430149520663,0.10635367373137333,0.12421113332458933,0.14046931,0.09871942,Italian
-218.2171,132.21289,83.46133,58.438313,-10.975403,34.413147,27.91624,32.189266,-9.412241,18.272741,-5.6483088,17.018019,-4.390722,14.418843,-13.310751,16.220009,-8.763513,13.569756,-9.304337,13.355726,-11.034062,11.506077,-7.276474,10.754351,-11.012142,10.342464,1997.9570089303838,1520.422827371573,1902.2957558506691,782.6443872947806,3770.8339012549163,2479.5930692851166,0.10322037143253328,0.1294119061372898,0.14678125,0.09100137,Italian
-220.62773,138.00336,82.388916,61.338966,-11.422854,36.56349,26.58012,34.216988,-10.4167595,19.067669,-5.957544,17.146078,-3.6433525,13.760624,-11.3359995,15.052904,-8.437805,13.931269,-9.23388,12.413344,-11.524099,10.723042,-6.2301545,10.383131,-9.903629,10.209831,1992.9613883707689,1561.7519558047698,1851.6477829220157,836.623832986601,3715.674299661879,2554.190868012009,0.10869752660622783,0.13509402948159227,0.14695747,0.09369172,Italian
-209.56178,134.49004,83.66904,60.908813,-9.94617,34.505707,24.487068,31.16319,-10.249163,19.183958,-5.387015,17.34552,-3.9730682,14.167887,-11.7780485,15.6556225,-8.513028,13.84126,-10.630969,12.948571,-11.162767,11.084672,-6.204045,10.410569,-10.508121,10.381917,2051.290760065178,1579.1043470789616,1921.833549847596,826.1968646078973,3810.0056932711072,2578.3562879386463,0.11140576051509861,0.1337997490435419,0.15666059,0.10335898,Italian
-245.74838,112.66736,89.845276,58.911194,21.032152,27.85483,19.02217,24.82499,38.45226,27.544115,4.2695403,17.041418,2.4161215,14.547234,-11.387618,15.566277,-8.697914,14.50802,2.800824,10.365149,-30.558609,18.232141,2.3510468,15.20114,-20.565819,11.865035,2329.2388650549815,1545.8936097550431,2586.008996518559,682.0609662955839,4804.227429961323,3069.283830434412,0.12760149261820009,0.14509280105148953,0.14349213,0.09741453,Italian
-246.54216,119.99716,90.32625,58.60467,13.264083,25.191042,22.52539,22.739182,40.791325,25.888582,2.954,17.517855,2.4202433,13.514046,-10.218703,15.274874,-10.596566,14.787471,5.3228326,10.976527,-31.124353,18.771683,2.1909926,13.942046,-19.100601,11.277916,2243.4399352340874,1458.5088983933285,2510.6351837406237,679.7268805597386,4600.902490291618,2922.0487733419936,0.1182670995750293,0.12546464948938713,0.14252868,0.09913466,Italian
-243.58794,112.6232,98.28094,58.437176,12.946555,26.207952,22.242882,22.486334,42.180485,25.841656,3.5099957,17.615799,1.054797,14.74449,-15.302344,15.921651,-10.516969,14.816874,4.5368805,11.51678,-29.361155,17.277374,0.23376586,13.059464,-17.894003,10.368255,2091.708250032408,1443.3960544559013,2405.56810090052,712.9402057297962,4166.138986258262,2945.309169421123,0.11028340815756221,0.1223512956468551,0.14835198,0.09597058,Italian
-246.68755,117.28411,92.12409,60.34212,17.067045,27.355179,24.39967,23.68156,38.65135,26.889881,4.909248,18.153536,1.5600015,14.991701,-13.983271,16.178492,-6.014133,14.60436,4.2325454,11.423483,-29.906166,18.105167,0.9142139,14.0105095,-18.21273,10.748479,2162.6862120580913,1527.9762119569762,2428.305712176276,712.9657723873627,4296.409590668797,3025.0230171468165,0.11789013922473351,0.13724869738730427,0.16147836,0.10992606,Italian
-263.33954,125.60498,90.8549,57.374744,11.984614,24.008371,17.3364,21.080952,30.842222,23.69878,3.0432117,17.638876,2.6018302,13.83229,-13.66461,15.688001,-5.362833,14.341533,3.9038358,10.308388,-25.39999,19.624542,1.1963084,13.890678,-17.405376,10.5833235,2156.149183049857,1361.2307388360637,2473.1123551569713,725.5260000552441,4470.802041758661,2958.765231606685,0.10667845921486802,0.10850993926545306,0.1364822,0.1092581,Italian
-242.5644,110.15684,93.472595,58.880497,14.090857,27.013777,23.100346,24.289461,36.82309,26.173233,2.6195176,17.421213,-0.81897557,14.306098,-13.741512,15.259716,-7.1144013,14.46327,1.5935225,11.449136,-32.323708,18.558083,-1.9352347,13.266452,-16.501526,10.231519,2093.2871013853487,1501.4474319492995,2365.455019524057,759.2629406199147,4155.656968914659,3004.2849742416397,0.11056767794975536,0.12734084718433625,0.1607375,0.10787334,Italian
-245.7876,112.42023,89.87225,56.578445,13.212423,24.675095,24.303886,23.83216,38.486103,24.825558,3.9857192,16.760162,1.5118188,13.937413,-15.728268,15.883702,-7.3146753,14.447283,0.58145213,11.215237,-30.298412,18.952003,-1.3980193,13.198667,-18.859364,10.443351,2101.4510102807762,1445.4867762751062,2422.048928679715,741.7728129808409,4274.702059932993,3000.5069496266506,0.10714920579444659,0.1174179545134987,0.1604876,0.1129305,Italian
-240.09474,120.20214,92.58315,57.812878,22.028677,27.3926,18.086773,23.900986,25.791813,24.857706,-1.1698698,17.992786,7.0622687,15.229665,-16.533613,17.34291,-7.007887,14.787695,5.5844045,11.676608,-28.155197,18.948063,3.5181243,14.205019,-25.507702,12.66637,2317.286708049716,1428.8108678740439,2609.0053731435823,698.1686863585423,4850.563022716298,3043.239673795073,0.11900443244849446,0.12268238643370022,0.15787448,0.11001222,Italian
-246.26407,118.808716,93.0898,55.829136,21.842993,25.745308,18.273018,23.00229,26.887592,24.655678,-0.0557586,17.1702,4.972827,15.44828,-15.347014,17.29995,-7.074169,14.372978,5.1390996,10.900573,-26.16421,17.981974,0.92228997,13.462977,-25.639677,12.240865,2182.9411774461546,1399.3543007666094,2546.3683490284075,667.587342639688,4524.36999099155,2973.762728996676,0.10987667743538768,0.12138760112152146,0.15775178,0.11056266,Italian
-234.96854,118.95406,89.79161,58.55852,14.368059,26.407547,19.549809,23.701853,34.18172,25.215803,-0.13109536,18.326296,4.1337733,14.277053,-14.504372,15.685881,-11.453766,14.437569,-0.96863765,11.959538,-27.70654,18.877775,3.7722378,13.707152,-22.826374,11.82673,2292.315606153479,1488.1534094978572,2569.3218470336274,677.1933728083128,4727.392383479855,3001.615984670203,0.11875541298880031,0.13484863615315854,0.16520534,0.118311815,Italian
-236.18294,113.87695,96.85976,56.295837,15.2101145,27.347158,24.107641,23.484682,38.55959,26.114628,-0.19424182,17.999128,3.4202912,14.397722,-13.543602,15.587698,-12.01935,14.468995,-6.340891,11.151368,-30.823635,18.054565,1.9452507,13.38184,-21.504473,11.569332,2059.5936324413306,1452.8950867927633,2434.047040942145,740.173090517752,4205.946920375632,3043.891497188805,0.1069482074798915,0.13016149210708025,0.1746807,0.11581869,Italian
-250.13445,106.94508,97.43642,55.096016,21.381344,26.710608,21.405352,22.118128,37.513264,25.860804,2.2489853,17.07927,3.897234,14.001422,-14.287625,16.002245,-10.338284,14.377808,-4.965672,11.36442,-28.409184,18.038467,3.114411,14.590752,-22.44778,11.31019,2015.4462004905947,1380.0646327544564,2473.961359066352,746.0278814308674,4226.418968413177,3064.8392918586524,0.09276188716138878,0.11573435044904831,0.15421332,0.10407496,Italian
-249.55498,113.627304,91.856155,53.25238,14.694801,26.059917,23.72202,23.742264,42.134846,25.43027,1.9488318,18.277924,4.9477167,13.320631,-14.051706,15.181087,-12.519076,14.646448,-3.0212004,10.284931,-29.809221,18.29295,2.7878282,13.945378,-20.497658,11.176208,2109.404537634013,1283.7789326805191,2569.6171822059164,666.9327200011855,4541.973201976103,2892.981423000595,0.09091394761029412,0.10110354431462026,0.13761368,0.09228309,Italian
-246.16624,116.7037,91.355064,55.59185,17.309965,26.005571,25.157269,23.753809,40.433296,24.993256,0.124551736,17.900108,-0.40513492,13.732081,-13.995029,15.594228,-11.998323,14.846826,-2.4314365,11.071243,-24.54482,16.78583,0.335146,13.226506,-21.337515,11.030914,2064.7799694060227,1343.7405018823868,2484.1398745473366,728.0518245003667,4321.155905110365,2964.7257825809343,0.09364222198896353,0.10821046471977129,0.15623878,0.10971358,Italian
-239.26692,105.81224,99.16634,55.155212,-8.987773,27.914963,54.914474,30.267048,25.12748,23.308651,-3.99179,16.687523,10.322921,14.355862,-23.441706,17.211807,-28.00356,18.807062,1.051478,12.009241,-13.247158,14.217018,-1.2655213,12.29412,-17.205717,11.539773,1626.9998097921816,863.5886049770696,1714.9163870328625,413.4969858432423,3133.122948078794,1413.586003358054,0.08434327121838521,0.0708217903749032,0.1355128,0.085863866,Italian
-238.513,112.8742,99.23635,54.715645,-6.6674395,26.851263,54.008396,29.374922,26.073023,24.856113,0.12324981,14.811828,10.459861,13.84617,-22.269178,16.289349,-31.171818,19.03567,-0.5194277,11.100443,-11.588128,14.143614,-0.82664275,11.977222,-16.710037,10.45598,1592.8819109076326,843.3077952433113,1720.3371748866973,397.2180220463473,3081.5948683215724,1413.494263835999,0.07883942072292627,0.06715905839897386,0.14490306,0.09460616,Italian
-254.92053,117.79326,95.293106,55.866528,-11.780371,27.008623,53.990795,30.03209,26.614285,23.309147,0.16582026,16.127298,6.951307,13.988279,-24.564991,17.211246,-25.761559,18.32642,-0.07520921,11.091966,-10.545563,13.564739,-1.5949346,11.717004,-16.886057,11.250221,1680.6290993105938,829.2763974609929,1712.7962644522258,370.5432217212277,3219.388706446391,1310.6329038379156,0.08934040323562845,0.07091448520151597,0.114982136,0.07876948,Italian
-209.41997,107.716866,98.674,53.693222,-9.472674,23.134987,58.98257,27.79045,33.589397,22.406055,0.123814486,15.169243,8.354471,13.95547,-26.619833,16.944204,-25.37447,16.388105,6.1527734,11.515603,-16.080854,13.259703,-1.9384092,11.970717,-16.211977,10.427112,1598.9828016446459,942.7928125712307,1781.4701337889928,494.9800883530702,3139.184642303838,1679.128008415107,0.0760673075815518,0.07476230390102981,0.18603903,0.10060785,Italian
-204.65463,104.111496,103.64036,52.979748,-14.420279,24.46895,59.256886,25.912916,34.341232,21.051003,3.7629247,14.729389,2.9974556,13.608591,-28.608488,16.282837,-24.29179,15.359441,5.78763,11.270242,-15.184894,13.119423,0.19850837,12.340398,-17.567848,10.39278,1565.8572264542988,919.3842706765029,1703.1463214753883,474.7721601680608,3035.282795485481,1618.7262135580502,0.07712309295598911,0.07293678741247672,0.18593344,0.097428024,Italian
-224.3153,115.81874,97.11499,51.00748,-13.3329735,25.83098,62.398155,27.953388,34.871372,22.21234,-3.901896,15.1582155,2.6329334,13.701058,-27.173431,17.553505,-22.844334,16.097118,9.628751,11.828071,-14.675199,13.321546,-2.6613188,11.589288,-13.338198,10.333365,1610.3928565543079,843.4749633448312,1756.2995445460585,478.6192419202019,3169.9447444437337,1440.842523009222,0.07605248505535914,0.06670722846732056,0.1579018,0.09272535,Italian
-205.40913,101.74067,100.31717,51.8826,-9.865663,25.52416,64.77325,27.120136,33.505535,21.40211,-4.0377445,15.656053,2.3122602,13.14438,-28.235266,16.991142,-24.010904,15.231234,9.650688,11.877311,-13.455112,12.9022,-3.647755,11.423231,-14.318978,10.433033,1623.6375200990647,896.7050442851348,1763.7412839809765,436.0760965770511,3181.963229943168,1544.716514433331,0.07940333908329227,0.07330589624146781,0.18674015,0.0974301,Italian
-248.2042,113.9611,99.84784,55.679264,-9.447696,25.12371,55.9281,29.71704,18.637285,22.068829,-3.7231388,15.272663,12.654792,13.998367,-15.93492,15.924661,-30.228088,19.578508,-0.9466189,11.323986,-13.432379,14.657359,-1.2680358,13.421868,-18.023209,11.066573,1569.9059635300937,847.3950791520693,1639.563473057956,408.7684816410134,3070.2176976122546,1330.121360244118,0.08254661169475255,0.0748992585025226,0.13783124,0.09368384,Italian
-249.51288,116.57109,103.08403,55.2603,-14.739435,28.674828,54.394882,27.77245,16.953028,23.339272,-5.1236463,17.944605,14.093006,14.623622,-16.504175,15.405405,-31.607382,18.583904,-2.0174727,11.874798,-10.597553,13.746792,1.8875753,13.784114,-18.41585,11.465722,1662.7414400455525,832.9551187444102,1668.8208363310941,377.10147137306996,3231.223383778188,1265.8340043313958,0.08854946031690794,0.07301020268044961,0.117596686,0.078153566,Italian
-238.26247,116.72417,104.5902,53.047184,-20.828487,29.362516,53.83912,28.407188,22.779678,23.765816,-8.621501,17.028454,11.485014,13.892195,-17.048578,15.367191,-26.868448,17.993444,-1.257624,11.192129,-12.699206,14.081302,0.5054924,12.727074,-15.493752,10.71118,1647.414002867008,770.6648931662423,1657.5769429432396,373.60476923266,3171.8573661326836,1168.0377045661933,0.08732033822722284,0.06900301946959848,0.12385715,0.08036423,Italian
-249.38882,122.63916,98.02505,56.554592,-12.527454,27.858227,52.62786,30.1451,24.090853,24.396626,-2.0611224,14.912513,7.810552,14.071946,-21.095013,16.200266,-28.676517,19.063702,-1.9020225,11.482484,-10.4700775,13.98867,1.5859014,12.621082,-15.786724,10.735071,1672.0979368388112,845.660504044868,1713.5786478664838,409.67796492800977,3202.553175045092,1349.726956182054,0.08863254775634018,0.07262861247134243,0.12720716,0.09002044,Italian
-226.68741,109.79091,99.45255,54.182533,-16.753782,29.27392,56.36378,29.31651,19.135427,23.862028,-4.763058,18.174358,11.276264,15.369088,-19.707247,16.083063,-31.218735,18.059938,0.31395975,11.630066,-13.0770035,13.848324,-1.2422659,12.635983,-19.045301,11.187246,1705.732792870996,868.3043813895775,1679.4821004247901,405.4376905394821,3259.9216755076604,1371.8458274791487,0.09206609466196498,0.07480809223578089,0.14880684,0.09901857,Italian
-237.45784,106.18945,97.35433,55.08943,-5.501026,27.442196,54.069576,29.565847,22.733053,23.28679,-0.37371263,16.540266,11.065037,15.177432,-20.598404,17.166786,-32.705563,19.242453,-1.0301307,12.245924,-10.7313385,13.43896,-2.1170063,11.971464,-17.069233,10.830816,1608.5376823442502,880.8618430308594,1703.6508810184976,425.46245291522706,3091.7697225705697,1492.00792130364,0.08147505725012463,0.06916322171833361,0.1383659,0.08955055,Italian
-218.64447,117.92953,89.44671,51.57749,-8.607449,22.319862,60.761684,28.774244,24.932266,21.303171,-5.769424,15.487374,8.36006,13.256234,-19.882114,14.872792,-23.173187,16.359123,6.0910244,10.386145,-14.595764,13.497,-0.12582603,10.999058,-17.23261,11.020761,1749.5478770651528,898.7866139655918,1867.1180417857797,456.43693683706425,3437.903823960046,1446.0242449476364,0.08329426777536401,0.07410866766929738,0.15810609,0.09341159,Italian
-223.44286,114.47104,96.10805,51.698402,-11.885234,25.099419,61.48723,26.009384,29.749294,21.651947,-3.493034,16.849638,7.8372474,14.186131,-25.571228,15.830145,-25.383831,17.242626,7.3215036,11.125311,-14.696585,13.436906,-1.3263694,12.331637,-18.617373,10.516662,1731.1007629721616,899.4928714156822,1855.5299040333027,440.45323205832955,3430.1173572000403,1561.1056773719883,0.08371495431744894,0.07278234289649964,0.14965993,0.08401428,Italian
-209.33263,106.98638,91.2413,49.818356,-11.688105,23.920732,60.76685,26.374275,32.64587,22.945736,-2.3587143,14.718712,5.7730117,13.926209,-27.524897,16.896248,-24.351011,16.65431,5.581172,11.128308,-14.515868,13.364409,-2.5953536,11.692122,-16.342915,9.828386,1727.7380035149972,874.3192741592879,1866.5267459020622,416.7787871034653,3359.7136090515523,1481.2547306835547,0.07979199840764331,0.0711738871082468,0.18176657,0.106297106,Italian
-204.51566,110.93121,96.96902,50.010845,-15.82956,25.28853,59.266567,27.796997,32.30295,22.596447,-3.7866993,15.414287,7.4312644,13.236104,-23.139828,16.237196,-24.434292,16.550526,3.9723551,11.072054,-14.523293,13.395479,-1.0555232,12.184535,-19.87271,11.133948,1610.1487036787898,833.2269801467364,1764.7210777846913,471.7020139989088,3178.4624065431976,1416.3358154179268,0.0715771064430219,0.06419352259375181,0.18181135,0.098371096,Italian
-218.3257,123.50797,93.18033,54.11641,-17.46247,25.153885,57.654972,27.749405,30.510862,22.033672,-5.3115807,16.155596,8.955919,13.929874,-23.246387,17.175367,-24.584742,17.493649,5.731812,11.061178,-11.528527,13.36617,-2.0644312,11.224535,-18.553469,11.556663,1684.9337914767173,858.115169450949,1770.1246006857723,467.5417963425624,3293.3340655562347,1453.5178458020414,0.08012727148278322,0.07135781707122837,0.16805723,0.10141886,Italian
-215.15546,108.69004,95.86727,50.925484,-14.593638,24.842434,59.18052,26.083673,27.19167,21.79652,-3.7627685,15.091247,9.913449,13.541309,-22.389402,15.979536,-23.444096,17.063204,3.7747822,11.144954,-14.911356,14.301543,-0.6434668,12.099359,-18.74741,11.46604,1692.718553826824,835.9023228679887,1815.668894235679,398.62680730908875,3327.841796875,1363.4553901570575,0.07940183886054422,0.06928664749299397,0.16075072,0.09141782,Italian
-214.47725,106.547676,92.99633,52.896637,-14.698134,25.453268,61.792625,28.423414,31.19593,22.689316,-4.6457925,15.19615,7.1065173,13.398411,-26.089249,15.978094,-24.228937,16.153463,4.5515842,10.952904,-15.346734,12.936439,-3.5087967,12.2576685,-14.840008,10.314916,1649.7384752459755,892.6437390095658,1755.1302007597628,458.8259966925668,3191.118569355237,1459.7730510053839,0.07862544003211462,0.07469981524723164,0.17481674,0.10045827,Italian
-209.76428,109.286644,97.21393,51.443863,-18.627054,25.744595,57.546875,26.216555,29.977156,21.669367,-4.1933,16.696627,7.4793715,13.7483225,-24.91628,16.841272,-22.524784,16.195913,6.311888,10.964644,-16.460567,13.37079,-1.4445363,12.98386,-16.964458,10.65965,1726.4011959526224,881.8211477338778,1821.1684284080725,410.0909349057217,3380.496204304245,1456.4777790533965,0.08351492891771488,0.07805520989947896,0.16152556,0.0890283,Italian
-217.74615,118.68571,93.58727,53.71967,-28.69629,24.80298,56.936256,27.480938,12.529652,22.66276,-19.12451,17.197817,4.053412,13.751302,-14.062041,14.45037,-22.113356,15.90486,-4.6437745,10.520964,-14.375312,15.694689,0.81792563,11.826969,-23.040638,13.076722,1826.1524783516288,912.0137616704742,1715.5750464343157,505.16230159750324,3426.192426510063,1421.7470888046234,0.09843441776118658,0.07279252988838712,0.1190108,0.06598529,Italian
-215.1202,130.86736,89.07882,52.079865,-28.465202,24.555588,56.25233,28.74708,14.30907,22.571995,-12.493222,15.341221,3.395782,13.869948,-18.29752,14.362111,-26.504824,17.337053,-5.5665135,9.994235,-10.031741,14.17222,1.1590483,11.71227,-27.125784,14.003419,1868.2106043418892,892.1677757699815,1761.0119920011682,494.05046150242885,3513.427651239713,1416.4178484931017,0.10143761232500946,0.07289430605199397,0.1307152,0.077902265,Italian
-232.00262,120.30999,87.39615,53.82782,-30.717117,26.309528,59.155155,27.282213,10.668916,23.000118,-15.579995,16.814617,5.335731,14.170356,-17.366993,14.177993,-25.897509,15.561073,-6.101078,10.46068,-10.115106,14.220205,-0.13389236,10.426336,-24.063288,12.19825,1942.4551372728029,936.7046622120354,1730.5861635355384,480.9585513473892,3567.7518855109165,1392.9759896375117,0.11068194949842644,0.07917415657971008,0.09751041,0.055517994,Italian
-228.69632,116.629875,91.160225,52.126244,-30.02495,26.05868,60.55352,27.310183,16.529089,22.235806,-22.591896,17.206236,1.5395626,13.449684,-13.475719,14.246336,-21.670622,16.222874,-3.8375046,10.072517,-18.0722,14.355482,3.1253862,12.211162,-23.321154,12.149961,1904.2977762704356,884.3142219776694,1743.4938378731804,439.4730970052538,3498.3818595333205,1304.1478365839423,0.10376471313571707,0.0760524160667126,0.10627648,0.058851447,Italian
-218.67479,126.86387,88.836655,52.635017,-27.070515,24.416697,59.084366,29.58905,15.028272,22.989943,-22.228607,18.178713,3.1560593,13.616664,-11.999702,13.74246,-20.967155,15.844132,-3.1286855,10.418866,-16.976177,15.104103,4.6097136,11.707489,-22.02148,12.651326,1865.0596412835282,933.1427110806751,1729.2945490225377,537.4226302342165,3463.484637084145,1470.4374616800812,0.09963366218912398,0.07388601164423392,0.12248678,0.070266925,Italian
-243.42445,148.0542,76.86799,65.56834,-5.9544473,35.82641,23.652657,31.562029,-6.248282,19.017977,-4.4022875,17.167437,-1.6888344,14.650136,-10.7957735,15.503998,-9.478239,15.114359,-9.286501,13.647252,-9.534943,10.496942,-2.060491,9.604921,-10.78363,10.5115385,1878.4575683102794,1576.6966119430574,1789.8333464460388,918.2392107286504,3525.199692940323,2671.433132342949,0.09991957960842744,0.12643269371854582,0.13108575,0.09742506,Italian
-213.42552,139.06477,86.28432,65.13183,-14.358365,40.07077,28.451727,33.884193,-9.539788,19.353634,-7.326033,19.431507,-0.91931075,14.865325,-14.069199,17.822247,-8.66366,14.8051605,-7.6715655,13.545889,-10.350524,10.351182,-0.9542955,10.352878,-9.818626,9.625326,2037.8469732083988,1576.0272971056888,1843.1616082683008,814.3791805370347,3757.77809791111,2556.7716785479392,0.11352148357355354,0.13760486680887188,0.14592458,0.08818656,Italian
-222.75519,142.14381,89.87657,60.62151,-10.107146,36.66434,23.828112,31.276537,-10.007841,19.513695,-5.904975,17.254047,-1.0849185,14.0031395,-14.433451,16.967243,-7.8288164,14.443928,-8.355223,13.2939005,-9.934537,10.651225,-3.7942152,10.049369,-9.530995,9.9933605,1803.5404145393113,1395.6058265075237,1798.054114798715,820.8024933136473,3397.965448943662,2418.810897937911,0.09326270120724346,0.1147930297160993,0.14872791,0.09447352,Italian
-237.04034,148.50034,80.11836,63.0957,-8.022827,34.703587,26.234524,34.231667,-7.615608,17.80143,-6.5229454,17.681019,-1.6480399,13.690196,-12.016567,16.300764,-7.4947,13.591064,-8.925866,12.699419,-10.519228,10.394687,-3.710479,10.637161,-10.529171,10.32323,1895.2168827321962,1574.1658318097416,1801.5153841501362,894.022956513949,3562.9907955619497,2606.6910566006018,0.1016497999018951,0.13483967583866402,0.14065222,0.0999873,Italian
-215.80473,125.23428,86.20585,61.877598,-6.0016303,33.642048,24.191132,33.210876,-5.828746,17.690329,-5.8393555,17.640995,-3.7429051,14.464431,-12.210525,15.316011,-7.859872,13.969879,-11.108528,12.592636,-11.539983,11.0135145,-4.4700046,9.926921,-10.965173,9.999794,1973.9879458573712,1595.1919042128593,1908.9678616856868,781.4274561775659,3634.757620389344,2558.8313127180345,0.1061340220856102,0.14031309820989762,0.15678455,0.09395466,Italian
-222.03085,140.8504,83.766,62.53276,-10.8857975,36.245636,24.464403,32.970432,-7.295076,18.327993,-5.2693863,18.433525,-1.2417314,13.9080305,-12.466959,16.254095,-7.676428,13.715496,-8.714402,12.739724,-10.010252,10.752502,-3.758751,10.153446,-11.339423,10.492625,2000.5658497014235,1571.449742853788,1865.3992947066665,832.718485012797,3717.1845164154893,2598.5451473955477,0.10712458593407796,0.1282383200429659,0.14657712,0.10059369,Italian
-210.04672,137.20703,83.57489,62.279564,-13.355209,38.30027,29.754622,34.423283,-8.923269,19.56951,-7.7775083,19.04298,-0.55474865,15.367489,-15.339825,17.471222,-8.958222,14.90312,-8.869197,13.486145,-11.771883,11.283598,-0.58072543,10.141323,-10.778008,10.205908,2029.4702440633014,1520.2633712543864,1879.2295257070032,808.425842114925,3780.2003239429664,2464.1013659844275,0.10698178729803302,0.12957176079455832,0.15336008,0.09408513,Italian
-216.17213,141.37105,85.15905,62.35559,-10.994028,37.56697,27.196201,31.224812,-9.435616,19.314827,-5.6109467,17.167427,-1.6722199,15.368518,-15.991616,17.903456,-11.282896,14.65122,-7.552579,12.939323,-10.404323,10.772969,-2.3159752,9.541811,-10.681179,9.787423,1941.330112697347,1544.9005805572808,1806.407659153627,832.2659320629443,3638.112761035969,2567.156590243593,0.10462146687970669,0.12746579493205368,0.15677646,0.100497074,Italian
-218.62685,133.25435,84.41964,61.673267,-6.668741,35.462643,26.303135,33.71369,-7.5270286,18.013124,-5.5351796,16.726555,-1.9903144,14.147865,-13.041894,15.823482,-10.8225,14.498745,-9.937139,12.837514,-10.950565,10.785189,-4.801004,10.082631,-11.451008,10.454522,1966.3301322764892,1613.4987068506698,1874.035490319966,811.7624927374193,3659.6120608278193,2594.2214325042687,0.10830628775891829,0.14172580459668283,0.1560327,0.09864563,Italian
-225.4197,146.82483,80.51964,62.405987,-10.491605,37.076138,26.862535,33.293617,-7.2295628,17.443241,-5.3370347,16.446135,-2.7328217,13.796313,-12.409691,16.02264,-9.344938,14.327594,-8.550572,13.316226,-10.146561,11.025899,-4.3573713,10.221541,-9.844882,9.903481,1965.049430608197,1615.5243173339704,1818.0135944969522,852.0582379044671,3671.929098430433,2607.811369539223,0.10725924843236019,0.1420183249193696,0.14975941,0.10308576,Italian
-218.87302,129.72275,92.09481,61.814613,-5.574371,35.120758,25.102856,32.131252,-6.2009635,17.98814,-5.9338965,18.006224,-5.0164456,14.802438,-13.141711,16.231052,-8.456293,14.675711,-10.401712,12.852763,-10.035885,10.015393,-3.187259,9.599034,-13.784092,10.26341,1890.0933231318832,1483.645318012242,1876.3758261993216,779.9352224362468,3542.656285865359,2509.7411590870192,0.10539035857161595,0.12867384636251586,0.15272689,0.088304825,Italian
-210.43944,135.56871,85.32005,62.495758,-7.552834,34.41998,23.64836,31.837563,-8.488181,18.328943,-3.2233558,16.29948,-4.155842,14.348999,-11.582974,16.091057,-8.675622,15.358263,-10.228253,12.215849,-9.297327,10.859972,-3.9926512,9.764416,-10.702914,9.766317,1918.448137969557,1528.8956158244496,1844.2184687132017,818.9675680946889,3581.1422100908517,2568.3697302374826,0.10507985493009725,0.13167798038348474,0.17005545,0.10563506,Italian
-217.6713,132.13333,90.26726,59.8145,-8.889594,36.135063,24.97126,31.367233,-7.548052,17.86749,-6.604964,17.638494,-4.6462126,14.767795,-14.734149,16.686909,-5.973518,15.012894,-10.102953,13.2992935,-9.5434265,10.331062,-4.499005,10.068884,-12.185479,9.631933,1888.281696376088,1522.94717955914,1839.3268226146665,814.1809524789047,3552.313329197136,2539.290399918945,0.1046302090452433,0.13188753438007758,0.15661018,0.09567709,Italian
-205.3904,128.17639,97.28551,58.840355,-14.692597,36.869034,28.929783,34.42175,-8.894852,20.178864,-8.359639,17.764507,-4.0708027,15.048757,-16.749693,16.550747,-5.7330728,15.084,-10.126575,12.90821,-8.603387,10.416827,-2.7656925,10.11873,-13.674116,10.663546,1796.6738186344887,1294.4288819668513,1794.5963902192857,733.1820597230121,3402.3168335762975,2268.472724969056,0.09335689402650021,0.11149710138137398,0.15942127,0.08930273,Italian
-220.74312,138.39192,82.49911,59.81429,-9.910804,36.271893,33.036438,34.797432,-9.411305,18.561726,-9.025804,19.020199,-2.6928992,15.30936,-15.149447,17.867569,-7.4263544,15.366307,-11.244719,13.270713,-11.265793,10.412385,-2.4549117,10.073168,-13.269953,11.001067,2036.634494849232,1507.5154426279091,1921.2947819529973,778.7861332945507,3860.7072143554688,2461.8329920287924,0.11165492466517857,0.13654063233915506,0.15045543,0.09135063,Italian
-232.44652,142.16197,88.68357,63.821754,-7.91456,37.021107,24.333948,33.566013,-7.714468,18.237259,-7.972147,18.167479,-3.4674509,14.540119,-14.119369,16.583382,-7.1937284,14.20181,-7.7757955,12.1480465,-8.2843075,9.625821,-1.087341,9.609723,-12.417481,10.5324955,1887.1648085950287,1537.5455713129402,1821.898210007758,846.9590599190984,3527.548445516558,2564.9849160560116,0.10495354445221808,0.13475917676916246,0.13793385,0.08719785,Italian
-215.66338,135.35869,90.51093,62.434723,-8.84222,37.037888,26.80215,33.037964,-7.9886994,18.209335,-8.303258,17.844511,-4.020214,14.660837,-14.281273,16.645344,-6.8464947,15.258875,-9.682674,12.499657,-10.544032,10.631844,-2.6978524,10.258656,-12.876995,10.895327,1908.1804367855268,1455.453264368623,1878.034779289202,791.4828528062056,3603.495785129797,2500.7494830429496,0.10513745565946468,0.12580690013561766,0.15421383,0.094305314,Italian
-232.89185,142.34975,86.14653,65.529305,-8.05022,36.395718,25.642391,32.77217,-7.5675445,18.357721,-7.013352,18.74778,-2.714948,14.988288,-14.052198,16.334225,-8.293904,15.263624,-8.20968,12.3864155,-8.896363,10.347968,-0.55314183,10.295634,-11.031548,10.510136,1951.160984977899,1586.188958147862,1820.8214171913896,846.6857131111584,3622.219350461948,2645.4381215886797,0.11333055046478234,0.13931401053577624,0.13701515,0.08950441,Italian
-208.45114,128.77574,92.08827,58.26658,-8.652842,34.094135,31.582788,33.391678,-7.6888413,17.756311,-6.364464,16.880598,-2.7789335,14.27159,-14.724735,16.752113,-8.315967,15.285642,-10.9893675,12.912007,-8.917135,10.797535,-2.4577014,10.015065,-10.559094,9.734159,1890.9439905227064,1412.4630555235299,1892.1263718523082,731.3704234771328,3609.8047487905333,2345.5968666945914,0.09668854057705718,0.1211036234021472,0.16585208,0.095630445,Italian
-222.60638,126.22696,85.615776,60.2564,-3.5997558,36.649277,28.70964,33.970264,-7.1889663,19.012733,-6.3762603,17.80567,-6.1684036,15.711199,-16.569704,16.521036,-11.550007,16.928957,-13.579009,13.005776,-11.772007,11.114523,-3.805072,10.343904,-13.12865,10.378085,1963.6992870778843,1493.3920790884122,1925.2398602494022,762.4433301409507,3721.011920307958,2536.446034537032,0.1096893231690084,0.1318479757650332,0.15472133,0.09582971,Italian
-236.00111,126.29864,85.2355,64.73461,-0.18087699,33.522556,26.528894,31.072613,-5.5497127,18.365358,-4.8060513,17.109604,-7.066005,15.681735,-14.032866,16.776365,-8.855071,14.618471,-9.555376,12.781369,-16.32413,11.895612,-3.8827374,10.615561,-10.773635,10.0541935,1983.8854322714094,1600.0021704984235,1908.745773248539,814.2256825539937,3719.2146654950075,2663.5747007301825,0.11648175574296357,0.13875576826210143,0.13548125,0.08419829,Italian
-225.56685,131.11813,88.133125,62.616158,-1.0661954,32.52578,21.518288,31.466415,-4.1228943,17.175665,-7.942479,17.97051,-7.057216,14.355736,-11.105061,15.497951,-7.5183144,14.59364,-10.549461,12.395503,-9.867547,10.32412,-1.9956273,9.506136,-13.620804,10.573722,1964.9233332198796,1606.2239259744072,1937.7512584058345,770.4598652820133,3606.4065706623132,2611.9820516551135,0.10969114388992537,0.14738574286469974,0.15051441,0.09009094,Italian
-222.6293,129.15222,83.73629,61.1273,0.866683,31.741138,22.648851,32.395473,-4.7233763,16.933075,-6.1783705,17.866528,-5.3982587,13.177226,-11.572277,15.042745,-8.706402,14.117509,-9.645569,12.009941,-9.685464,9.974846,-3.7264533,9.977365,-12.605531,9.901408,2038.737924837655,1573.5640989468302,2022.6539533775424,775.9403727725811,3791.9450239701705,2631.3031454172183,0.11578025652732683,0.14126635537338747,0.15675773,0.09875452,Italian
-224.38683,133.0577,90.23491,61.597607,-4.473441,32.72881,20.819393,30.400883,-8.131995,17.784649,-5.4205565,16.792192,-5.8450565,14.246074,-12.084676,16.640787,-8.089852,14.468261,-7.8868165,12.564905,-9.578315,9.918212,-2.7626338,9.686806,-11.960629,10.368625,1866.028758338151,1472.8943017700735,1861.761687679075,781.5305740678966,3465.1608366451424,2492.4843804429747,0.10227606588657501,0.12858332471031161,0.14547704,0.089433864,Italian
-222.19804,132.93448,91.71492,57.896404,-1.507817,33.203682,24.139574,31.707388,-7.386695,17.207556,-7.9312444,17.504173,-4.7958827,14.593342,-14.274623,15.746879,-7.431454,15.080198,-9.17548,12.974444,-11.604814,10.408265,-2.5805712,9.688029,-10.745539,9.992468,1852.6649921249987,1370.690345432503,1942.4808036606507,744.6463446107994,3543.048676679479,2405.6699881859213,0.09748600434491979,0.11952588960015997,0.15333271,0.09093139,Italian
-237.88602,128.65977,86.02723,61.645508,0.50252616,35.59412,28.14712,34.287483,-7.472742,19.788782,-3.2277467,17.340813,-4.2998095,15.075751,-15.307829,17.398886,-9.543041,16.3157,-11.523323,14.071876,-11.401134,11.1217985,-6.7975316,10.643947,-10.322092,10.351717,1881.3272980832146,1453.5806915790865,1893.7441356619333,751.4835979354771,3570.0869635087024,2457.2589142727043,0.1044070988264768,0.1258634966155428,0.14062932,0.0911239,Italian
-236.45847,131.37848,89.398285,63.490513,-4.399842,33.491592,25.223843,31.887478,-9.003419,19.028318,-4.3272777,17.202864,-6.1224794,15.099323,-16.733854,17.628832,-7.122847,16.12726,-10.027188,12.95906,-12.470771,11.472438,-4.0831256,11.004747,-10.590081,9.952991,1794.5044049351934,1448.5650258054352,1787.6399773024702,779.4179579251055,3382.9066868832238,2461.595741761507,0.09876846657659774,0.12470790813387027,0.14300597,0.09255281,Italian
-223.98451,124.50913,92.83789,62.794987,-4.378071,36.713737,25.9816,33.770817,-13.141771,18.876476,-4.735528,17.68575,-6.429887,15.197355,-19.751291,16.966011,-7.6992574,16.808043,-13.941792,13.621142,-9.925959,10.814988,-3.5777056,10.946853,-15.12124,10.490057,1905.8076876904704,1550.246755899025,1828.3239188100727,759.3798586299009,3578.5491943359375,2516.035947969097,0.11215977362024854,0.14110117503927924,0.14646478,0.087059855,Italian
-230.96082,122.49763,86.502495,60.681347,-0.7039559,35.962357,28.367786,34.338066,-10.441041,19.398975,-4.640741,18.37592,-1.8593736,15.894439,-17.766674,17.191055,-13.213248,17.04344,-11.668235,13.445425,-12.691224,11.398938,-6.0557117,10.390676,-11.49033,10.510067,1965.8289926634645,1485.8825137651386,1926.9536219744066,736.366573982561,3717.9955015791224,2496.5915965358377,0.10649076421210106,0.125820317725896,0.14277984,0.089875005,Italian
-226.3383,132.6943,91.79238,61.589893,-6.841941,36.89339,26.755476,33.081142,-9.934803,18.76176,-4.433045,17.133404,-5.0068617,15.458263,-15.989292,16.851452,-10.017315,16.233536,-10.924722,13.810898,-10.778757,11.228584,-5.374228,10.791529,-10.307972,9.91651,1908.9846589960098,1468.5488024618455,1854.67411376632,770.3921107176545,3623.096185616354,2486.890964437329,0.10780679587999561,0.12633585900237362,0.1470719,0.090224415,Italian
-206.16644,111.495834,95.44833,56.011875,40.185135,29.71944,26.081038,23.66729,49.154182,26.629133,1.1557958,17.640972,-11.707328,16.498663,-17.046713,16.375084,-27.685476,17.314589,-6.9305644,11.726389,-20.397133,15.037496,17.13203,16.018808,-14.577323,11.33466,2244.325313355645,1589.135948608663,2636.760131280647,722.4304344029778,4575.0718222062815,3206.993833036635,0.10728961706183167,0.1305078085925248,0.2592497,0.14381015,Italian
-198.63464,115.197624,97.84267,52.552277,34.27759,25.6739,24.868217,21.63067,49.1359,23.278376,2.5637894,16.443176,-9.819028,15.631408,-19.430193,14.7034855,-31.434265,16.17152,-3.9063241,10.826672,-19.250076,13.859901,19.218216,15.473016,-14.424599,10.966922,2229.0601017190065,1426.690809947707,2671.349809661894,679.3997753205082,4711.421510678696,3024.6413994374893,0.09932649689193111,0.11118590046588595,0.24360983,0.14494418,Italian
-198.2606,121.82801,94.31013,51.165504,31.178457,28.016682,21.984015,20.058105,45.14948,22.561365,0.2951667,17.00294,-8.982969,15.147011,-14.142872,15.347553,-31.581852,17.169909,-6.0990596,10.652223,-18.33105,15.2043915,20.903103,15.434511,-14.1503725,10.424433,2333.266290027972,1419.2035157238363,2713.9486816010926,696.2929624217011,4994.028791292446,3055.5545182711685,0.10315883366141733,0.10528471315072196,0.25086224,0.15214837,Italian
-195.07388,117.826454,96.116615,53.6157,36.606754,26.868738,22.018883,23.122791,47.46445,24.312185,0.21847385,16.092155,-12.160746,14.984498,-13.147296,15.108785,-30.738459,16.41002,-6.242833,10.814455,-20.906872,14.070912,20.915188,15.839412,-13.904945,10.638264,2333.2568267406687,1557.1237370272484,2698.716506254229,647.4077835422125,4823.278064262577,3097.502107885946,0.11320809287891986,0.1375339040849231,0.25940016,0.14258829,Italian
-196.99736,108.16871,97.511986,53.391487,40.151596,26.824755,26.200268,23.973614,49.39276,23.138426,1.2579706,16.372307,-11.803705,14.989434,-15.809856,14.82067,-29.945232,15.589857,-7.403332,10.854008,-19.628485,14.624587,21.334515,15.992035,-15.162406,11.395788,2199.6306229741035,1521.5098102896518,2646.1300341340107,683.6127566112043,4488.4013357338,3154.457488669261,0.10402749652511503,0.12362351008163455,0.2698659,0.14411066,Italian
-218.00253,122.87237,88.28351,56.425785,39.42552,25.954824,24.880857,20.64156,44.321968,23.006144,2.8740377,16.948566,-8.622311,15.60804,-13.610356,14.841559,-29.997128,18.519527,-7.3804593,10.707336,-17.679934,13.986382,18.78094,14.931803,-15.544042,11.146235,2468.190580212992,1619.0119462142577,2742.1375108740936,730.8961980194862,5070.3088696561335,3227.9900644857976,0.11523417331422965,0.12350751742438529,0.24398386,0.1593012,Italian
-206.82448,112.3389,98.25357,58.08223,40.548534,30.149708,29.866785,24.464548,52.110577,29.264807,-1.1293849,18.104797,-12.252364,16.535711,-18.35497,16.494133,-27.91137,17.398169,-6.4803348,11.508671,-20.92183,15.489172,15.960023,16.228615,-13.704495,10.87201,2125.548196834999,1639.6290401731758,2546.949257638775,713.1354235920003,4160.7731757047795,3176.768351157145,0.10513653147473033,0.14051068307559858,0.28191164,0.1475346,Italian
-205.74606,107.304115,100.101295,58.93547,48.48689,30.68453,26.860704,24.77708,49.66269,28.383074,2.260501,18.855503,-11.318367,17.58716,-18.363775,16.936552,-25.359854,17.284012,-10.30217,12.266443,-19.815613,15.344535,18.024872,16.387444,-15.162158,11.461989,2114.152797438242,1555.4738097871564,2619.739321852811,748.6274842933635,4309.636481944072,3297.513052804712,0.09530600355418455,0.11691764884994475,0.28894746,0.1462087,Italian
-209.6619,112.61093,96.20855,59.266228,49.78454,33.3615,27.530594,26.117424,44.923576,28.00585,-0.9489994,20.347033,-10.088048,18.530113,-15.872265,18.12359,-21.21512,17.215912,-11.107037,12.892128,-22.039894,16.172125,17.38365,16.0447,-14.527959,12.033874,2263.3973226098337,1670.3562888583826,2666.58876506396,731.426155522946,4500.344801682692,3340.0124495632817,0.11022664835164835,0.1370915695290924,0.28903523,0.15561745,Italian
-187.66544,111.17967,99.980286,53.84376,28.543146,27.329172,24.351004,22.03468,51.312393,24.874794,0.5240026,17.834953,-12.455462,14.821647,-20.124376,15.2458725,-31.194035,15.899629,-3.2215946,10.586441,-19.597673,14.346843,19.019278,14.873042,-15.365531,10.243162,2205.870068852893,1484.1817487505093,2588.6418193366385,684.3721596675124,4436.375268422923,3015.1584900046128,0.10312936704895914,0.11587009269945384,0.2588557,0.14124936,Italian
-202.92708,112.2417,96.66435,54.937523,37.155437,27.26554,27.735352,24.586195,49.943317,26.200663,3.3079002,17.29584,-11.663998,15.985725,-18.706804,15.559695,-30.891216,15.957812,-3.11015,11.724995,-21.886244,15.123732,18.936697,15.666403,-14.790537,11.017409,2223.8301438007975,1569.8794053693407,2602.346906297688,705.9513138465874,4468.87930690069,3156.4625843189897,0.10654010426717483,0.12817320770122548,0.26201364,0.14316003,Italian
-208.74176,109.28085,95.362,53.436775,41.048634,27.924482,27.169683,23.388535,52.576607,27.049929,3.977879,16.71521,-14.876331,16.73004,-18.290573,15.315559,-28.302752,15.860432,-5.393946,10.925858,-19.713034,13.535959,17.311333,15.321872,-16.54699,11.081219,2269.9173897874957,1565.6916760582187,2660.665413166395,707.098792105345,4687.884221311476,3235.1199696061735,0.10735969965211589,0.12896497217249897,0.25774232,0.14703983,Italian
-200.01404,110.12259,93.241585,54.84638,41.905334,29.09044,23.01531,22.914091,50.889694,23.756332,4.045459,16.952728,-14.949843,16.853321,-21.467455,16.704756,-27.837852,15.28981,-1.071781,10.798639,-21.722261,14.269713,18.167093,14.55731,-17.938189,12.0123205,2426.2096178507886,1637.8915593012982,2758.2485271362907,694.5401380867377,5103.682380058747,3236.446138035874,0.12007548052265946,0.14103549506843846,0.26670855,0.1475164,Italian
-196.541,117.64814,91.069565,53.663383,35.677647,27.491673,25.764502,23.04285,49.1245,24.407398,0.5297578,16.976677,-11.179703,15.763768,-13.341682,15.912993,-31.18461,17.95198,-3.8923244,10.53763,-21.77069,15.994399,18.021862,15.758549,-14.510631,10.800282,2412.9332600471153,1592.1689017878653,2717.489419643204,676.6647340593013,5058.941580874502,3103.4841616956105,0.11969249033077069,0.14228944506281554,0.2543048,0.14423685,Italian
-187.38211,112.81049,100.50959,55.785583,30.188536,28.568611,23.107325,22.001398,47.80462,23.380384,-1.4598899,17.771255,-9.313203,14.531869,-13.273303,14.90616,-35.06617,16.578709,-7.5880847,11.241414,-18.042416,14.527392,21.735912,15.279939,-15.097775,10.884518,2264.2882414516735,1646.2414138849545,2558.914919570098,668.7784303067914,4498.588353207237,3061.844729305619,0.11695068835282652,0.15005673353486448,0.2675523,0.14190681,Italian
-206.92519,113.54961,101.61366,62.349567,2.8473103,28.079706,20.059935,26.111921,22.544086,23.709957,-5.7924924,16.203701,12.498116,16.449472,-6.2585998,16.34379,-18.617563,15.254468,-12.435953,11.514803,-18.401066,15.381839,4.783339,11.558035,-18.094664,11.557281,1997.8685765976522,1434.220503096098,2208.2996904104,711.785731749345,3757.2466517264497,2726.9134313278487,0.10420033885142312,0.12230682222297654,0.15884236,0.08505161,Italian
-221.65092,117.90574,108.479164,62.85083,3.9994926,29.198627,22.106218,24.917805,19.43928,24.870882,-6.4408154,16.119743,13.006318,15.966451,-5.0514045,15.756882,-15.523497,16.465088,-12.174584,11.20702,-18.553291,15.581282,4.4946737,10.450926,-14.774111,11.016995,1744.0314654036742,1331.2790834317802,2013.7689921360786,782.0718034534929,3287.7053000710225,2659.072119221707,0.08697536187770563,0.10704652225723539,0.15714288,0.08554543,Italian
-206.97992,135.75291,87.28026,61.83016,-1.083388,29.878777,11.707978,27.46222,21.901794,27.42867,-0.6182025,18.476566,6.5224476,16.345942,-6.125263,16.866817,-20.3136,18.37449,-3.4886453,12.609412,-20.964182,16.538366,5.402809,13.706741,-16.674,12.42532,2361.190687567345,1396.2387091226858,2375.2442078640684,619.8442005640043,4508.774474844398,2621.072897600083,0.132743179692131,0.12872238985816153,0.14091474,0.08973027,Italian
-212.62032,138.0988,89.078575,63.365837,-0.0014494745,31.14411,11.162469,27.01921,16.48022,27.471163,-3.4563377,20.162958,11.550478,17.719898,1.9376694,17.442488,-21.302483,20.460705,-5.618952,12.011161,-20.68481,17.011658,9.743481,14.162909,-15.944581,12.757337,2393.847421269351,1397.0180425043916,2389.914313487143,621.6876461606847,4571.189953855347,2649.0873848509796,0.138561677437441,0.13132648044647957,0.133592,0.0815481,Italian
-236.0737,143.74156,87.99088,62.69016,-0.46345326,29.197123,13.875289,27.034588,16.453718,26.73789,-9.777251,20.274305,11.572635,16.523348,6.605945,17.178583,-22.07241,19.831408,-8.901664,13.718034,-19.373503,17.335093,7.79546,13.853663,-14.943518,12.559181,2235.181318973859,1396.5689525780099,2281.360118417587,722.5796136010946,4274.086673065317,2665.8427978410095,0.12363976299847997,0.12596863347882828,0.12756921,0.0850524,Italian
-243.0616,145.48758,87.10141,62.613026,6.222686,27.268995,16.003874,27.130678,17.270493,27.476688,-3.853876,16.645075,10.08634,16.136848,-1.6876484,17.33723,-18.788574,17.402903,-6.925898,11.796414,-18.791246,15.990626,8.516876,14.059196,-15.084421,12.601772,1987.3659011975774,1446.0405075841666,2164.0518809228547,910.0587895967202,3867.654608227353,2840.8444909963478,0.10442435590088865,0.12184349457197048,0.12422429,0.08180548,Italian
-239.22498,124.313,106.28523,60.14524,2.770967,30.120926,18.05172,25.126509,18.31504,24.7523,-9.347918,16.80902,14.684662,15.952276,-6.4593554,15.182175,-15.741119,16.8064,-9.448153,11.725939,-18.654392,15.450391,4.6123652,11.561994,-17.737106,11.476243,1843.9379010497314,1326.041482332978,2125.6966235287346,765.0815689047578,3496.629586189416,2630.436716537136,0.09192263852259155,0.11134725198405777,0.1289099,0.075736664,Italian
-232.55396,120.62044,106.93007,57.38825,0.98879737,30.32679,16.111969,26.039219,21.913313,23.900833,-5.9042125,15.61402,13.126005,15.311941,-7.6785393,14.671564,-15.658288,14.93939,-9.436937,11.529752,-16.734385,15.698736,5.972015,12.268585,-19.309351,12.673967,1927.9517763426097,1277.0809462848056,2230.0768226646824,730.0090743884922,3697.6089113270887,2631.5986819219415,0.09300311532935455,0.10151347776223286,0.12133341,0.06465667,Italian
-234.80939,124.24707,93.81925,60.660477,-10.704138,36.178482,28.221388,32.752502,-5.3882895,17.017082,-8.268628,18.13147,-6.838174,14.573674,-18.336304,16.80717,-9.294271,15.874879,-10.674343,13.230821,-10.972546,10.708315,-6.748211,10.321856,-10.455869,9.48381,1759.2033561410483,1409.5044764607499,1749.573854915399,741.904802425961,3284.19616757329,2351.486479119621,0.09810517122540463,0.12777242977247727,0.13712716,0.084706165,Italian
-224.23792,118.70079,99.69321,62.153378,-10.200841,36.97309,29.089203,31.845686,-8.121692,17.911596,-6.767848,17.30461,-9.266252,14.969322,-18.931404,15.376491,-7.5810747,15.626739,-11.066716,13.268901,-8.567436,10.864709,-10.323645,10.691159,-7.992566,8.920905,1655.4138734699848,1388.2378251756113,1656.9531890892315,771.2624544222023,3100.6737906369963,2348.5878839631773,0.09462084632917467,0.1219606002483295,0.1574906,0.09223356,Italian
-231.5871,113.84699,99.44295,63.021156,-8.412938,37.546005,27.825354,33.15847,-9.16586,18.59977,-7.673461,18.081347,-7.0339704,15.275839,-17.941109,15.859051,-11.362362,16.154936,-12.185905,12.915552,-10.494374,11.015214,-8.110611,10.233439,-8.813045,9.167801,1683.856828851432,1423.0485025495695,1662.113493840749,756.5061301766864,3111.382802055481,2371.8343389185293,0.09700381573083779,0.12736120865618888,0.14015134,0.07646018,Italian
-224.80777,114.75355,96.26656,60.73904,-9.228798,37.61546,32.77486,33.8896,-7.310768,17.936638,-9.270402,18.319918,-5.6043696,15.206905,-18.822672,16.756998,-11.461887,16.18699,-12.661728,14.636716,-10.341959,10.745527,-8.226074,9.758529,-9.766007,9.20152,1693.2567654303296,1393.5385618674286,1679.566255969637,740.9233693018433,3184.8707332167514,2330.3724634837863,0.09412006365500415,0.12415108622196516,0.15602915,0.090131775,Italian
-230.80469,114.50623,98.61313,62.433743,-12.199018,39.101097,32.03439,34.190083,-7.6034245,17.799257,-7.500169,18.407501,-5.6950464,14.998919,-18.307468,15.907117,-11.92567,16.752102,-11.979226,13.176696,-10.239258,10.633673,-10.155808,10.567159,-9.5883045,9.086144,1747.0400507708794,1412.1238863024198,1695.4656214408271,716.9812567612723,3262.6369030070755,2306.8506639733423,0.09713418828616352,0.1247026347602464,0.14463812,0.082033835,Italian
-244.63275,132.21281,87.79132,65.67614,-8.845274,39.466217,28.434748,34.204384,-10.975758,18.356884,-6.0390177,17.453707,-6.080157,15.361059,-14.54053,17.225061,-8.00161,15.214381,-12.11857,13.793516,-12.977171,11.493895,-7.913898,10.916348,-7.7896776,9.705141,1871.717084080752,1548.2362250292945,1747.2690889993203,782.7447197613277,3457.6859175874456,2515.883917991535,0.10837386456073753,0.13941821794394846,0.12535499,0.08147385,Italian
-228.0652,116.730225,95.36532,62.472427,-10.211088,36.798237,31.151196,33.69469,-6.932997,18.36435,-5.7452407,17.026333,-7.957586,14.615174,-18.40216,15.960107,-11.086593,15.433153,-12.068202,13.633026,-9.696417,10.812574,-8.756341,10.160188,-8.222481,8.76638,1712.78982283913,1454.0906493266766,1671.5099333997389,789.6183293433796,3242.7415061561137,2419.6088910252583,0.09823832624727584,0.1277945896644254,0.15033568,0.088930614,Italian
-249.16733,136.11029,86.42314,63.855446,-8.880571,35.637066,27.925102,33.986393,-8.534359,17.612507,-7.852444,16.921288,-5.7475405,15.211946,-14.067027,15.519252,-7.7230577,15.341458,-11.335365,13.466076,-8.355482,10.091485,-8.349346,10.604916,-9.274527,9.533006,1708.7074632912877,1455.1607653312124,1651.9443664445866,815.5976870871568,3178.1119420449527,2379.5042299012207,0.09621446353999358,0.12884208798885946,0.123205945,0.083900094,Italian
-229.69246,124.40346,91.33218,64.08311,-7.877789,33.35324,25.460327,32.05602,-5.7826376,18.424812,-7.4436874,17.895128,-6.675796,14.294931,-16.699947,17.047651,-7.135664,15.062511,-11.858592,13.03507,-10.873263,10.612293,-7.6333504,9.84578,-10.562783,9.285766,1779.1519193549118,1517.9246121074764,1743.440056688978,783.1116643976976,3295.384825755783,2476.75033625091,0.1058710152905828,0.13851638073525732,0.1445656,0.09301081,Italian
-229.21617,117.74785,93.70414,61.413445,-6.516713,36.506287,27.602919,31.9804,-6.2719994,18.15034,-7.6987367,17.962362,-7.172561,14.506651,-16.22927,16.578785,-8.443097,15.702661,-12.234277,13.628264,-9.742588,10.830391,-8.413788,10.486659,-9.747476,9.56745,1824.944086608619,1455.666449643834,1830.6919925245325,738.8274011226189,3421.448304858295,2430.3830787728334,0.1036890027217031,0.13313636150273903,0.14577441,0.08617596,Italian
-236.19751,133.26823,95.08722,64.66549,-13.570899,39.49016,34.385624,35.0225,-9.937769,20.26474,-7.3123865,16.430296,-7.567908,15.987554,-16.595118,16.920214,-10.358402,15.89308,-13.235283,14.371012,-7.12213,11.538227,-9.316109,10.569323,-10.146218,9.5943165,1856.5611070232058,1426.6197729448434,1774.3640600927863,782.0171210389951,3528.231843925113,2447.8476039676175,0.10439291836659458,0.1273440107637403,0.14294375,0.08819664,Italian
-231.77151,122.5979,100.242935,61.863693,-11.7982435,36.64493,27.94993,33.074978,-8.250187,20.022242,-7.0173483,18.186716,-7.4361544,15.23993,-18.70417,16.020046,-10.051158,15.436465,-11.488925,12.80164,-7.3729587,10.291015,-9.565329,10.2411175,-10.53664,9.819383,1805.189507896474,1381.998128166568,1807.9287018345956,784.0931148943604,3415.55677965961,2458.393192931173,0.09650890319538886,0.11962315082505633,0.1452372,0.08528872,Italian
-221.24922,117.8021,96.288864,62.069424,-12.76444,37.430367,29.363125,32.95085,-5.7716513,19.671232,-8.683524,17.431332,-7.1405864,16.220587,-21.836052,17.149899,-10.7927475,15.383509,-11.716281,12.878911,-8.868199,10.211923,-7.2030396,9.3982,-11.978988,9.8935585,1842.8770290082105,1405.4036254730743,1828.7733109590204,804.9722484475624,3501.1339164557758,2486.06726900171,0.09639770463081715,0.12007783536743757,0.14947072,0.08512863,Italian
-234.38513,129.65306,88.14732,68.01283,-12.120428,38.60443,29.13545,33.371445,-8.926211,20.012436,-5.981479,16.771013,-5.1567125,15.269382,-17.293043,17.343628,-10.967601,16.727356,-11.006476,13.2137575,-7.6771474,10.786335,-8.770364,10.450048,-12.027078,9.819653,1924.7980249203824,1548.7019278215032,1799.1201721962057,812.0942125989817,3594.2440872101665,2577.428860893427,0.11123813261741974,0.13959766106761512,0.13419361,0.085412405,Italian
-238.74306,132.3963,89.32725,64.87901,-16.74327,40.341682,30.864544,36.3557,-7.8013167,20.057709,-7.4061246,18.095081,-4.6369977,15.384981,-20.100433,18.134594,-9.819034,16.811108,-11.107145,13.58532,-9.700746,10.828622,-7.854895,10.4023695,-12.03019,10.506709,1894.508847445794,1454.264569152164,1782.4249636594552,777.6582095768804,3518.334846227731,2447.608681440661,0.1053368337656617,0.12995470311850202,0.1335957,0.08339055,Italian
-220.13525,114.86708,92.74254,63.235165,-9.27685,37.578068,32.02114,35.842815,-6.248089,18.834026,-7.40688,17.237928,-4.3236513,15.665448,-18.428173,17.084854,-9.723126,16.45499,-13.315849,14.173093,-11.015431,11.155584,-8.897022,10.368021,-12.188063,10.18258,1925.2464062623526,1468.0187177461157,1895.9704124765105,760.6844919789501,3649.579610752519,2496.5123937582093,0.10475498202665827,0.13192282300153735,0.15044194,0.08457825,Italian
-223.4079,114.54768,100.021645,63.941376,-4.6609344,37.974613,31.702415,35.607502,-6.057571,21.346233,-12.915268,19.181784,-8.863095,16.26197,-16.359945,16.131695,-12.367554,16.392218,-10.963317,13.210517,-12.12221,11.5434265,-4.6234694,11.029269,-11.53985,10.442085,1812.187804418851,1455.8074017423373,1812.027338132809,779.591899127143,3437.6980422267907,2520.7126134289692,0.10229108490963179,0.13017570414571733,0.16120385,0.08955409,Italian
-231.30804,130.22258,89.41829,65.96406,-8.666223,36.211956,31.326643,35.573658,-6.9020295,18.353638,-6.6122837,16.779905,-7.718289,15.319136,-18.537169,17.305218,-6.16668,16.26476,-11.335236,14.067928,-10.4449215,11.346433,-7.7239184,10.253482,-10.818446,9.863355,1950.4081010111183,1543.5419740511966,1869.9159401850895,836.3929017670383,3687.3712789601295,2618.710193241811,0.11123402328783524,0.1372319513842061,0.14532597,0.0917206,Italian
-249.77164,128.40547,89.94518,67.9293,-5.933252,37.029762,31.326954,34.06358,-9.2623625,20.178028,-6.00074,17.263872,-7.398272,16.015476,-16.159931,17.009949,-10.229494,15.707538,-10.93451,13.932504,-8.939149,10.711867,-7.5229745,10.8695545,-10.426061,9.979748,1950.8189976620458,1642.2881545084228,1811.6240447527362,801.7682841630416,3640.9612897941265,2651.5252811872438,0.11899648660168974,0.1496831355181071,0.12590711,0.08185172,Italian
-230.63693,119.79364,96.89732,62.97022,-9.58743,38.837547,34.59348,36.39596,-8.254486,19.25636,-8.828294,18.024914,-2.907484,15.219734,-19.045362,16.37187,-10.639688,17.162724,-15.506271,14.524666,-9.374186,10.928147,-8.769636,10.063287,-12.57615,10.4105425,1829.0774389613746,1418.356438600364,1820.1155594883114,761.3339296253953,3476.558567927434,2439.912243146501,0.10068067613538804,0.12511036703907402,0.1491771,0.08757513,Italian
-224.38255,123.09431,86.142624,63.01655,-2.4707367,33.105194,25.493752,33.283806,-6.942981,18.30797,-7.1124377,18.374153,-4.4379015,14.879825,-14.969855,15.89465,-11.623328,15.756835,-10.642927,13.983621,-10.668378,10.906068,-2.7858744,9.938847,-11.856161,9.960214,1977.134907878797,1566.3622306445318,1938.9284206900347,767.2837430996287,3683.2144517409597,2569.0424079143786,0.1091753318439975,0.14143214145901503,0.14663608,0.086440936,Italian
-223.76933,124.657295,90.418335,61.846138,-3.3312602,33.486034,23.297758,32.64876,-8.098268,17.535309,-6.045535,17.368715,-3.8442137,14.474714,-14.943114,16.35583,-10.903674,15.463229,-12.529615,12.735458,-9.418086,10.697213,-3.5216684,10.051874,-13.209292,10.366056,1899.5135110422302,1524.0924010296746,1879.9573305851234,788.697402470843,3539.1785990712074,2557.9427240211758,0.10521667291505418,0.13482273778580223,0.15080486,0.09088059,Italian
-220.04344,127.28062,91.03729,61.044476,-6.770134,35.858112,23.998138,32.29466,-8.897281,17.253525,-6.667709,16.412724,-3.5729656,13.811617,-12.27516,15.254116,-9.860441,15.047254,-12.515597,13.138619,-10.48849,10.277599,-2.910917,10.010263,-11.232627,9.597095,1894.075147573027,1527.0989263283866,1865.4839798263222,777.424180292101,3541.2602593925562,2530.7025936915024,0.10437313465589888,0.13617616390432621,0.15638289,0.092674576,Italian
-234.89177,143.70122,86.67738,66.22207,-10.350912,37.67132,25.315615,33.910248,-9.855842,19.843468,-6.6796465,17.92786,-2.9093487,14.595222,-14.305164,17.810991,-8.366418,16.179388,-13.089723,13.395982,-7.9477205,11.106905,-3.235766,10.47644,-11.575434,10.745913,1846.953645437024,1543.4605943905858,1760.7631797640327,846.7649366765675,3453.627579743491,2558.9180170172704,0.10179743636851438,0.1323744369329507,0.15150777,0.09799151,Italian
-225.20964,126.9093,88.703835,65.15667,-4.1463656,39.041145,29.914486,36.428474,-9.338701,19.239172,-5.0824327,17.308802,-2.642578,14.805578,-14.0743475,16.902473,-9.406431,15.7008915,-15.079339,14.7913,-9.29384,11.619449,-4.1679673,10.621663,-10.016518,10.127826,1926.1170287985854,1591.8910345345748,1839.1733011989859,796.7025504868113,3616.3463903356483,2592.19785957006,0.10750064300411523,0.1380977466122137,0.15939444,0.09559903,Italian
-221.70845,125.973724,91.33334,66.81693,-4.1437225,37.849434,24.197054,34.06869,-8.17366,19.149418,-5.9851856,17.953953,-1.373041,14.917447,-13.354263,17.066599,-11.627428,16.35713,-14.290277,13.907658,-8.767988,10.8082075,-2.5757136,10.491546,-11.649535,10.922529,1940.0127839855827,1665.160518240081,1824.9614978160932,823.808295221741,3554.100439611031,2702.987194178497,0.11148339949020841,0.14435435358458895,0.16013773,0.09921168,Italian
-222.63103,130.52678,87.79508,64.291115,-5.3796687,38.85169,27.859343,37.334114,-10.70898,19.403494,-6.5262346,18.315815,-0.6535441,15.481938,-15.099667,16.908401,-10.417526,16.001158,-12.824929,14.2013035,-9.519317,10.921969,-3.6549954,10.945287,-9.07406,10.248873,1937.901716960732,1584.702942757967,1840.3114473223736,776.7993777408554,3584.272172943197,2537.5403425999157,0.10845884149990426,0.14094640201173822,0.15855473,0.097455435,Italian
-272.2356,108.90771,83.79241,58.94966,15.525845,29.877998,34.240364,28.545551,15.356224,18.385496,0.7335658,19.667877,-8.3447275,16.122952,-11.751667,14.993798,-9.494284,15.204347,1.0200893,14.716184,-5.191056,10.779167,2.5963535,9.700501,-14.630871,14.180038,1840.2602760280915,1261.3147808123233,1938.2274910635313,535.707806014354,3447.0904709002293,2139.140383403952,0.09378700575887515,0.10231720325112427,0.088836156,0.075792536,Spanish
-286.09335,102.10646,87.51018,56.38828,15.305745,27.401037,36.024494,26.983074,18.975637,17.234974,-1.2393909,19.276997,-7.9354396,15.645994,-12.280473,14.040477,-13.044428,14.948138,-1.6363646,13.383225,-6.974918,11.62078,4.463543,10.720877,-13.601783,12.788403,1742.9881345151891,1192.9375150437972,1903.836037469157,508.51135373531304,3235.9440179085154,2034.0407532247189,0.0838886666307058,0.09779879958304592,0.081562266,0.06525446,Spanish
-288.9378,109.91992,87.55281,59.24008,15.651388,27.840136,37.845234,28.348263,17.799768,17.715544,2.0643854,19.206694,-6.0926824,16.142174,-10.5749035,15.305719,-8.221121,15.455362,2.4551706,14.335443,-4.2717814,11.633173,2.8751202,9.779922,-13.357874,14.010632,1765.5404623042587,1232.8420690222208,1904.1731345712071,507.27591848325807,3329.373065557742,2074.767498537047,0.08452247689567557,0.09832619109640564,0.08229984,0.07261383,Spanish
-274.40836,93.295975,92.83075,56.85292,10.685708,29.396173,32.860058,29.089157,17.268982,17.283743,-3.202896,18.09896,-5.55702,14.002655,-11.060392,14.594147,-13.159401,14.765267,-2.1998017,13.611575,-5.094557,10.634405,1.7955437,10.029479,-13.065493,12.325751,1610.1559725605125,1115.7438568627476,1773.1708505603883,521.374282505411,3020.307859872018,1949.5733914597586,0.07755905970427436,0.08611264805393692,0.08771507,0.06962692,Spanish
-282.53104,108.53825,89.74294,57.89344,11.82059,29.164925,36.447857,27.535492,16.349041,17.155563,-0.9515795,19.263916,-7.955613,16.674744,-11.168095,14.414416,-13.720612,15.707649,-1.5792162,13.082392,-5.372932,11.685893,2.5345004,9.801048,-13.82103,13.832345,1778.438889418206,1191.5349169981966,1910.0904683128501,507.75842800617943,3356.157634602409,2000.7334979013706,0.08678950294882047,0.09532921258403886,0.078289956,0.06415157,Spanish
-284.89117,101.57174,93.36976,60.08588,12.007929,30.794157,31.937649,26.624819,15.955104,17.622074,-3.1870248,18.712608,-10.982601,16.319038,-13.883151,15.912109,-9.302197,14.383241,-1.2260962,12.699523,-0.13035697,10.640253,1.4267788,9.332469,-13.388733,12.7166395,1750.062361282706,1207.9075728946723,1910.5440211626014,591.4788666150708,3314.8401569478415,2241.025716332124,0.08618049832518078,0.09431586045856775,0.082424134,0.0672069,Spanish
-288.23572,108.364136,93.692856,58.137302,10.533283,29.852158,35.896442,27.846088,16.118908,17.6854,0.9372531,18.119213,-7.7921147,16.264135,-10.930064,14.031398,-10.752094,14.587401,1.7026983,13.899929,-2.2756252,10.1063175,2.6152968,9.654387,-13.78876,13.038543,1703.209028682706,1181.9015024627004,1814.1423325685726,505.6983348000755,3215.072225564774,1966.4830644971485,0.08315066877902477,0.09396578930568683,0.078515515,0.06476785,Spanish
-290.87753,107.65528,89.94548,60.918736,15.376579,30.855654,35.333485,27.805908,17.523287,19.053349,-2.8583837,20.688957,-5.6220512,16.088203,-11.717184,15.546897,-10.646666,15.327748,3.2527287,12.585592,-3.4789305,12.388863,3.582084,10.244798,-12.350645,12.718434,1775.1041955365222,1258.5209968483198,1907.6759941298433,567.988404059732,3340.627608945566,2139.1758809005664,0.08599934784696142,0.10231487360042506,0.07422529,0.062518775,Spanish
-300.68918,107.186195,89.64201,59.46821,8.91073,31.145828,31.469095,28.435055,16.54788,17.08444,-2.8690345,19.981483,-6.9266396,15.8483,-11.720131,14.281104,-13.139995,15.980596,0.91488075,12.918191,-5.253262,11.561962,1.8146523,10.210139,-13.372866,13.210189,1742.654319803991,1180.4858100144986,1855.118490053977,550.4927458988006,3330.6142828032725,2032.760124596799,0.08492671936515749,0.09378906373599971,0.06707396,0.057281815,Spanish
-303.79608,101.85763,94.63984,55.522038,11.033269,30.870714,30.959585,27.268415,18.40481,17.527504,-3.0259497,19.922213,-6.5786743,15.919816,-14.5603695,15.074084,-11.617693,14.937137,1.5572371,12.536344,-5.174106,11.290039,0.50461894,10.7196455,-13.7539425,13.382899,1570.3416827024769,1086.7180291315785,1801.3109929757215,548.3158344040354,2968.653128578141,1971.1092496027825,0.0715248485028517,0.08393659188873442,0.069226794,0.05716063,Spanish
-273.95038,134.98694,100.252815,68.83482,-1.5652235,30.035023,26.44401,27.836628,3.7626648,19.783524,4.1605225,20.503834,-7.8524985,18.77337,0.31965545,14.52572,-8.373178,18.154633,-1.6754693,15.236863,-3.732934,13.283981,-0.66208917,11.526465,-6.182338,12.178314,1530.708837821515,1114.3196038970239,1781.8345573965935,609.1306541656661,3036.7320100339457,1865.580338689963,0.06775790679357473,0.0962451408270563,0.106408045,0.07946042,Spanish
-285.0675,135.72322,95.35808,69.31384,-1.4194763,29.202778,27.335161,27.698689,4.9214015,19.619652,4.379886,20.402216,-8.49318,19.854715,0.44281074,14.9846115,-8.079297,17.448004,-1.819136,15.425995,-3.9898338,13.184464,-0.0038780791,11.167067,-5.509268,12.128641,1588.1443143349704,1178.691318970095,1815.3723645900977,615.7709881959341,3171.873638495302,1931.334149745743,0.07321258957178732,0.1030410093482242,0.09536322,0.07522381,Spanish
-300.7695,143.44084,87.79486,68.401115,0.43409455,28.395851,27.592728,27.88607,4.56929,20.036436,5.671784,19.81312,-6.536546,19.162104,0.9729,14.247512,-6.766378,17.72886,-1.0151751,15.208596,-3.392612,12.967928,-0.17086914,11.453794,-4.80474,12.15406,1533.4949966998781,1149.2641670986136,1812.218801437618,663.3943909037495,3107.5183338994566,1924.8337994223707,0.06796688179347826,0.10044829408618128,0.08710752,0.07360481,Spanish
-278.72855,134.83693,93.98207,68.76855,0.22860946,29.828333,27.300917,27.935242,5.7164106,18.883982,5.3995323,21.15717,-7.674615,19.201063,0.8022906,14.582502,-7.2415366,17.84995,-1.7012689,15.3769655,-2.585094,12.379909,-1.2724599,11.610421,-4.7723217,11.757896,1566.6214187031808,1141.8909773114362,1825.1275329199837,619.1632262887682,3157.437620079203,1888.5739846274246,0.06722250267931827,0.09639328578477338,0.10176803,0.07993581,Spanish
-277.13782,135.65651,93.89105,71.00618,1.440942,28.369368,25.564688,26.919422,4.257528,19.970465,8.868346,20.535849,-8.160821,19.343515,0.91963065,14.316847,-8.262483,18.242704,-1.9734514,15.542036,-3.2636974,13.18251,-0.6129516,11.490283,-5.5547466,12.239126,1648.974534555006,1260.0155190280277,1840.6873294736338,619.6332190121301,3212.825906851429,2022.669590687549,0.07740150083835537,0.10560557205356547,0.097655475,0.07410559,Spanish
-261.36453,136.69017,97.77445,67.822,-0.93592703,29.09398,29.536516,28.641794,5.6085305,18.474752,4.871328,20.981977,-8.632775,19.891094,1.5443205,14.449295,-8.344992,17.511383,-2.2512467,16.378815,-4.5294585,13.280893,-0.6265232,11.125412,-6.782422,12.413587,1593.982082097566,1173.187582948518,1831.4840069333557,621.4263363796606,3200.995893282625,1952.5450105154644,0.07477228542626728,0.10340833071943187,0.12416947,0.09040952,Spanish
-284.49094,137.86221,99.86174,67.3246,-1.6896502,30.44404,24.813501,27.641512,4.9117928,19.55394,3.873887,20.0099,-7.6100965,19.779554,0.98705035,14.881853,-8.480154,17.77893,-1.2753502,15.885119,-3.7833614,13.329265,-1.5405895,12.17259,-5.5171824,12.150702,1457.2223235041106,1069.5885128943046,1760.7044754530036,600.8321827942689,2879.3961844857286,1810.0407611943192,0.061594565083661415,0.09103365247216569,0.10492993,0.0809764,Spanish
-269.4364,136.81296,96.90244,69.75981,-0.9901402,30.239832,24.598701,28.95095,3.1451583,21.078096,4.580704,20.48763,-6.8010125,19.097595,0.54622865,14.822881,-8.098748,17.403614,-1.449391,15.707567,-3.3405428,13.865813,-0.68422204,11.661956,-5.86642,12.787465,1513.1041756979089,1123.6716813724006,1792.07178887205,611.9640851282845,2999.285666160329,1866.2351446342489,0.06519789267689141,0.09664974693783246,0.11693898,0.090964906,Spanish
-300.87143,136.3741,96.6476,71.283646,-2.0661342,30.27691,27.131737,27.656967,4.164143,19.272749,4.3846583,22.0376,-8.36599,19.346994,0.6237649,14.79791,-8.002743,18.15948,-1.3650028,14.826173,-3.743362,12.9265785,-0.35482875,11.295981,-5.77948,12.485526,1602.2910734139448,1225.5572239540388,1772.8679212587497,588.9445753956846,3127.8302899138985,1926.1933266231767,0.07287977744840696,0.10230815754331447,0.08037591,0.062438104,Spanish
-277.98862,126.84906,104.79844,68.78686,1.302548,30.928295,28.79035,29.734581,4.248549,20.337608,5.2760687,20.943197,-8.473149,19.431274,0.5210118,14.42138,-8.743889,16.588509,-3.657489,15.221462,-4.785445,12.810984,-1.6193421,11.704559,-6.111538,12.065223,1536.9716909109834,1192.8909709247798,1730.2189200827997,595.7493507545914,2971.846990585327,1923.5037221565542,0.07118644714355468,0.09756352931261128,0.09695494,0.06693283,Spanish
-270.02066,98.998,85.184105,58.02488,8.191023,29.932953,29.852276,29.070326,16.622343,16.947084,-2.841066,20.521912,-3.2502394,15.029455,-9.513076,14.118397,-10.427385,14.057436,-1.4630411,12.690089,-3.697865,11.157061,5.2067857,11.193459,-11.932737,12.718251,1907.3960095825369,1223.1546054503813,2029.5176887492228,520.5400841377458,3552.9103471979747,2095.654981730381,0.09327608531191807,0.10099991705936817,0.07685182,0.063543186,Spanish
-278.89236,93.9477,89.493454,53.256355,5.2356505,31.22064,36.786564,26.109747,14.421878,18.014177,-0.4068187,19.175245,-8.811722,15.358777,-12.300967,14.37087,-7.301757,12.66281,-0.9297393,12.852375,-1.9976302,10.050635,2.1896524,10.07733,-12.2441635,11.660276,2036.741968178515,1111.8525357466797,2149.44186187405,574.2653603813026,4091.1848871062334,2124.6905058980547,0.08828708468977403,0.08783358043008081,0.06814929,0.058531787,Spanish
-273.40387,96.83257,97.55548,55.738297,4.3668475,32.261482,29.964935,29.461435,15.945297,18.313673,-7.298048,21.176102,-2.723569,14.811486,-11.468626,14.530868,-11.974361,14.668066,0.00808051,13.053838,-1.5147126,11.402616,4.5739923,10.818154,-13.553513,12.52617,1742.2472576052373,1109.3707807758624,1928.473627136559,514.1451388445447,3238.6160464269715,1979.4589068184719,0.08309862386748307,0.09155925876572082,0.07691433,0.058950234,Spanish
-279.07565,96.265495,92.592766,55.274677,8.367935,30.484241,32.246887,29.09073,16.631332,18.963812,-3.2596672,20.004305,-4.124721,14.805304,-11.096618,14.491868,-9.819017,14.540592,0.19761224,12.015649,-0.72401,10.951331,2.2345748,10.7705765,-12.019602,12.113427,1727.919932397554,1131.311290978004,1905.142409260792,505.42967468502513,3208.7346697734856,1942.051689902692,0.08173046072895278,0.09131615283197436,0.074381076,0.059976388,Spanish
-272.21213,98.91191,84.6413,59.324776,11.887489,30.496819,32.712147,28.655184,14.371692,18.583433,0.17202193,21.028904,-4.362478,16.204554,-9.784135,15.282637,-8.328417,14.325116,0.72415,12.439986,-2.1184058,10.98474,1.2992426,10.241877,-11.150318,12.669002,1820.0531527603412,1289.053325500605,1909.0008909221615,549.3914407412531,3387.192396300932,2183.54756839607,0.09005840876578532,0.10388775504955013,0.08330304,0.07585804,Spanish
-265.69037,97.691536,91.2789,56.201206,1.5103847,30.10976,35.006798,28.190817,15.453349,17.519758,-5.2639356,20.54036,-6.430648,15.183182,-13.518247,15.452618,-10.379685,14.074082,-0.21028997,12.827233,-1.4957134,11.506444,2.7451184,10.06379,-13.740805,12.557629,1833.7941589966642,1158.176798358172,1921.2490131600791,502.6509562599017,3409.4412173435753,1950.6481143310564,0.09000790567927693,0.09675529199736795,0.084071815,0.0679388,Spanish
-268.51886,96.552315,94.95435,60.495724,2.5881276,31.193985,37.987644,28.824423,16.6507,17.488123,-3.2893455,19.428743,-5.771536,15.520924,-11.740786,15.602153,-9.643991,13.216721,-2.0354137,12.698275,-1.0881063,10.089938,2.3295786,10.103533,-13.69429,11.964659,1733.8306103748564,1174.2966478919104,1827.8846010482225,526.8774688217156,3247.6930040279995,1961.2577057157193,0.08273277612185505,0.0934117574045126,0.0844624,0.06466275,Spanish
-246.12773,94.210884,89.31933,54.908684,5.291062,28.1282,27.598068,28.813389,15.541996,18.108036,-4.9663596,20.2388,-6.7516913,14.762753,-10.63262,13.265441,-10.756553,13.823173,1.466714,12.973583,-3.7727938,11.01219,4.5432253,10.716551,-13.801749,11.868673,2149.543168363937,1161.5548322861887,2278.930444149159,516.5246059548062,4176.170764038221,2206.032340220297,0.09520978571263411,0.09580577801698469,0.08392172,0.06269624,Spanish
-275.26126,94.961685,92.73808,51.91535,9.980896,28.67981,31.653221,26.752567,17.165768,18.468006,-3.700309,19.979956,-6.6487665,15.857792,-11.776218,14.780283,-11.130756,14.0441885,-1.9273517,11.791434,-3.758097,10.760676,2.9984329,10.43318,-13.091357,12.199371,1985.514377655982,1142.6390339877687,2208.333290655324,567.5968211181354,3934.4031054102734,2270.006314101243,0.08329672442224925,0.08947868512435907,0.07766561,0.06474291,Spanish
-257.27432,95.21634,90.46993,55.92797,5.066011,28.614962,34.9789,26.778526,16.58647,17.700737,-1.3620498,19.4677,-10.518091,15.607302,-12.345221,14.650988,-9.623733,14.428725,0.43707243,13.013766,-2.9228668,11.235537,3.6470063,10.665937,-13.912234,11.7626915,2098.75372747135,1227.702875078958,2177.163976180041,567.6912541966656,4083.1697875829313,2269.594487189635,0.09757378995778046,0.10055711289473294,0.086199485,0.067859076,Spanish
-289.69266,86.00754,67.6535,56.004974,50.246204,30.111217,24.203684,26.584694,18.154593,22.81168,-17.332027,22.359722,-23.934526,17.877733,-13.455506,13.485477,-34.57417,16.244156,-12.9800625,12.200221,-15.501307,13.827664,-12.743667,9.315398,-17.897396,9.767571,2314.5904024348147,1912.2864666240798,2434.388975326797,751.1544261226859,4351.659270880553,3247.4893858277246,0.1210523589783545,0.16420008404109362,0.117470406,0.09494879,Spanish
-292.3758,96.70585,72.652374,60.014473,53.95709,32.75543,21.433126,26.268906,23.65992,26.231796,-19.109314,22.193804,-24.376106,20.181145,-18.458336,14.254977,-39.070854,15.380359,-8.534979,13.625283,-21.096758,15.30826,-7.1364713,10.730718,-15.763352,10.897924,2705.5086910909795,1958.9143382209438,2721.1734454769785,695.799843539131,5590.919357573915,3153.997474668295,0.14220136735457656,0.17984219659650783,0.09401192,0.06409804,Spanish
-298.3247,93.57313,68.52642,56.799473,50.494156,32.054325,28.725523,27.87929,20.472075,23.161686,-20.207579,21.260191,-24.616863,18.587454,-16.793957,14.987401,-34.732925,17.0288,-10.261175,12.523685,-18.088362,14.774112,-13.677505,10.417212,-16.22348,11.174265,2267.1374221789806,1854.8029560410482,2461.604856514915,745.2186675131887,4389.765669274207,3217.5723494356744,0.1115513934990285,0.15709419053031953,0.12392132,0.09533981,Spanish
-303.52295,89.48674,72.10088,58.358692,48.978954,29.483458,29.887133,26.854269,18.38601,24.782341,-19.623749,23.273643,-22.360704,18.216085,-16.67808,14.297173,-36.376896,16.066948,-12.777158,13.04713,-16.836483,14.230386,-13.653254,10.023593,-16.163916,10.537621,2150.33891532326,1902.8972198643417,2288.8030221716735,792.7683601416647,3983.767985611511,3232.397049800661,0.11407949533230559,0.16397922592911404,0.10876268,0.08322235,Spanish
-291.2942,86.751526,71.197266,60.317753,50.788086,32.289455,25.22576,26.040882,19.320509,25.204855,-20.890629,22.454508,-25.60259,17.536898,-15.5743475,14.018361,-36.401257,15.486366,-11.561599,13.042249,-19.284845,14.977858,-12.444385,10.572246,-17.717844,10.370194,2347.2056776066365,1909.508812487076,2462.0220698035496,763.6952631630437,4563.442528026255,3212.093275463707,0.1184272624302974,0.16610272434261109,0.1166779,0.086426824,Spanish
-315.02515,93.03721,78.15642,63.002033,53.200314,33.816387,24.210495,24.654436,23.142744,24.326117,-21.873764,23.461758,-23.404972,17.197716,-14.593079,14.237539,-35.45252,16.277567,-10.735265,13.661258,-19.068703,15.022954,-10.482848,10.374684,-19.380241,10.0783,2374.3226643712496,1992.0500034370702,2471.688188887223,798.6785664510818,4547.112921072956,3363.231451222841,0.12407108978929024,0.17315289618114363,0.08899408,0.06334867,Spanish
-284.10672,92.80522,75.30591,55.885128,48.252537,30.403248,26.90341,26.063126,22.699942,24.781305,-23.667433,22.310492,-25.258404,18.643055,-16.507492,12.987004,-38.36769,15.686757,-10.374927,13.0907755,-17.712652,15.880683,-11.82174,9.612297,-16.956247,10.297737,2245.296667447522,1806.6224543958663,2473.0420027821347,708.7653049060052,4350.864586170999,3099.748564513346,0.10973355937370279,0.15467649936972613,0.1269324,0.09241351,Spanish
-287.94998,92.75373,79.571075,60.51894,49.18006,33.249054,27.970953,26.729366,23.726524,27.586323,-25.513739,24.560577,-23.98825,17.612968,-15.355057,14.1599865,-39.969383,16.770735,-10.551989,13.9995,-19.048489,15.264931,-12.294311,9.873394,-16.737522,10.180046,2348.63667298631,2059.782443056237,2341.448148484758,722.0630289801803,4136.262650923295,3205.365147957797,0.13365483800054112,0.18019040533376593,0.11833066,0.08369863,Spanish
-335.94363,87.84653,62.62654,61.300663,60.116592,32.219406,17.67256,25.66576,22.636347,21.9871,-11.255593,19.70622,-26.512215,18.227339,-14.969672,14.943767,-31.32241,14.666628,-11.289565,12.693585,-19.442104,13.289224,-6.425047,9.854382,-19.643702,10.806107,2803.7891426895767,2045.778164799514,2747.5257029602326,826.5335941252638,5825.13865414618,3347.613003180788,0.14906373363038955,0.1836144633861471,0.06370425,0.052573957,Spanish
-327.94833,88.50955,60.139233,55.4858,55.788403,31.41977,19.371847,24.867426,25.13272,23.515915,-14.21147,20.118683,-25.167406,19.058886,-13.739386,14.264753,-30.376759,15.850863,-11.533771,12.163994,-19.885252,12.839251,-6.732224,9.656594,-18.946615,10.927871,2970.3323663693136,1950.241223255148,2895.0408018889025,764.2408289861713,6328.9868706188845,3120.405032809294,0.15831191781144147,0.18327376227644465,0.067882545,0.060989633,Spanish
-246.17812,101.28461,94.4507,56.272472,12.139842,28.437078,33.149975,27.20736,17.759348,16.92274,-0.4914301,19.589285,-5.915727,15.226298,-11.453637,14.737435,-7.646613,14.713729,1.2811775,13.301902,-5.020033,11.154208,4.3855543,10.651571,-13.535029,13.138246,1753.0037090630387,1126.606373385693,1973.250790618604,551.2561199074672,3354.9402069627195,2032.524163151829,0.07929268701267056,0.0903438484274485,0.114301786,0.09033269,Spanish
-249.50087,102.09131,96.08971,51.911674,12.712579,26.951494,26.701841,27.476587,17.52104,17.150442,-0.040279936,19.120415,-8.62178,15.896046,-6.9126663,12.46711,-12.476741,15.126681,3.6515455,13.148771,-3.2025285,11.160304,6.6896677,10.38788,-12.952044,12.9495535,1970.011807942126,1103.2229857234772,2219.5101352006386,544.1338827427065,3962.579029224537,2198.9463389995462,0.08529369212962963,0.09239605007568932,0.09998517,0.08130097,Spanish
-247.02396,101.48838,92.8582,56.786465,10.097673,27.871483,31.500017,28.232178,17.07908,17.896471,-1.8564347,18.564821,-8.863021,15.205052,-12.585451,14.638037,-7.9153113,14.95767,1.479944,12.750717,-7.1742625,11.154918,5.6060505,10.256797,-13.955056,13.255583,1749.749697777406,1099.1587250868613,1955.3579505562222,507.14253974218605,3304.98629135068,1977.6359317422164,0.08085685527806834,0.08645247737037322,0.114391394,0.08719823,Spanish
-250.33237,105.525856,91.20971,59.083252,14.0339365,27.338476,29.996555,29.681528,16.52284,17.378794,-2.3556597,18.785406,-7.9855056,17.079218,-11.451869,15.249294,-11.648243,16.071821,3.098787,12.643914,-6.8185925,12.319522,4.0202265,10.534814,-13.468716,12.978416,1770.4111314473864,1201.4802399429705,1973.7074596812147,548.3804608220145,3322.4351535101455,2155.343620996779,0.08506916176102204,0.09772095588479053,0.11723916,0.08894983,Spanish
-280.40295,111.98062,87.42305,58.504944,16.239567,27.008965,28.684858,27.969995,18.327795,17.835068,0.7972564,18.187302,-5.0482745,17.136864,-9.494781,15.6428995,-11.288433,16.175833,2.6094377,12.278508,-4.313643,11.229122,2.623338,10.539298,-11.307591,13.625321,1648.4966577970654,1106.1356826294311,1932.2152249874391,523.3163865047242,3169.3673399370623,2006.0388958234605,0.07250433580879324,0.08663145069385261,0.10043454,0.09611807,Spanish
-265.44003,101.681366,91.6967,58.989098,12.379577,26.811613,27.130838,28.210161,19.678465,17.757837,0.18302013,18.725946,-6.4876623,16.15036,-9.266831,13.711296,-11.879982,15.811343,3.084256,12.134738,-3.8701184,11.245513,1.720672,10.27683,-11.144533,12.48946,1638.2842783333222,1144.887233850079,1868.6755013407396,503.7864556691863,3046.8259936701643,1972.6606225573566,0.07585724446218572,0.09053697359686787,0.101220295,0.08359678,Spanish
-250.04312,91.94483,99.280785,54.779408,8.4480095,26.960382,31.560877,26.071493,17.607328,17.421085,-3.0911763,17.711563,-6.9810405,14.878108,-9.379806,13.235841,-9.817205,14.947711,2.045885,12.386804,-6.8061757,11.189033,3.2723012,11.464292,-12.050047,12.936985,1850.2295051555961,1139.986809645303,2064.9247516851697,586.1518685684113,3628.318087548325,2175.831729755688,0.08014759181701031,0.08950599419337879,0.09773299,0.078012966,Spanish
-261.47562,104.9797,91.719826,54.812603,14.99839,27.629143,28.40859,27.920935,17.86701,18.144255,-0.9957032,18.64476,-9.541852,16.166224,-10.426551,13.561794,-9.56549,14.648585,3.3765967,12.140144,-5.5967207,10.822346,5.124466,10.483073,-13.149432,13.18159,2053.3693499423393,1191.5658730518255,2264.1353065848734,591.1906378133716,4070.9167866767207,2437.4254672661737,0.08915304835838607,0.09531944818352751,0.10001966,0.08365293,Spanish
-269.8943,105.06402,93.232216,51.00258,15.567286,29.011185,32.50525,25.719666,17.154125,17.109182,-0.8782999,17.24405,-9.163602,15.971534,-11.658454,14.715754,-7.261163,13.268888,1.2690198,12.050835,-5.154939,10.710656,4.9570174,10.151153,-12.646126,12.028394,2045.5896403916586,1182.2946138106481,2277.9460725416257,604.3651388310276,4170.967262265111,2433.849645656787,0.08645813153816351,0.09445388976254894,0.09020611,0.0741452,Spanish
-275.99277,111.26129,86.863266,52.007217,18.077856,27.98087,35.189888,25.431362,16.989874,15.996775,0.25571048,18.515516,-7.806795,16.484903,-9.047578,14.922987,-7.607927,14.741838,1.4926517,11.576425,-3.553838,10.714829,3.7343588,9.912916,-12.259828,13.480834,2119.097179743399,1171.3129861265854,2343.5535769964113,625.8288688026973,4431.708473382994,2425.79869923882,0.08487671844718993,0.09154684414904385,0.09146209,0.080741405,Spanish
-267.26263,95.52096,91.21361,50.872746,7.1251073,27.01068,34.575317,26.608614,16.174328,16.556425,-2.66358,18.84796,-3.3682435,14.453686,-8.245968,14.3277855,-10.515149,14.668571,-1.1943077,12.036817,-2.0760546,9.977026,2.034054,10.697534,-11.322742,13.02124,2034.2974591554407,1138.4413984853288,2191.2338101649775,562.3703386161903,4104.3146484375,2189.6809731139147,0.09007054227941176,0.09358290591706987,0.08792164,0.07707659,Spanish
-303.43863,108.427185,81.06509,57.655537,14.071145,27.631557,29.289791,29.217821,16.312775,17.558786,-1.526695,20.720463,-4.2107058,15.596798,-8.881799,14.029675,-13.128731,14.740932,2.141075,11.815709,-5.8230376,10.89423,4.158419,10.224658,-12.151119,12.893681,1886.630554437301,1224.313195466391,2064.7043891791955,517.8561582785748,3556.3749435552318,2135.984455909956,0.088709584185672,0.09983244317265132,0.0639693,0.058138277,Spanish
-270.1795,105.48439,77.90127,58.80241,10.159689,31.307081,36.063313,28.505783,17.969183,17.238796,-5.770394,21.871214,-10.430232,15.417109,-12.645032,15.762992,-11.224131,14.788857,3.9903607,12.665046,-4.6064315,11.003885,1.45186,10.343726,-15.697784,14.114844,2110.569604140575,1246.6306322723071,2176.6165296380154,523.3461937809238,3993.5102308118667,2138.892491910305,0.10184010391529923,0.10394987270311451,0.083912544,0.06948955,Spanish
-276.74466,104.70285,82.46272,56.600517,10.18086,30.406542,31.718618,29.036953,19.430538,17.75366,-5.617933,20.619059,-8.545172,15.982734,-11.123572,14.954033,-12.298793,15.184978,3.053505,12.371519,-4.3254676,10.414625,0.4684795,9.960305,-14.776051,13.620252,1817.1070562466957,1178.4959718148202,1968.7360404017154,532.855226334041,3418.1409081311426,2067.4623178606807,0.08760800801816426,0.09567911320254345,0.08294576,0.07032979,Spanish
-258.22955,104.09304,91.68622,58.105827,7.038964,30.818287,35.253464,28.24124,17.9732,17.144125,-9.455132,22.321112,-9.672738,16.445885,-12.108893,15.130795,-9.286879,14.73219,4.261872,12.524806,-4.5938897,11.129441,2.4597983,11.0982275,-15.753252,13.82914,1804.940142133974,1190.34285177023,1907.4145906754663,525.0353710767379,3320.414181874167,2052.1212123057644,0.09174202238432978,0.09578497610212974,0.10016636,0.079618126,Spanish
-263.38147,103.276726,83.88781,56.397297,8.224556,29.144432,40.36663,28.706749,16.52443,17.809036,-9.052139,21.356789,-8.855865,15.541632,-7.053323,14.604855,-12.421815,14.433836,1.1799451,12.552178,-6.783215,10.855688,-1.6637632,10.439934,-14.530273,12.725546,1859.3571330372736,1150.4737473541186,1957.6281727530709,469.1144427707035,3489.7784212802317,1904.4755716316001,0.08993806230260971,0.09553865303147661,0.092494465,0.07768489,Spanish
-293.44882,114.05148,86.458435,56.87304,12.759295,28.02468,35.801296,27.712612,10.102995,17.941856,-11.898168,20.612154,-12.080508,17.84376,0.89351064,11.39289,-6.2759905,13.44443,1.0635681,12.952242,-10.430211,12.361073,-5.7109876,10.363644,-16.820904,14.453425,1823.1505574057026,1182.8496544342051,1951.7357837343086,460.8585901749299,3430.7196199696805,1972.9626217089642,0.0892625140688166,0.10115592196826437,0.07583494,0.067713335,Spanish
-281.95148,106.486374,80.19098,51.40659,12.534274,29.752613,34.644745,27.400013,19.704544,16.30034,-1.6373754,19.386635,-4.6692104,15.711101,-9.154489,14.486902,-12.060385,15.693913,0.4420458,11.421729,-8.26357,11.011826,-1.2877,9.940773,-13.84451,13.27833,1695.8348717616261,1034.5779119615856,1925.727001230482,481.70919523322596,3279.1235646688724,1810.2064575080863,0.07208407148812004,0.08299884588653571,0.08653964,0.0754054,Spanish
-283.48077,97.28363,81.912636,58.13637,7.642683,30.881529,35.750267,27.999891,16.053925,16.432566,-0.5518194,18.387552,-3.5226498,13.999127,-8.656782,13.382971,-11.737855,15.007638,-2.3311193,12.300325,-8.312354,10.565065,-1.3377931,10.418241,-12.273542,11.90871,1792.420694597737,1197.611018384682,1831.2008952316196,511.3510238312046,3348.498470617565,1981.5157291719763,0.08834792768126888,0.095817125624671,0.077755086,0.06574019,Spanish
-276.31406,99.03687,90.87131,55.72447,13.822107,29.67721,31.526587,28.13526,16.692871,16.594296,-1.5656395,17.642094,-9.27136,15.077246,-11.2814865,14.288354,-4.761151,12.668164,2.3424501,12.182927,-4.689168,10.829028,4.4414425,10.043669,-14.293926,13.31104,1809.5318901747182,1158.2072436841622,2037.01798593556,533.2131947353537,3458.3288392024256,2141.56557940847,0.08057965675881953,0.09079782562812642,0.079527475,0.06455002,Spanish
-270.9503,97.338745,79.09003,53.966106,52.680904,30.13043,32.011982,26.711824,26.464624,24.95126,-22.773357,22.536564,-29.110899,18.198532,-19.10053,13.1158905,-41.95294,15.977402,-6.6833377,14.455572,-16.185467,14.838651,-12.247735,9.531656,-16.95861,9.783476,2220.190447294203,1730.8875316327396,2520.1387465870416,636.4203090753101,4369.225558428697,3068.173181656276,0.1082333846830986,0.14530217275830878,0.13162842,0.08845847,Spanish
-299.28757,93.774666,70.40013,58.32802,50.24809,32.23859,22.316166,27.306694,16.029753,23.463247,-13.191294,18.93833,-26.406517,18.538296,-13.737736,13.258317,-35.072144,17.295069,-9.109328,12.457006,-19.071552,14.24137,-12.739763,10.195184,-17.054132,11.140812,2442.720371199044,1913.3859894336272,2510.1826565700826,702.6637974027755,4768.787471711396,3164.3562395944123,0.12690538352790953,0.16897488930663196,0.09975604,0.0846151,Spanish
-296.74,93.795364,64.88658,55.72658,52.490967,29.687593,23.453024,27.11741,20.946304,22.98276,-15.742383,20.862673,-25.411467,18.674776,-15.42947,14.5367985,-36.04348,17.46988,-7.2505474,12.939948,-18.768858,13.176668,-9.024629,9.71465,-16.31551,10.431154,2565.713135472313,1879.6668525110708,2680.943790131648,705.8518393769765,5335.2837653025435,3161.1012141571905,0.1265482864545619,0.1690307164093284,0.097221665,0.07534245,Spanish
-294.25598,93.868454,67.860435,54.019054,50.42492,30.630888,30.752764,29.102985,22.37386,25.553621,-20.3923,22.908276,-23.390875,18.341015,-17.415712,14.522415,-38.874844,18.024418,-7.9128413,13.065665,-18.14639,14.580425,-9.375558,10.304876,-18.248026,9.873315,2407.1893550417713,1752.0067801019711,2615.5183968886477,637.4278033099826,4853.00658526905,3002.891419770222,0.11393328638273491,0.1490602822209348,0.098019734,0.07393653,Spanish
-289.89655,93.65675,75.035866,56.121273,50.2633,30.711508,27.815746,26.013496,26.01634,24.929966,-20.453388,22.77318,-26.870176,18.148338,-15.028491,14.635627,-42.356155,18.045868,-6.4490976,14.29907,-17.681742,13.922731,-11.044345,9.883486,-15.931313,9.796771,2414.005449561975,1861.3026336485082,2550.282950525186,644.649653153078,4659.309310913086,3077.534511970478,0.12137407575334822,0.1602980639456671,0.103826426,0.076373234,Spanish
-286.4956,93.328026,65.94309,56.334957,52.549713,31.463514,26.439384,26.767838,22.67026,23.167204,-16.918095,21.625996,-25.052116,19.136805,-14.634172,14.010478,-36.785,17.288986,-8.519522,13.588706,-16.49532,14.260141,-10.846722,9.916733,-18.443758,9.729701,2569.045830968468,1912.849306280321,2653.6424082939607,642.8110769914007,5077.821063558564,3165.956853111434,0.12885947191078245,0.16939502885773197,0.10674357,0.07914995,Spanish
-272.52145,99.52176,72.62374,60.706985,49.07687,31.324474,29.654955,28.24195,28.900808,25.923807,-24.915203,24.066195,-26.948332,18.686325,-15.267692,13.975035,-43.44886,17.749716,-6.812452,14.027892,-18.004395,14.555564,-9.260821,9.25084,-17.769983,9.978297,2635.940376723233,1946.563744118046,2637.7910344343695,644.4375875765179,5145.753854911142,3083.640956570417,0.13847926060053722,0.17542376928707762,0.11908412,0.07979292,Spanish
-308.76663,91.329544,79.080315,61.845573,51.11437,32.567677,19.869637,26.71012,23.171078,24.132683,-13.2577095,19.987532,-28.740187,19.116262,-16.34336,13.841078,-35.798283,15.868608,-11.582977,12.9585085,-20.58362,14.037914,-11.657676,10.271376,-17.91639,9.944533,2399.239462810222,1881.3303602635667,2535.9115019301785,738.390805032084,4732.169366116363,3201.8315954575924,0.12539866561253174,0.16517059123787847,0.08218709,0.057528246,Spanish
-291.37982,88.756065,76.4877,58.496143,45.927486,31.803698,20.49319,27.776283,23.457138,24.147429,-16.849318,21.433218,-24.31131,17.631958,-16.959066,13.869418,-34.17312,16.809563,-11.396504,13.088374,-18.797066,14.368312,-11.915133,10.126916,-15.797836,10.403479,2347.1008177646186,1846.7418065774696,2537.654463998541,705.1051029601197,4545.162259615385,3182.6607502897155,0.12020995220259392,0.16222625014412156,0.099924326,0.08216754,Spanish
-283.63696,90.055626,73.47005,58.161514,45.202442,33.55373,21.763807,24.881182,18.937244,23.341204,-17.962069,21.581436,-23.659824,17.46742,-17.453526,14.173092,-36.722813,17.250557,-8.858595,13.976279,-19.375559,13.789259,-10.628949,9.895227,-15.6915045,11.370625,2449.5520894519595,1844.134909121163,2562.3535747469887,683.5754490666235,4728.160905564814,3121.3184351677555,0.1268640335775672,0.15916139290363862,0.10625434,0.08446083,Spanish
-302.9157,79.477646,85.199615,62.67867,54.616302,34.007133,18.257116,30.317514,28.045095,25.028727,-16.389568,23.07842,-25.633823,21.650654,-21.230568,15.784404,-36.513504,15.963235,-9.748507,14.889802,-17.398869,15.850145,-9.571745,11.041014,-18.670078,10.956103,2163.1918325885886,2022.7350621368116,2308.706292445658,804.4114984011375,3778.527421583126,3318.6792238657754,0.12160615141137401,0.17201499778826423,0.10099908,0.07111183,Spanish
-296.9853,95.15899,87.030754,64.69104,36.08321,37.34381,31.19451,28.643349,37.76781,33.575672,-34.014103,29.65069,-27.490128,20.530495,-13.230494,15.737715,-46.1891,19.270767,-9.603679,15.473559,-13.985301,16.669607,-14.28995,9.987522,-18.168217,10.523261,2077.936335836171,1936.8949277921195,2099.929064297817,758.722782653553,3542.003390949234,2915.8812655686565,0.11452742866847826,0.16518218264033815,0.10914842,0.07611545,Spanish
-306.3754,89.20806,88.59459,61.588722,42.201584,35.264946,30.741497,31.477695,31.811176,29.23716,-28.066761,26.924625,-21.769657,20.803421,-20.559984,17.52681,-39.82486,18.003046,-9.517517,15.333901,-18.606613,16.722635,-12.669954,10.310764,-15.151161,10.443011,1928.916452472889,1839.3983759481,2117.2450440298057,860.5016173840999,3384.1870975189695,3041.926307406033,0.10046640219398961,0.14452634095446829,0.10902406,0.0833991,Spanish
-291.68094,86.15738,80.35828,66.52294,35.901417,37.396473,32.471508,29.366415,32.765244,29.479876,-25.70468,26.759039,-26.781708,20.530132,-18.25342,16.617668,-41.226086,17.97298,-10.60703,14.8469095,-17.928635,17.270456,-13.654076,11.032046,-14.196819,10.5548115,2105.4769092936976,2072.2158593755785,1988.5734400761019,821.3471857881125,3524.557304382324,3058.6937554525266,0.12462086147732204,0.17284639111467515,0.112042665,0.08625144,Spanish
-273.52264,97.1644,87.82534,65.391594,28.750515,38.486004,30.99388,28.617342,29.771753,30.598003,-30.97622,27.255415,-21.567514,20.14155,-14.2462635,15.524596,-47.55801,20.680649,-7.9335313,14.835279,-13.743542,17.168484,-16.078136,10.994275,-15.113829,10.826528,2034.4745006010987,1843.6705199264961,2053.5226847624604,768.0056268061469,3594.9663270194574,2822.7959566835143,0.1080290459344115,0.1495384738458738,0.1331644,0.09274192,Spanish
-271.56705,96.41136,86.55417,66.4065,32.103287,38.511177,32.83801,28.822802,33.26632,32.729942,-34.23832,29.583506,-24.210293,21.62245,-15.881585,15.855924,-45.863007,19.323046,-7.0159945,15.582884,-17.268595,15.514473,-14.069241,10.332496,-15.610691,10.011618,2132.263826555333,1976.981843001667,2071.8016212707166,763.0731171738362,3635.832389857781,2957.968893488554,0.12007184843093237,0.1680371076680428,0.13525523,0.08905767,Spanish
-287.5939,89.878426,90.15606,62.194286,34.675198,36.515533,29.53377,27.606853,35.023445,31.778019,-31.424873,27.362669,-27.655582,20.230461,-16.143454,15.39451,-44.609425,18.442432,-10.975528,15.818184,-14.820189,16.38767,-14.629702,9.809619,-15.5259285,10.674472,1967.126693689192,1923.7220563710412,2005.484987969272,779.6795316371603,3315.4953930132924,2896.747036722136,0.10875503299653039,0.15672686642899822,0.11534034,0.080716215,Spanish
-279.52618,87.51628,77.312454,67.823845,38.748207,36.371723,32.332447,30.27706,33.027092,32.14355,-28.488192,28.978437,-26.976334,20.403524,-13.337262,16.184666,-41.54257,18.06317,-12.792779,15.484686,-16.85743,16.86044,-13.215181,10.631752,-16.51212,11.065273,2211.200010301701,2119.4738774906027,2051.575547174157,792.4146600827418,3644.4049858608128,3096.202833720562,0.12957383873794917,0.18103969097676,0.12921023,0.09657455,Spanish
-274.9303,97.013306,88.799934,62.311275,30.68553,36.136993,25.204365,28.041836,30.008245,31.092375,-30.93539,28.604513,-24.324894,20.132492,-14.272113,15.123706,-43.90134,18.57608,-6.6479235,15.490302,-12.7014475,16.529156,-15.512138,10.227292,-16.015444,10.6876135,2106.2478411651355,1890.8433460485037,2125.40313574562,730.1352206734701,3613.9976137314466,2888.93444731651,0.11845225643917345,0.16324469985630938,0.12004488,0.08403194,Spanish
-282.42194,89.22239,82.7106,61.17395,39.493557,36.08277,30.521172,27.066628,32.742313,33.19682,-32.34823,28.565786,-24.838991,20.412907,-12.736584,15.930974,-46.462868,18.59326,-9.860432,15.321553,-18.080868,16.987316,-14.617039,10.259286,-15.537654,10.564234,2198.4056111941,1925.6698140515498,2222.5461907233807,741.8778167096918,3814.3503003133706,2943.0801693512367,0.1204628509873657,0.16221429451636,0.116413,0.08144916,Spanish
-293.01752,94.63668,52.239952,61.1276,56.116356,30.414024,25.424328,27.860836,17.921904,24.848146,-20.492868,23.481169,-24.942686,17.807348,-16.89984,13.6447735,-38.538067,17.498964,-3.6302428,15.124872,-21.257519,14.559145,-11.840514,10.844612,-19.206112,11.364992,2995.1013935105193,2089.1093677935974,2770.002391833804,676.2194694933333,5987.784275107957,3123.8694664100285,0.16288791010834014,0.20618522786066062,0.109751545,0.080283485,Spanish
-318.7247,82.7822,52.313034,60.242493,66.30343,28.680994,21.6732,26.852707,23.274601,22.268242,-12.684906,19.023983,-26.190575,18.5142,-11.867214,13.122259,-32.4599,15.120468,-9.173703,11.869187,-23.639492,12.906204,-7.8095093,10.049663,-22.842594,10.206249,3150.070139498632,2053.8169245824897,2934.8673644809346,709.5800104060127,6517.103284470579,3025.79304674536,0.1625486797112462,0.1905348827304119,0.079016425,0.056480974,Spanish
-278.28088,96.263954,66.46208,52.449986,47.390762,30.820251,28.218113,28.705534,24.62699,25.564901,-24.592861,23.53207,-27.07813,19.00997,-18.003365,13.40726,-38.51537,16.89336,-7.96715,12.948561,-16.321348,15.694177,-12.807031,10.020986,-17.566332,11.235109,2498.7969237372454,1681.7808108453496,2743.343090811883,724.8837444420866,5470.947714305334,3105.3320452689286,0.11194067119456652,0.14627678572126349,0.11103498,0.07982615,Spanish
-286.71185,109.37241,59.11815,62.441456,48.350945,32.705223,28.596272,27.679647,21.501064,28.781466,-19.063993,26.366789,-24.559858,20.252043,-14.195853,14.698428,-40.318848,19.836502,-8.930127,13.382198,-18.212036,14.618252,-13.308813,10.441769,-16.776249,11.84751,2754.341708288327,1964.8411058174643,2646.3962530412314,723.8151747803533,5474.987140684638,3050.9686849294726,0.141940217761723,0.1793663065781436,0.11282586,0.087635376,Spanish
-286.88815,86.69637,78.610985,61.174187,45.642197,32.89703,22.482063,28.360102,19.658627,24.460445,-17.226273,20.783373,-27.801075,18.453814,-20.409954,14.583378,-32.996555,14.286211,-11.306463,12.222837,-17.840694,15.685627,-10.57121,9.546716,-20.401588,11.36761,2399.5340498587116,1964.6421038680994,2419.7113456011807,752.7593991749907,4530.681067670701,3218.921699452699,0.12764361355542939,0.1672183330705822,0.10096742,0.07466908,Spanish
-295.7382,94.16513,58.523277,60.72511,58.32426,33.90341,24.19459,28.546648,25.250414,23.41017,-18.53532,22.443329,-28.086075,19.25842,-13.053903,15.091175,-35.577473,15.418075,-9.237143,12.075302,-21.538063,15.341984,-7.929868,9.759974,-22.229334,10.304871,3128.280445315378,1972.2063575321285,2906.8936878033196,720.5331088988881,6523.2793841385555,2928.1166694372964,0.16389235799281546,0.18412492716037762,0.09559821,0.07198405,Spanish
-320.48972,80.99786,57.9327,57.16702,61.76851,30.12445,17.209877,25.926579,19.608225,20.875946,-10.883324,17.197493,-23.878654,16.504732,-13.450264,14.185811,-25.320906,13.507808,-11.065145,12.199677,-23.731058,12.714483,-5.6275845,9.90724,-24.467508,10.8502865,3026.6072874268743,1946.1969521982587,2964.456078827565,654.9290275533018,6466.982634171196,3006.3760291767157,0.15716210860996865,0.18471786978269744,0.071701124,0.057898168,Spanish
-328.57724,96.79953,61.627525,61.94419,63.724846,30.010075,21.578472,27.716314,21.832111,23.000128,-12.8860235,19.957407,-27.956614,17.716507,-15.688832,13.818027,-26.789959,14.840672,-12.475774,12.810834,-24.377575,14.425428,-4.369269,10.574686,-27.024935,11.18517,3042.5264538836996,2031.29394326753,2901.6655548602394,663.637793255402,6353.474520815167,3028.2356831667344,0.16140470320835043,0.1849308988288794,0.07422277,0.05442988,Spanish
-313.728,91.44361,54.08562,62.534702,60.992428,31.22111,21.69553,28.401203,25.683998,23.00423,-14.495649,20.960802,-28.646494,18.962566,-13.060566,14.921032,-30.290764,16.3641,-10.692374,12.602747,-24.443628,15.071914,-6.5772405,10.014354,-21.823183,10.252504,3165.5716483604183,2036.829472356207,2939.823116132589,693.0430913833222,6673.597766507057,2864.2577981584227,0.16797006258400538,0.19345876798128575,0.08233275,0.0625868,Spanish
-325.96713,85.3931,60.697285,57.94612,68.407196,28.684183,20.924423,29.723852,24.198687,22.37694,-15.201268,19.682716,-28.91968,18.239763,-11.324478,12.23283,-33.47047,15.09346,-9.787937,11.986705,-24.437984,12.881896,-7.2571654,10.549174,-23.584478,9.983918,3014.6894964857,1941.1943157094113,2957.692928084289,717.1921743375929,6522.65625,2979.7553075168544,0.15076870591986793,0.18004397188006976,0.07128299,0.051675722,Spanish
-282.51944,100.93156,72.55052,64.823494,42.537228,35.554512,35.071316,27.745272,27.403116,26.673952,-19.651182,25.70816,-28.36624,20.200977,-14.813824,14.221731,-42.612915,17.45007,-6.5259614,13.685544,-17.980618,15.564447,-13.514332,9.892288,-16.506065,10.136225,2362.306944346586,1971.5586806013682,2307.932366503963,624.0673171869661,4197.800525213892,2897.7732573649696,0.13336875543793503,0.179915432714996,0.10663187,0.075426504,Spanish
-296.5384,96.96048,77.9944,61.719334,43.798374,34.454414,33.574146,27.901745,24.780533,27.903164,-20.705307,24.052462,-22.85373,18.182852,-20.579315,15.949037,-40.704628,17.53838,-4.9005947,14.40519,-21.845404,14.869876,-9.865953,10.376053,-15.628368,10.904142,2298.6844665336594,1809.514172904394,2426.2270289835146,691.6019883236673,4398.43150863554,3013.596359638212,0.11967755493313598,0.15721841734035594,0.09858146,0.07159111,Spanish
-297.69638,93.80792,68.76834,66.653885,48.050636,31.414198,28.82482,25.18895,25.124102,25.998886,-12.543452,23.050285,-27.771555,17.87338,-19.227144,14.992963,-35.08745,16.521465,-8.101377,12.9379225,-24.132671,13.608226,-10.449926,9.016979,-18.448967,9.78354,2552.2218929982537,2043.7136593937298,2449.260935219436,695.8340273064149,4630.014203014206,3166.237021862895,0.14508241453861634,0.17881322568429536,0.09374171,0.07198441,Spanish
-306.4077,91.94482,70.03896,67.405754,47.861347,34.269947,32.51992,25.494263,22.581642,26.039192,-14.162839,24.562305,-24.025152,18.563196,-18.660511,15.631301,-36.49098,16.05202,-8.2994995,13.550291,-24.00438,14.025137,-9.755978,9.590709,-19.132141,9.50613,2462.269555042917,2079.240449968398,2329.7095434959724,677.0071007520553,4343.767834917826,3104.0056240746003,0.13984262535988484,0.18236083469521724,0.08403537,0.06431296,Spanish
-290.1607,93.79495,76.73272,63.56506,40.91452,35.814075,36.405125,27.933643,25.298365,26.432266,-21.863592,25.722063,-22.779177,18.399237,-22.39468,16.255424,-35.21731,16.328999,-7.347234,12.964003,-25.97886,14.990743,-8.868342,10.059431,-19.512121,9.109161,2329.012533046722,1942.6407169135073,2320.934257535873,665.9971553512978,4198.959228515625,2988.0403662192466,0.1287159946986607,0.16866457505159216,0.1017266,0.0784261,Spanish
-295.96884,94.28704,68.28696,65.27142,52.08603,33.424057,29.714119,25.627144,27.923714,26.055614,-14.501486,23.966312,-29.468037,18.950058,-17.286089,15.621833,-35.239292,17.909958,-5.91009,12.29551,-24.656673,13.317246,-8.7361965,9.952134,-21.001425,10.266734,2611.157336721004,2020.6074460231985,2528.797936070534,667.6854444290782,4922.025042348563,3081.537835169256,0.1439440397289692,0.18008957370395148,0.09392836,0.068364896,Spanish
-287.49823,93.42802,76.68472,65.430435,38.98396,33.396553,33.48017,25.07816,28.619827,28.899233,-22.462793,25.530428,-26.817373,17.962305,-14.01432,15.365979,-43.06953,17.075249,-9.905063,13.793172,-20.373768,14.672505,-14.169978,9.669818,-16.30308,9.209171,2318.531199731557,1957.73123616109,2270.2821813228697,664.484141680996,4071.934031531283,2949.3876613752013,0.1302647508162725,0.1730212736819305,0.10388025,0.076786324,Spanish
-304.61316,97.45261,72.14293,63.135914,53.925045,31.368456,26.94393,25.316614,25.1733,23.902876,-11.72686,21.761494,-26.986433,18.957823,-13.516011,13.934857,-34.999256,16.326725,-6.679723,13.709001,-25.087315,12.965215,-10.174752,9.442175,-17.731749,9.468696,2452.8621625073242,1922.2754711177938,2531.76197217019,701.2770417450771,4841.98948168152,3156.461332683659,0.12720960486236463,0.17035656298749596,0.09384422,0.06802452,Spanish
-293.9543,98.50748,81.15645,62.09668,41.80185,33.44847,31.449314,24.983828,25.454035,27.7553,-21.307816,24.1762,-24.72648,18.807306,-14.967476,13.814519,-42.053375,17.773413,-8.236136,13.176906,-18.980604,15.186744,-14.431696,9.29154,-16.135618,9.561736,2170.846313889702,1839.8205643736571,2290.27131513485,666.951493724521,3908.9610944815645,2955.2103123364845,0.11698593871927429,0.1578455148666816,0.100753896,0.073023945,Spanish
-287.04907,93.08869,70.52452,61.084026,48.80652,33.33986,27.819923,25.818361,23.559162,25.779087,-17.258385,22.766945,-26.220098,19.1637,-17.96473,14.448608,-35.92125,15.991544,-7.5799956,13.110566,-20.823076,16.22998,-9.810094,10.337526,-15.615355,10.659394,2571.1709288691145,1930.5860115086834,2577.7686164279876,683.8570612199151,4991.920043200981,3105.0752610753075,0.13818675715748857,0.17229430951340363,0.094998576,0.068289384,Spanish
-289.84732,143.4827,96.14657,69.819984,-1.837824,29.684288,26.913015,28.046806,4.3947134,20.065218,5.81075,20.637508,-8.475475,20.566534,1.3651519,15.320603,-7.8871374,18.401333,-0.8949824,15.325483,-3.55224,14.048108,-0.68863684,11.874947,-5.7717285,12.486678,1554.1782828363382,1164.8905087679307,1805.9938341459429,595.8547148595509,3073.291634042883,1878.6926750790572,0.06938487317593613,0.10084783619813006,0.09797358,0.07631794,Spanish
-294.45984,133.81299,94.955414,67.965385,-0.6740415,29.311522,24.927446,27.264456,3.626671,20.705458,5.198639,20.130634,-6.7406864,19.205036,-0.00819438,14.864175,-7.611833,16.861687,-2.056446,15.40344,-3.4262881,12.937462,-1.4733678,11.661289,-5.400697,12.139898,1498.043591994926,1125.3484568724523,1759.702023224234,567.9673137717351,2949.2573462367372,1837.770221492645,0.06413599197139068,0.0948029827009507,0.08694921,0.068244055,Spanish
-295.97894,138.44527,86.004616,67.91972,2.2545838,26.82986,25.988852,27.19173,5.118904,19.301783,6.1381984,20.033798,-6.9184675,19.419783,1.6880608,14.759755,-6.1180835,17.31377,-1.8044875,15.615118,-3.2976398,13.283372,-0.7721738,11.94042,-4.1006885,12.001935,1528.9240553510097,1159.9293312694763,1826.3715573467452,629.8788950804504,3083.0787171708776,1928.747775680535,0.06642048672675335,0.09651652698110157,0.092524685,0.07962821,Spanish
-292.3785,139.39688,96.55446,67.4278,-1.1518266,30.057508,28.179972,28.835323,5.170019,20.079395,5.985863,21.000526,-7.3684645,19.918308,1.4931024,14.663186,-8.582417,18.014864,-2.2524183,15.822883,-4.4260793,13.544386,-0.42722943,11.4541235,-6.338518,12.898919,1525.8180626122223,1141.4781926440428,1779.0268564634953,569.5745329488865,2986.3469200301656,1861.677291588648,0.06674787158456322,0.09728402657952956,0.09437756,0.07174409,Spanish
-285.0793,134.21939,98.76548,69.39662,-3.4445,30.083012,25.813293,28.030693,5.531733,19.398363,4.350654,21.392712,-8.573619,19.202133,0.31487215,14.666759,-7.8636546,17.261162,-2.1775036,15.209472,-3.697237,13.566615,-0.5804531,11.116871,-6.2546945,12.531219,1525.1360294199358,1138.7760911022851,1749.5515436891005,579.0094610744255,2973.0859503688584,1844.711118652509,0.0678253173828125,0.09742126028205207,0.09565423,0.072069876,Spanish
-289.14316,139.14757,100.23918,69.85811,-0.58893496,30.283525,26.536259,26.541267,4.430769,21.275995,6.2893763,20.246096,-6.664391,19.34853,1.2080534,14.560662,-7.68449,17.808788,-2.3157377,15.718388,-3.6562564,13.332748,-0.88549495,11.580455,-5.434353,12.129735,1498.899354109808,1139.6324796338172,1755.6065654227684,594.0118463989842,2934.1731958470855,1881.8047686092798,0.06690197622257345,0.09908870706597547,0.09850899,0.07619253,Spanish
-311.1881,147.69078,85.279755,70.720535,-0.1081724,28.957928,26.65442,27.273966,4.160148,19.11014,4.451922,20.182623,-7.623653,20.390278,2.215308,14.555992,-6.788425,17.513226,-2.366628,15.48343,-3.6311545,13.693079,-0.15237622,11.472914,-4.898226,12.751768,1501.077015707222,1179.9032308200171,1771.9007621759101,669.1791777036345,3027.6989913313355,1922.6744950181871,0.06436961075097847,0.0995014951859878,0.08911252,0.077894405,Spanish
-289.89133,143.10219,96.589165,71.897224,-2.347071,29.68664,26.068888,26.926086,5.3690896,19.419088,5.84236,20.460093,-8.303662,19.283058,1.2566003,15.375816,-7.6699924,18.698854,-0.48176995,15.642289,-2.7169526,13.619316,0.00096505764,11.7177,-5.61856,12.701835,1563.1725438885107,1172.4208871872308,1801.8164359886978,604.3139437608118,3087.596033706398,1880.9471203629503,0.06908714748105324,0.09795619100190439,0.0966765,0.07795101,Spanish
-317.23206,143.97162,85.33743,71.32774,0.18381836,30.553661,25.765657,27.506796,3.0929446,19.491617,5.769636,21.548063,-8.380333,19.837805,1.8208625,15.114404,-6.564217,18.377811,-0.91672164,15.460462,-3.864747,13.255054,-0.7100948,12.160524,-5.6195035,13.002481,1652.1837815097701,1349.8728084668253,1792.7466628828704,619.3251880074451,3188.330358746408,2060.99968410401,0.0805154786611324,0.11776662251964477,0.075384185,0.06468593,Spanish
-270.45245,132.3033,96.04224,67.03327,-2.6652534,30.264452,26.230167,29.103249,2.5722063,19.711159,4.0161963,21.556818,-7.4802866,19.171082,-0.13312247,14.118998,-9.2742195,17.185293,-3.4292924,16.215656,-4.535034,13.254047,-1.8990816,12.022464,-6.3568,12.430535,1548.0677778946135,1144.325186666405,1785.698524190166,601.137153211532,3062.9040596833493,1877.29395974901,0.06929665263282732,0.10007363407155725,0.11252724,0.08448656,Spanish
-300.45795,109.21466,92.69895,56.510918,7.763287,31.79795,40.186825,28.019775,19.845215,17.021738,-2.510235,20.464958,-6.886412,15.596515,-13.312931,15.789601,-8.241792,14.576017,3.8394175,13.334102,-4.073679,11.593983,0.98876137,10.656068,-17.748674,15.4552765,1703.5925960501067,1112.2219855526048,1855.7292945249508,522.203193977933,3250.944783252633,1957.204962482943,0.07940837256783291,0.08589366721416747,0.0735338,0.05809928,Spanish
-315.18176,115.25085,93.09128,57.839027,16.230785,29.206518,30.273151,27.218231,18.133713,16.425657,-0.13748173,20.052536,-3.8034134,15.513625,-12.369261,16.011189,-8.375997,14.856709,1.571704,11.577675,-5.0490727,11.186217,0.1268332,9.658547,-12.081662,13.312003,1406.4918671308326,997.9284021969954,1699.5459747636821,452.4018574124104,2681.6563819568296,1656.0989291420065,0.06194143739509022,0.08049781105169626,0.07311123,0.067337975,Spanish
-294.94717,109.0075,83.43413,55.699932,8.699307,29.88283,35.54403,27.986042,20.11818,17.319298,0.17029607,20.907158,-4.115624,16.836918,-12.797538,16.294294,-9.755103,15.49298,3.2066824,12.981082,-4.161597,10.896395,-2.2554595,10.8867445,-14.39352,14.404756,1730.5922708889054,1132.2788806499987,1895.3313905833102,511.0961972199877,3292.472401759274,1955.6647573512964,0.08039471633416459,0.08864557547076768,0.07610912,0.06465561,Spanish
-310.49573,109.336624,92.503426,54.153084,10.314772,31.44847,33.582165,27.018118,22.479116,17.500834,0.14964649,20.314625,-3.4294937,16.505598,-12.969032,16.852674,-10.405253,15.221167,2.9543781,12.424084,-2.5503335,11.32768,-0.9892073,10.988798,-14.380266,13.455089,1606.6235865803915,1106.5867034245598,1837.3871083428771,542.6592359897762,3018.3120449487496,1983.584821787068,0.07406839787095575,0.08463809216846828,0.06403117,0.05569424,Spanish
-307.70007,102.29746,94.08941,51.797447,6.6033587,29.024435,35.714138,27.724989,18.40711,16.413246,-2.3756,18.539976,-4.50847,14.472389,-11.29708,14.065374,-7.217135,13.48026,1.7975215,12.504919,-5.5704374,11.157197,1.3444989,10.671193,-11.848921,14.060678,1740.8054411025373,1048.624880400313,1941.0376002581163,538.6429133969305,3387.7663056569995,1955.3300798469738,0.07699119123524933,0.07978574970970877,0.063838035,0.058055107,Spanish
-287.45023,105.89784,86.85801,56.060123,6.956564,30.452219,32.30199,28.703522,16.955088,18.685318,-1.3881887,19.053925,-7.7652903,15.927745,-11.96924,15.3670845,-12.738978,15.432644,2.6060333,13.034147,-5.419582,11.716291,4.438108,11.320267,-15.189772,13.949364,1913.0696329714715,1162.3883865993457,2045.720088877002,500.14384427248535,3638.827996504934,2045.88000905044,0.09039684567289087,0.09454653802034603,0.069186464,0.05495429,Spanish
-264.6427,100.64096,88.44517,55.677166,8.9212265,29.947104,37.210407,28.7808,22.79758,16.851864,-0.27811792,19.23459,-8.766661,16.038635,-11.171491,13.986542,-10.393472,14.775156,1.6178621,12.548639,-4.3532677,11.4907875,1.037535,10.643755,-12.898716,13.481078,1673.1170935048833,1105.4225336406869,1852.5460468380304,511.4319572310417,3153.450969827586,1944.3250544886675,0.07604110542385058,0.08361502304921704,0.09710423,0.07817285,Spanish
-313.48038,113.73471,84.25465,60.174805,12.947972,29.81979,33.102867,29.556265,18.136442,18.50047,-0.647803,20.256695,-4.3987617,16.23448,-9.114861,14.414177,-8.216465,16.883287,3.2784743,12.306935,-3.792319,11.608396,2.5873203,10.484654,-13.726099,15.642092,1669.4923268554037,1117.730567564283,1864.8767738408615,467.350855886953,3159.1758452868853,1810.812613187892,0.07631008794398907,0.09248922563224454,0.07049125,0.06465133,Spanish
-284.4555,102.62805,100.775185,53.545372,15.258765,29.493263,32.982456,26.57305,19.453197,18.528954,-2.7133079,18.534904,-5.3960576,15.272719,-13.568703,15.634508,-7.6034713,14.47073,2.7568743,12.019426,-4.3120384,11.282404,2.6683798,10.057242,-11.378948,12.753072,1472.2133044647933,1035.0968910531128,1760.1307464801146,537.2967280310888,2814.3706625126288,1901.4187465879133,0.06523039269149522,0.07693357293793038,0.087860025,0.07187262,Spanish
-306.7602,109.39873,97.44037,58.32897,11.351674,29.450602,31.38502,28.788689,17.434948,17.78522,-0.43405783,18.714592,-4.4786205,15.310843,-12.342889,15.227592,-8.073407,15.803378,2.4957066,12.828247,-5.110355,11.78821,2.595676,10.088707,-12.712077,13.797048,1550.7424222369893,1063.4946110013705,1772.8059597573827,480.4624766768365,2947.2076416015625,1786.4802288660703,0.07171932267554013,0.08549588627587133,0.072986424,0.061938696,Spanish
-256.03885,87.28386,77.2127,57.8481,53.630924,30.78183,29.2924,25.426952,25.710539,27.072239,-22.159807,25.43475,-23.672659,18.273428,-15.8290205,15.5252495,-39.108315,16.094452,-9.465813,12.858988,-21.164793,15.872383,-12.263929,9.825989,-16.474495,11.42474,2390.9491216608117,1784.818904143894,2612.994371500473,653.0896581042225,4839.301130836576,3113.679622286002,0.11959428535722005,0.15677773721341284,0.13786003,0.08951144,Spanish
-279.56934,94.5508,73.07395,59.32231,55.310673,30.753462,27.454895,27.610916,27.041275,25.74777,-23.819967,22.78717,-24.752142,18.377602,-14.088558,13.497381,-41.554554,16.511541,-7.065809,13.670753,-19.226711,15.783182,-11.932924,9.6007,-17.33122,11.008937,2648.083344277754,1838.4748830740361,2790.1445847118507,640.387641218635,5709.54860014074,3093.6053774666034,0.1330797980813419,0.1689277304825571,0.110135905,0.07266022,Spanish
-289.31,87.513115,67.74667,58.390034,59.787052,30.4172,21.73282,27.854355,21.946556,23.671928,-12.993427,20.848598,-24.32446,17.558186,-11.494023,14.677574,-31.557268,15.184343,-11.611515,11.424128,-20.40595,14.430677,-9.967517,10.344069,-18.39703,10.934473,2665.0342517204203,1912.5290131649492,2774.8307059654176,694.0371404258447,5564.131972753976,3229.3720167800093,0.1341174918468549,0.17269180194106604,0.104854725,0.07531755,Spanish
-285.69275,83.85787,66.437515,56.975098,62.396683,28.096186,23.114697,28.98978,21.755613,20.987627,-12.4182415,19.681929,-23.946712,18.833534,-11.356365,13.21569,-31.099184,14.4619665,-10.550513,12.023264,-22.380745,12.424848,-8.653949,9.059857,-18.868927,10.3510475,2631.937681245796,1902.93676759967,2775.667305999291,666.9824606168024,5497.386420604574,3220.0438332642902,0.13004414576275408,0.17009507997569148,0.11252168,0.0839451,Spanish
-279.0962,89.01071,60.44059,57.254707,55.744957,28.224884,22.901506,26.079046,20.835972,23.897274,-10.0050955,19.29587,-25.19864,17.931988,-13.840333,13.62884,-31.546741,14.625353,-7.134315,11.977373,-22.446018,14.394631,-8.792405,9.303152,-16.495459,11.022958,2733.059914348004,1930.212089492366,2770.1342454142,644.7193234689427,5673.025936484799,3048.740087361898,0.13659904722653218,0.18028849963744514,0.12238652,0.09084506,Spanish
-278.36444,92.476585,69.29963,55.083485,57.00905,28.718801,25.453245,29.19629,25.170437,23.684755,-15.737046,20.627333,-29.165123,18.60872,-10.6231365,14.224952,-33.25551,14.685092,-8.850801,12.268628,-19.891214,14.448275,-11.306901,9.642804,-18.925423,10.903164,2552.6240615808365,1760.2679763836193,2773.7235289139394,661.8977048203901,5528.485452903891,3058.3073559596673,0.11956770657850405,0.15972178787104394,0.11697208,0.08346492,Spanish
-283.92535,86.23217,64.12976,54.159912,66.027916,28.215048,27.27555,28.63949,26.074327,22.853363,-11.9394245,19.63757,-27.298178,18.36057,-8.667177,13.488645,-32.806675,14.473008,-10.488119,11.943229,-21.634604,12.944525,-11.800113,9.43387,-19.318674,10.002424,2631.224734429419,1861.1599549691687,2814.1020113938193,674.2727000026715,5664.6002753860585,3195.2844515069282,0.1227446962685113,0.16568253584341208,0.123200655,0.08752002,Spanish
-280.44925,86.05104,63.35166,58.924282,65.89525,28.168158,25.908024,27.234385,24.29425,23.013905,-13.89742,20.73245,-28.282787,18.772842,-12.478344,13.916691,-33.199585,14.818812,-8.986728,12.040445,-22.471066,13.293114,-11.21726,9.621007,-18.203318,10.905503,2809.9930753982107,1970.4296006264913,2832.7739436000534,683.0154995871769,5909.84227180481,3184.6462387357824,0.14149150848388672,0.176423296064074,0.11607087,0.08087659,Spanish
-266.36,95.206085,76.438156,56.192677,52.729336,30.550129,31.704535,25.598337,28.708426,27.053055,-25.370064,23.566181,-23.43268,18.061441,-13.429448,14.736402,-41.786324,17.01675,-8.535391,12.942148,-20.66942,13.452984,-13.476166,9.695197,-16.400936,10.40005,2437.3490415218525,1779.2052313384804,2670.7260391406235,659.994072211937,5074.941336583351,3125.936254078986,0.11698567161928242,0.15786614257643342,0.1381428,0.09129096,Spanish
-275.42233,94.98022,74.16562,58.783527,53.150646,30.288113,28.734894,26.944624,24.970621,27.371103,-23.796057,22.112833,-24.784695,18.073502,-15.213807,14.85726,-41.20139,16.313213,-7.396666,12.4268265,-18.393744,16.157104,-13.159664,10.426506,-15.722948,11.194653,2655.0075051297154,1854.7924467226728,2749.8114149410876,632.4351715699145,5550.084887122611,3061.7069059581295,0.13957674372827975,0.16891409374593208,0.10902558,0.073847264,Spanish
-275.61823,103.680626,60.252777,62.32717,49.97842,31.781769,28.456577,28.949442,29.817202,28.565851,-26.62771,26.025745,-25.964546,18.743546,-10.075172,14.174097,-43.60915,20.186403,-7.165189,13.548579,-16.977997,16.210783,-8.018542,9.869613,-18.349785,11.072206,2992.0804317320035,2003.4246114409168,2766.3814237154106,653.6519469073112,6052.9402866504215,2981.7736145301997,0.16700316396645593,0.19818120359561814,0.12050937,0.08741175,Spanish
-285.00757,105.96084,70.189705,60.16477,53.270523,31.00118,24.655695,27.86717,24.289476,27.105896,-27.273722,25.59981,-23.667048,17.7934,-11.592906,13.337251,-43.500652,20.267477,-4.8227777,13.944982,-18.177881,15.851794,-6.3052034,10.492246,-18.94514,11.196558,2655.4463666392344,1883.4581321073317,2694.433508341381,692.1426346162891,5509.65142195669,3132.3052422432734,0.1397924773744455,0.17327941155120813,0.12169434,0.088285364,Spanish
-303.81204,107.48192,67.12138,64.38079,52.084816,32.0814,25.737833,26.925322,25.241175,28.55596,-25.096724,23.834494,-27.324259,18.575642,-9.887865,14.289333,-44.238136,19.882233,-6.683798,14.311248,-17.841782,14.7731695,-7.859096,10.280905,-16.995668,11.288629,2795.7542718797717,2059.2301861131414,2613.3836588706913,689.9852686571332,5377.073879218032,3152.8083194919245,0.1584381855933974,0.19389728141352605,0.09944912,0.07187393,Spanish
-281.2854,96.68035,65.52671,60.635517,56.762726,32.115208,26.626703,26.676014,21.9799,25.954153,-25.997017,23.797438,-24.112078,18.50028,-11.368596,13.139518,-42.698517,18.574278,-4.7055373,14.175329,-19.16143,16.053654,-6.25561,10.398146,-20.01564,11.150571,2747.4478931549684,2045.4019263647342,2630.2741497556494,697.7074625992285,5357.3496371884885,3219.0260070489644,0.15067923286963783,0.18525001937047836,0.115104795,0.078627616,Spanish
-306.84677,93.74091,55.558422,58.24899,54.38738,31.496511,22.95218,26.146538,25.12544,24.314312,-20.361671,22.127802,-24.41763,17.790768,-11.245795,13.997851,-36.29615,19.438059,-5.1872096,12.837328,-19.368914,15.809174,-5.600667,10.5772915,-17.322681,10.900082,3161.3394052839203,1992.905662608995,2898.5895020056087,701.8968882177447,6440.340618265086,2974.1569014124116,0.17517222136699506,0.19875747941691765,0.08528678,0.06841633,Spanish
-304.65912,104.93202,77.92481,61.618523,49.7814,33.503494,23.542141,28.378153,26.488264,28.002302,-30.54987,25.02263,-26.677137,18.797297,-11.92386,14.01131,-43.22477,19.275867,-6.115772,13.904217,-18.197962,16.323332,-7.0060954,10.228072,-17.822416,10.958223,2589.9241588175582,1885.217242060068,2654.7950332375613,699.9638649977826,5282.709134009577,3169.486234128038,0.1394089846750192,0.17193430981685387,0.09532532,0.06656553,Spanish
-286.8132,108.9417,66.01121,61.102497,52.782104,34.570396,27.722786,30.83795,26.651546,28.206964,-28.646734,25.94741,-26.244154,19.125467,-9.997083,14.874181,-44.240105,20.147396,-4.050228,13.481625,-20.61002,15.90746,-7.191191,10.461392,-17.472368,10.984934,2858.14951576412,1884.5637949328332,2776.662615223675,671.964573313539,5916.122980104422,2918.730613005978,0.14908996838841165,0.17461606490684206,0.110480845,0.07683374,Spanish
-272.539,98.385605,61.416256,65.41824,56.759815,32.05088,23.756056,27.56263,24.445816,26.134438,-24.649693,24.232176,-27.564768,19.776108,-11.24499,13.323985,-44.461796,18.879116,-4.9593406,13.232131,-19.096197,17.021458,-7.7771673,10.872763,-17.679808,10.772513,3099.0373865669676,2068.17515517623,2789.2000887147287,660.267145454104,6166.600160125653,2983.0092681227643,0.1720540303874487,0.19018102342663679,0.11758916,0.07480279,Spanish
-294.53375,98.41904,75.46954,61.21689,56.664093,31.710718,24.556948,27.526299,22.520409,28.334757,-30.580769,25.038862,-25.019852,18.06756,-10.39618,13.952165,-46.51864,19.056635,-4.3361697,13.409819,-17.519144,17.21043,-8.407517,10.49374,-17.61376,11.07919,2682.4546283656005,1879.60646298865,2715.592151134264,645.2945295780363,5498.03753037495,3110.0391031513695,0.14357750805801772,0.1747860182937712,0.10405325,0.068559095,Spanish
-271.8031,106.74265,74.921616,62.809788,55.17083,32.515636,23.847027,26.209276,22.979044,28.462278,-30.043669,25.142956,-25.68826,19.317898,-11.212054,13.113462,-46.83926,19.506567,-2.900328,13.970708,-19.640238,16.098085,-6.2824574,11.106476,-19.222462,11.959631,2675.3801562188187,1939.212447685561,2665.262922980504,665.3929182597511,5356.02480252714,3120.477705544136,0.14152114911921343,0.17573735326991133,0.13551836,0.08791602,Spanish
-272.7356,96.94892,73.035286,61.94929,54.86411,32.50189,24.912746,25.131718,25.649704,24.2744,-19.236633,22.333012,-23.789772,18.182726,-13.605433,14.812018,-37.51802,15.802583,-6.6315804,12.932517,-19.374256,15.4738035,-8.917381,10.423585,-16.882586,11.027356,2806.5072666804563,1955.8197643746298,2791.285614420523,612.9443330484582,5786.491712321109,3004.4717025405744,0.15332328236806797,0.18288740273542164,0.1081706,0.06741968,Spanish
-303.45078,90.33964,62.225883,62.652233,59.60022,29.90257,25.187878,24.864183,23.422997,20.599697,-13.598169,20.3456,-22.565922,18.28272,-10.723232,15.054912,-30.806255,15.235829,-6.5953317,12.628916,-20.403923,13.801058,-6.605647,9.695149,-17.283325,10.412826,2905.7703547112615,1983.2929659949325,2843.221904120931,650.6169424506725,6071.618445444915,3022.7363617633514,0.1525474397915946,0.18673820675834665,0.08756994,0.06272869,Spanish
-259.5198,95.80679,73.48637,64.972534,53.92056,32.187145,23.894707,25.231125,26.513613,23.69977,-18.169294,22.477888,-26.055946,18.556633,-13.498353,14.724585,-35.89578,14.392693,-5.9979377,13.226311,-19.004362,14.697034,-8.220795,9.653902,-18.207676,10.908977,2866.269129052357,2069.277531506374,2726.9541103090614,650.6498877705097,5683.717060355749,3107.1521202877116,0.16239515377446412,0.19277594535300951,0.12030746,0.07456473,Spanish
-282.2878,82.816795,77.18568,58.25787,51.988834,28.677168,28.090612,24.61631,24.64008,23.989428,-18.396265,19.851671,-20.984613,17.370415,-16.168627,14.70473,-35.710835,14.503932,-10.155127,12.8538885,-22.750427,14.618053,-7.1840014,10.045829,-15.5254545,10.2697525,2368.4741435236283,1851.6485469340273,2563.297301014634,669.4274559321532,4703.899948236113,3129.0773421376202,0.12720806382817898,0.16534293798151972,0.108124234,0.074708566,Spanish
-282.81702,91.03021,73.65846,61.198555,48.44707,30.904558,26.792994,25.327276,23.861383,23.792316,-19.009989,21.209143,-19.183214,18.412102,-19.22072,15.416278,-34.573578,15.285583,-7.3586497,13.209689,-19.768942,15.97121,-6.431229,9.9637985,-13.9035,10.481727,2530.1583789943447,1908.0859103782943,2618.9691785015593,671.7834834898046,5023.6249559178195,3071.470286926093,0.13400129686931198,0.16931919431189266,0.10092814,0.07495756,Spanish
-293.40167,96.27264,75.79859,63.171436,48.79151,31.302973,23.197784,24.974222,22.332747,23.747128,-16.59545,21.370523,-21.294783,19.087467,-15.553342,15.101667,-34.282322,15.648446,-6.396953,13.02277,-19.836382,14.046239,-6.695056,9.946914,-15.176615,10.521325,2629.0061567512776,2042.918786548567,2564.509288281322,658.3376048492519,4910.304901838009,3185.6807126792132,0.15013755362464037,0.1881720110003517,0.09385968,0.072076194,Spanish
-286.7077,84.591255,73.33495,61.166958,48.25577,31.351263,27.36497,24.963358,26.04894,22.830935,-22.844349,22.746778,-18.481728,17.02468,-18.679043,15.776679,-36.29433,15.097423,-6.5016894,12.761693,-20.963715,15.579218,-5.701909,9.804963,-15.521608,9.6170635,2711.2262982760117,1960.917559772597,2704.130012965464,637.7467144291733,5385.822099842507,3067.4543100988776,0.14630545572423267,0.1737306223408945,0.08775876,0.060355134,Spanish
-300.96722,101.70375,76.42818,64.69056,51.05074,33.4327,22.999956,25.745451,21.887024,23.015371,-17.26383,21.258291,-21.51856,18.718122,-15.8149605,15.476712,-33.29726,14.290737,-7.2706914,14.0909815,-20.065601,14.315282,-4.24387,10.203551,-21.637524,10.85365,2727.1892651728544,1981.7188987876518,2697.481483441103,663.5010180425259,5355.066091528436,3146.2133774806384,0.1515189558032188,0.18274701576024693,0.08522158,0.05538489,Spanish
-271.47098,94.407135,77.14146,58.17456,50.505215,32.277363,23.31553,25.301865,21.77635,24.58559,-17.78388,21.737955,-21.699045,18.268724,-15.911265,14.575765,-33.09472,14.146817,-8.945402,12.88391,-17.77673,15.9838915,-7.6256247,10.108693,-18.00053,10.664154,2615.271638137628,1799.3347135053127,2748.1167604271677,635.010379721522,5455.4761384662825,3046.431758467042,0.13589729940084586,0.16240511107338285,0.10144792,0.06622851,Spanish
-277.03607,95.38083,75.04439,62.458042,49.571728,31.632711,26.093199,26.030405,26.542917,24.58486,-22.400948,22.35182,-23.13727,18.92878,-19.607977,15.912112,-32.780464,14.414981,-5.4419107,13.419263,-21.008812,15.264441,-3.5611615,10.760273,-19.782162,10.215767,2834.548511920068,1904.0930307530016,2828.19674729264,626.9230122999115,5994.291550934528,2934.9007039041885,0.15563379409433215,0.18024850650139845,0.094321854,0.061629258,Spanish
-315.01862,104.767365,137.47131,58.548515,20.048193,29.034548,24.511324,27.792496,-13.6480665,28.341902,-13.914417,26.846016,-19.59577,20.0983,-2.150513,12.032949,-6.1133695,11.804996,-25.375624,16.108986,-13.862143,9.727358,-9.306059,8.402243,-11.75804,8.952944,990.0421238065657,802.9587915045199,1173.781436548747,506.33517860535574,1533.0558366957323,1577.9809355926427,0.05582230962954939,0.061930461643646975,0.1124549,0.08275143,Spanish
-330.36032,95.677086,148.9031,58.216557,15.416728,32.426765,9.744943,27.395664,3.1574063,17.95178,-7.491797,19.179647,-20.8738,17.04201,-15.657372,11.922047,-13.445609,11.749608,-19.365276,11.908516,-19.065853,9.403212,-14.652103,8.056224,-3.1398737,9.395809,846.6327212934913,534.6881377699368,1038.1720983522582,496.4219604858653,1356.127051483813,1216.4868065689018,0.04477336099870104,0.03580181915700752,0.10646224,0.080651775,Spanish
-319.8655,100.40184,137.80258,61.419678,13.911257,30.991875,17.022436,25.689098,3.9024987,19.522707,-13.627148,24.04429,-22.85588,20.607254,-14.981578,13.145249,-12.359533,12.156545,-14.868721,11.358941,-17.5262,8.162664,-17.963465,9.093045,-13.612266,8.173354,865.8231693577677,576.3566772488485,1090.29407237804,532.3472725495797,1384.5527014571628,1306.9532071855704,0.04523057116104869,0.03960772201959725,0.12633637,0.09587202,Spanish
-309.19656,99.18356,139.32124,60.92675,12.511518,30.871033,19.525375,26.73678,4.7618046,18.68592,-14.555207,25.303173,-20.943346,20.120663,-13.169403,13.739543,-12.148245,12.978601,-14.157819,12.245667,-16.955341,8.83061,-16.321894,8.4612255,-10.669519,8.725827,884.9540334843937,601.2269575308969,1093.178445015904,535.7767841439598,1427.9911803701705,1388.2618424889274,0.04667551633314314,0.04164953119572072,0.1315905,0.0954172,Spanish
-331.165,102.23029,131.14584,61.449684,18.511168,29.526794,21.806879,25.87744,6.623255,19.23348,-10.269203,24.775784,-21.214174,22.063288,-13.431154,13.615234,-11.733815,12.482957,-13.528574,11.248279,-14.549347,8.394768,-15.179907,8.161077,-10.892151,8.347193,891.0555978034031,596.1374019658493,1159.1252112048417,552.9270474857447,1463.6318034424255,1427.0570836155143,0.0444525777145359,0.038480937197405404,0.11090735,0.0921457,Spanish
-321.07132,104.29416,136.89418,67.17104,11.002401,30.099342,8.752419,26.760015,6.6512194,17.760208,-8.717752,22.270369,-19.3239,20.53954,-11.209507,13.048634,-14.232945,13.340588,-14.531748,11.5589,-12.985528,8.892721,-17.374895,8.656869,-8.741126,9.207331,880.5512564117046,519.0710401602614,1125.325296263528,570.749484011672,1502.866366453017,1257.3120732187522,0.04304126145193784,0.035425119782366336,0.13026015,0.10448959,Spanish
-340.24216,101.14395,144.70975,67.18286,16.196613,27.910536,6.70509,29.01664,-2.082321,20.948647,-5.051996,21.870554,-18.299173,18.708511,-15.580643,13.975527,-10.220552,12.73423,-15.0219345,12.071722,-12.290825,9.384618,-15.093913,8.40482,-14.795256,8.7114315,867.4164686851009,579.8121018160099,1045.229119122704,560.2017880086817,1452.6350520735652,1327.29514306851,0.04559239175028132,0.04035430202333446,0.10606948,0.07984027,Spanish
-324.98447,100.94422,139.12624,66.72966,10.190025,29.647728,7.1878886,27.096375,2.8168545,18.974709,-10.357209,22.215097,-21.693892,20.83057,-12.918385,13.743392,-10.299076,13.697566,-14.917379,12.986721,-11.462912,8.82869,-15.988999,8.647014,-14.660992,8.418974,910.5847692859137,579.987348995203,1069.7276220331464,549.755905328187,1548.2138626312208,1309.1533846993007,0.047559201253888024,0.04149260325801803,0.114245296,0.087346286,Spanish
-331.576,107.77641,137.05115,66.23698,10.577739,31.832012,13.3428,27.199638,8.1346245,18.578882,-4.9150157,22.104183,-21.127213,20.910288,-16.26252,14.135068,-10.480603,12.867433,-15.940016,12.639328,-16.023773,9.109709,-12.999405,8.27683,-6.3114614,8.5706415,928.1457659944632,568.8459640943951,1151.756721355852,564.1350089200043,1587.3580315209538,1321.894066544391,0.045586205631322256,0.036202488751616316,0.11103865,0.09302486,Spanish
-317.69308,101.21899,142.24953,63.71329,14.804761,31.455616,8.275827,28.80805,5.9500146,20.02002,-5.655242,21.713083,-16.597569,19.728245,-12.206456,12.724349,-12.7362585,12.06476,-13.545637,11.769141,-14.697923,8.797035,-17.847239,8.977766,-8.369931,8.2306595,831.6924233138052,478.89719615446614,1063.8374610397966,506.81468907956116,1332.7171505905512,1219.1555077881108,0.04294385076865392,0.031044173937162862,0.11816265,0.098005645,Spanish
-314.7566,97.71125,61.39146,63.08614,53.61897,32.925816,24.2986,29.16223,24.988346,26.53577,-20.915972,24.664623,-25.320683,20.012354,-14.916485,14.851785,-40.07883,18.17158,-8.874919,14.450164,-22.138287,15.86652,-9.787804,10.785622,-17.048895,11.139984,2789.263787958665,2036.2031647190374,2689.8103078919157,716.6960571799607,5708.571895088737,3073.1183562607507,0.14804437592273623,0.19363700471127987,0.087667525,0.06905626,Spanish
-300.73166,105.766075,58.746147,65.838196,59.234097,34.74318,24.924347,27.265255,25.878115,28.602331,-23.582851,25.611534,-27.663885,19.666813,-12.050175,14.494495,-44.519665,18.342121,-9.339561,13.907294,-21.8567,16.227955,-9.104941,10.25591,-18.756548,11.367494,3126.3940886610194,2114.2895806447223,2805.8919164314893,703.9326774008872,6302.551878930626,3048.9262272541464,0.17792690711534712,0.1997917570300974,0.103594445,0.07484063,Spanish
-295.16702,94.882675,54.122124,60.068775,52.66656,32.742924,23.156967,28.014708,22.661371,22.90247,-18.177382,22.89604,-24.589039,19.677086,-14.418919,14.475474,-38.236668,19.133373,-8.629919,14.138053,-20.88457,15.390162,-9.3942,11.883398,-17.472088,11.545453,2950.4168015774653,2061.2089520779095,2761.885502068688,768.9668860974937,6045.122482115964,3137.826446916082,0.15579995764307228,0.19761271686312235,0.10756602,0.08941163,Spanish
-306.90637,98.246544,57.73376,61.70215,58.09675,32.619766,29.570477,28.87358,27.603111,27.710377,-23.077765,25.289122,-24.85515,20.454744,-15.58356,15.5730505,-43.863556,18.571732,-8.180758,13.858322,-25.822483,15.57201,-7.1810627,10.748793,-19.022972,10.878649,2937.181977177256,2023.7435956267773,2786.4581659341084,708.0841995001248,6012.924379328081,3072.674986718848,0.15808551410076274,0.18922879577390173,0.10230138,0.07345901,Spanish
-288.12143,97.99715,65.97305,54.326717,52.10091,33.908043,27.649143,27.643967,26.702913,26.416393,-26.216263,24.370419,-22.59046,19.879616,-18.596169,14.8763,-39.737003,17.254555,-8.950867,14.534194,-24.049522,16.438005,-5.285968,10.483751,-20.936861,11.002684,2721.0674880508896,1773.4349348105081,2850.3073503739333,674.6381012249254,6013.714756522433,3020.548326574113,0.13100083815713578,0.15877004764278752,0.10825715,0.07951006,Spanish
-300.53503,100.20084,70.54669,60.411343,54.61294,34.39244,26.43174,28.261518,24.518072,28.144344,-27.418295,24.6034,-22.67982,18.84149,-19.018782,14.489567,-41.308613,17.449045,-9.609095,14.993528,-22.96469,17.707241,-4.9957047,10.315964,-21.619474,10.893327,2696.67827250475,1910.4514999721089,2760.1456454788718,680.6510045730756,5678.625266335227,3152.4291164553324,0.14090365549628941,0.17772820288309857,0.09923978,0.07281203,Spanish
-312.816,104.54917,50.40907,70.90158,55.026855,35.069447,19.417032,30.26296,22.04647,28.00262,-20.721144,25.813686,-25.690393,20.528215,-11.196138,14.769722,-42.93053,20.915958,-7.769266,14.478796,-19.127186,17.457006,-6.331424,12.415694,-18.91942,11.338176,3440.4358846586542,2223.1523672083704,2819.8890550486803,710.4016912331191,6661.517115167073,2960.723958749513,0.21055408109989557,0.22355075185528225,0.08647885,0.06648036,Spanish
-310.1442,96.213135,60.1711,57.3564,61.008102,32.606083,19.246433,26.805086,24.004929,24.385313,-13.175057,22.010994,-23.954689,20.269108,-14.165466,13.770677,-35.213226,17.482843,-9.954227,13.706379,-20.677776,15.831644,-9.054462,10.218092,-19.70914,10.350529,3006.9259747096276,1994.6000215225997,2895.0124952101555,750.6795747419101,6225.66220980164,3227.6245800978977,0.16048927397310875,0.18514337955349788,0.09592792,0.07687387,Spanish
-313.56464,103.97421,57.401035,65.750015,65.150505,33.696915,22.246908,28.21509,23.855164,25.118042,-15.331818,23.564854,-26.007248,19.63668,-13.045575,14.35775,-42.48395,19.121267,-10.042456,13.753881,-21.298483,15.260741,-9.091014,10.430142,-20.052067,10.326909,3024.7334901646564,2082.950115204952,2848.3445665463582,696.9350106085027,6252.50844026473,3072.155472061668,0.16555085820640278,0.19793759188135607,0.09512138,0.06751208,Spanish
-294.388,103.78115,64.666405,64.25003,54.71085,33.61009,24.898682,26.883036,27.091488,29.054888,-24.073156,25.560453,-27.030653,19.894835,-15.171373,13.2281275,-46.57172,18.11558,-7.9449687,14.612739,-20.431774,16.29983,-10.077355,10.604578,-18.729078,10.269146,2912.379636953472,2078.4733283932364,2724.5230085992653,690.9458253174031,5777.612371210831,3167.847502939185,0.1622882277272285,0.1969819677604454,0.103870206,0.06990057,Spanish
-258.96765,140.88844,71.13311,61.68849,-2.3994725,30.845886,59.00682,36.419025,21.407698,19.624422,1.3721554,21.582201,-8.471354,19.549696,-2.7865555,16.008871,-12.248785,19.427198,-3.0804796,15.798267,-8.052286,14.532625,1.7897905,11.20522,-6.881084,13.217347,1887.4960517890115,1176.4213500720589,1996.5969409058903,603.9148348789997,3835.905717922859,1916.9731212858455,0.07591596959637707,0.09886230733445003,0.12146099,0.08775102,Spanish
-294.97382,146.33797,92.4428,69.35826,-1.178744,30.040415,25.163576,27.65335,2.859071,21.2923,6.72237,21.07605,-7.451253,19.886042,2.3428717,14.580926,-7.536382,18.320944,0.47550002,15.10872,-3.4591448,13.895229,-0.3398566,11.97749,-5.1549377,12.612218,1599.7228685148043,1155.7090684563677,1868.6697441145695,606.0792026056821,3212.4217363476114,1912.8980298316544,0.06988886074203761,0.1000187849456468,0.09544405,0.08070407,Spanish
-257.12756,140.45244,69.620544,57.31044,-2.7248065,30.466297,59.337685,35.749683,22.56867,18.520311,0.90845066,21.060495,-9.8496275,20.428257,-3.221499,16.594013,-10.507018,18.292257,-2.9085202,15.95263,-8.470976,15.296108,1.4544024,11.294438,-6.8871746,13.158801,1904.624299441689,1104.8144608467026,2053.1491710729606,568.9381313684295,3930.457346009814,1831.812287002264,0.07509555785123967,0.09487599911476183,0.12385253,0.088268235,Spanish
-266.47623,146.0535,67.000755,62.2146,-1.3232028,29.792295,58.22163,35.034977,21.535086,19.041231,3.0707483,20.920425,-9.364241,20.783318,-2.579027,16.128103,-11.827257,19.827347,-2.8355682,16.284117,-8.862113,15.45124,2.8355637,11.058649,-5.794999,13.292373,1980.2253296688327,1222.0042147904414,2073.873493288627,591.7486191934603,4048.872577595055,1952.980263241061,0.07957938431586933,0.10358098352442643,0.11849486,0.08802797,Spanish
-275.2092,139.23103,102.6113,68.6821,-1.541269,30.592047,27.456924,27.853704,4.336445,20.092445,5.741399,20.52312,-8.208682,19.332262,0.7410155,14.949668,-8.857216,17.625809,-1.814695,15.407377,-3.4679708,13.111342,0.0013681216,11.054088,-6.249473,12.334565,1553.0946485048066,1126.8392466845712,1799.63926664117,627.0280203887022,3101.6449259820383,1929.3374949761896,0.06852536780811916,0.09454962534003096,0.105278015,0.07659776,Spanish
-295.64194,142.08269,97.50002,71.55246,0.83710873,30.316185,27.172024,28.771421,2.3265772,21.00848,7.7295628,20.734278,-7.46282,20.362537,1.259159,15.229371,-8.60497,17.831163,-0.6573652,15.543292,-3.6114302,13.596441,-0.67248464,12.006103,-5.3960395,12.489434,1607.393185863301,1249.4136228626353,1798.1432173488008,593.890078743873,3112.474630692056,1959.9347004045105,0.07301232528058073,0.10665940470379691,0.089303434,0.06799387,Spanish
-288.67114,139.29527,90.4074,71.1454,1.1664131,30.036917,27.722275,29.680717,3.1344728,19.534925,4.9342194,20.463444,-6.6658835,18.984352,1.4042646,14.373177,-8.75295,17.738869,-1.8404567,15.777824,-4.132585,12.963088,-0.8439558,11.478861,-5.5329456,11.793015,1589.3700115387092,1285.0048584535486,1755.2107672543757,700.8391588418193,3127.9727781576244,2083.7522676859626,0.0737437007163483,0.11021946195661245,0.09865876,0.077621035,Spanish
-304.3841,147.64352,92.50209,70.24177,-0.10951057,30.848413,26.31576,27.683537,3.4812424,20.217081,4.6319547,20.450512,-6.2287374,20.529581,1.7034783,15.41897,-6.861863,18.461224,-1.34648,15.315993,-3.426865,13.584467,0.018333498,11.712545,-5.014721,13.058151,1528.5168040891651,1102.0856167592367,1848.9905037769154,627.4248342939622,3143.318012332128,1865.7503779050433,0.062499039194706806,0.0949904801887999,0.09508796,0.08103396,Spanish
-314.02347,141.28423,90.5636,69.504295,-0.506871,29.558043,26.70515,27.507511,2.6137948,20.69616,6.5986786,20.423923,-9.927326,20.56139,0.8154694,15.196086,-8.781287,17.737202,-2.5426953,15.389559,-4.441065,13.497707,-0.18296294,11.542199,-6.8038287,13.081877,1650.0225340738916,1263.095691631986,1824.0746300898963,571.1930382904061,3238.600801396848,1976.3241715632166,0.07612970253018829,0.10685261856894936,0.07507782,0.058622386,Spanish
-287.28714,139.21489,89.289276,66.652054,0.7882401,28.861996,28.632109,28.498917,3.3500276,19.406652,5.1979747,20.198944,-7.8188853,20.007221,0.572891,14.814909,-7.469592,17.85731,-2.1276639,16.05484,-4.136093,13.973464,-0.9235392,11.881556,-5.6594596,12.548956,1577.216724844589,1152.5706964623719,1871.3456495315056,597.9983663958947,3222.3233887142237,1884.4610469414283,0.068292463952732,0.09983747989282286,0.101655915,0.082403086,Spanish
-341.62793,156.87408,89.889984,57.21556,10.973192,25.352009,29.430408,24.66127,7.563039,18.79885,4.910671,13.163354,-0.5422952,12.765999,-5.955482,10.957712,-3.9674768,12.216876,1.1195952,10.537835,-11.652289,13.55135,3.308748,11.948559,-9.261199,8.371483,1544.0711172963845,1088.976558542773,1786.413565090444,608.1467556798999,3058.589463032658,2140.6131986917126,0.0698933298598794,0.07568360130742065,0.057537284,0.066674925,Korean
-374.85068,156.08246,93.03638,54.694904,14.997397,31.242119,29.687227,23.962364,6.500231,19.345541,6.256254,12.863912,0.96535295,11.968328,-2.1251163,10.677784,-0.4059395,11.472012,2.8727672,8.562252,-6.8409863,12.324578,3.0448961,9.005603,-7.2974434,7.975989,1407.779740909081,1025.4666541610598,1688.58505759626,576.4240501723347,2704.910130693646,1990.3586380719257,0.0648136244795797,0.07468552067671874,0.04212245,0.05357639,Korean
-337.6388,158.91649,80.27159,54.45732,14.048984,24.019756,26.90574,24.699226,5.773829,19.88889,4.330912,12.879226,-0.82553285,12.993592,-3.956118,10.615431,-4.783884,12.139634,1.2609447,10.669722,-12.260956,13.581015,3.0854588,12.992679,-10.059457,8.658942,1620.069684742668,1150.6247866047029,1848.7158717624648,586.1190639884878,3148.614305065524,2155.861452854762,0.07643401677707373,0.0856457917882249,0.057544474,0.06852893,Korean
-343.54803,162.13905,83.91038,51.507675,12.294517,27.359205,28.524908,25.541891,5.520072,20.611626,5.059692,12.226256,1.0773224,12.633627,-1.9094287,10.454594,-0.36532703,11.237338,3.2477405,8.924471,-9.099948,12.480446,4.6963625,11.385866,-9.655059,8.3402815,1626.0925559752745,1117.4117898068414,1848.4322020293168,568.2455053245505,3163.0207135638557,2119.608271671826,0.07628231506584043,0.08276985280366374,0.050369997,0.058777813,Korean
-361.71536,158.13028,84.02179,54.192505,11.637336,26.587976,24.340496,25.040665,3.606644,18.559307,3.8203895,12.377812,-0.530734,12.355434,-3.3204412,10.436248,-2.467819,11.845303,1.236131,10.386246,-8.955571,12.575655,1.5044619,10.936563,-8.227774,8.18026,1484.596584146477,1022.7150052517138,1709.0829171703772,607.5275851426012,2840.654632769991,2012.2030990404035,0.06914635608968131,0.07124727272727993,0.04674958,0.063881464,Korean
-344.62418,156.32205,78.14746,54.18858,10.574301,26.09426,26.511175,25.46709,7.0578804,19.622164,5.8302226,12.153902,-0.16907142,12.458624,-3.5388474,9.992544,-3.9476867,11.360068,3.0261881,9.425265,-8.969039,13.035028,2.8748357,11.299241,-8.453076,8.150765,1606.5454481314518,1141.1378509238916,1792.4104678554695,604.8792028614915,3097.070749461515,2083.0945940973725,0.07777673237576162,0.08554758078716485,0.051235456,0.066316664,Korean
-344.618,157.3019,89.81119,55.05174,10.127392,27.060709,28.01741,26.371048,6.6909423,20.342976,5.3446383,12.9386015,0.6904901,12.522561,-5.4687986,11.029606,-3.5890799,11.239949,2.1308534,10.329051,-10.09651,13.574373,4.461144,12.354729,-9.194316,8.094718,1499.186002174666,1055.520300996115,1748.186853398897,570.2125717265006,2884.4697300879966,2048.32138941096,0.06729978706001805,0.07336790276141324,0.054809824,0.06599861,Korean
-350.0856,158.01993,76.85702,54.36677,10.792481,27.53526,28.477152,24.66505,6.3057218,18.380764,7.4185553,12.583857,-1.4673505,12.344977,-3.8288853,10.5157175,-2.2799187,11.393334,1.9592563,8.946002,-8.703155,11.8214445,3.1810143,11.085665,-9.296533,8.153168,1596.4274436861206,1155.556481836697,1780.644569598332,573.9626991005163,3061.5567720853364,2151.496334583974,0.07882107900418447,0.0859948438194506,0.049268026,0.06288085,Korean
-328.11795,156.17517,89.70092,55.14408,11.86047,27.622026,30.01051,25.778131,8.749498,20.7112,4.895322,12.836838,-0.15733755,12.675203,-3.2788053,11.3043785,-3.8190765,11.871744,3.075138,10.070926,-12.171733,15.407834,4.3352175,11.806302,-10.330476,8.5623,1551.850184776985,1138.979666676989,1782.0395264045635,592.1246144715282,2972.073222785596,2151.291848572358,0.07138589237260853,0.08036076240388694,0.06480057,0.07160041,Korean
-351.1636,158.02605,79.87278,56.60271,6.8694882,27.369385,28.899647,25.23352,7.368485,17.653868,6.6774745,12.9762125,-1.8956654,11.896932,-5.73326,11.519348,-2.8936422,11.881379,2.0491495,9.966409,-8.781465,11.588719,1.7941493,10.94686,-8.734932,7.672482,1695.3761330158518,1166.1425510367676,1847.7168902563708,589.6715713788029,3343.5675155350677,2125.2755207329496,0.08194186171323803,0.08868413321608806,0.047334343,0.057080746,Korean
-346.78354,150.50711,88.233826,57.45636,10.566574,29.506266,28.054121,24.503784,7.590641,18.82131,4.6802616,12.602231,0.8606096,13.231753,-4.2612677,11.227563,-3.2523067,12.100924,2.7079206,9.671796,-11.184904,13.386539,0.9573201,10.298226,-8.433878,7.714995,1540.2760370910064,1192.2174880853258,1699.5005397640832,642.1365844715599,2933.1644230206916,2213.1199208246708,0.0752813722779857,0.08685812426492492,0.0509206,0.060071338,Korean
-361.35806,158.36371,83.50341,55.720512,9.818446,27.660315,25.638784,24.346436,5.0671744,18.238264,4.331382,12.075929,0.22801834,13.543877,-5.2846956,10.714912,-2.1819296,11.234674,1.7181739,10.896635,-11.036349,13.800165,2.8447084,12.044928,-10.099861,8.387458,1551.2264329532268,1111.9431364460138,1758.025626107978,575.5088361287046,2988.8750380633373,2071.6646146645303,0.07318687671285018,0.08185411745461878,0.04647815,0.057496432,Korean
-356.30887,151.03021,87.32362,55.210045,11.952847,30.718365,28.809832,23.771793,8.59694,19.098982,4.9371085,11.811028,1.5703102,12.120152,-3.5409842,10.386455,-1.2446185,11.03402,3.1315646,8.900663,-9.643665,13.300334,2.9607549,10.3848095,-8.970303,7.907064,1510.5446359303812,1124.9439492099605,1728.5458851143583,586.8429469955461,2906.3475253704896,2118.092043600822,0.07026498067010309,0.08137491292997452,0.044682343,0.052910138,Korean
-343.83417,148.36172,85.92791,52.96609,12.199983,25.085606,24.206432,24.006586,4.4401073,19.818638,5.0167427,12.986734,0.07658571,13.141787,-6.214389,10.657326,-3.9542325,11.779793,1.4938477,11.0209,-11.314427,13.403041,2.7857733,13.392487,-11.457481,8.836102,1607.0009329909901,1095.7706821424401,1837.8456950326372,596.4625798535583,3141.328793687589,2133.3043149484783,0.07235530575740014,0.07497835813648483,0.051003885,0.060647365,Korean
-263.23444,143.46707,77.37261,59.425247,6.0268264,28.958054,22.838425,27.216513,22.062912,19.912872,3.1828365,13.290445,-1.9933392,15.519111,10.419494,10.802978,-11.326649,14.074416,1.1927251,11.445168,-11.36131,12.006881,4.577786,9.442283,-7.4944215,12.045952,1968.9723653442284,1463.1840645324307,2088.987146587343,654.9938935384523,3679.3688633839615,2412.3551578620045,0.09831986313681183,0.12281215410715506,0.14026356,0.11647133,Korean
-276.96936,149.38472,73.392365,56.365295,9.323749,27.423124,25.953814,27.577463,22.777575,19.930756,4.961671,12.78326,-3.5148895,14.962461,10.825335,10.509801,-9.953008,14.349727,1.7358882,11.159735,-10.5245,11.771604,5.451188,9.100253,-6.681915,11.402412,1961.9897932862234,1488.5322208237558,2103.049862068973,712.1892920607696,3795.899395520174,2473.1086106912485,0.09639413568037974,0.12284135833233135,0.117258735,0.09706015,Korean
-295.6069,153.49069,69.63982,57.888676,7.017325,27.89022,27.879675,30.721643,19.535257,20.230738,5.7260556,12.530904,-1.4362977,13.62827,9.596686,10.943696,-8.006569,13.232901,0.31547055,11.311696,-9.560846,11.275626,4.494894,9.42376,-7.9184475,11.4599,1946.697266038357,1363.0330520773239,2129.287021874154,625.1607690219961,3799.020736450623,2329.234574883046,0.09546022077084144,0.1131771931684477,0.10202496,0.08749768,Korean
-300.28607,151.90057,69.48304,59.27942,6.8656163,28.815048,24.245155,28.64482,20.483707,19.290173,0.09910144,14.870497,-1.6247864,14.065923,9.02549,11.137773,-11.101523,14.1662855,2.7738695,10.824229,-9.857511,13.088168,7.675165,10.30705,-7.3788595,12.309204,1936.80994610705,1609.279965825124,1945.6405678006633,807.7989845927763,3563.8574782921405,2483.2682580249334,0.10485762497670519,0.13468629560414447,0.09788637,0.08648359,Korean
-290.71402,155.571,72.981735,60.481052,7.7594676,26.081493,23.56292,24.902012,20.63439,18.454796,0.8828505,14.364248,-4.5469184,14.611413,10.379897,11.0493145,-12.136238,15.860526,3.7326214,10.610042,-10.537219,13.291672,7.1232066,9.952508,-5.496888,11.348793,1962.8136034725158,1542.1260043206328,2051.3816959166847,617.9258772096563,3651.0154724121094,2373.303618369547,0.10495903378441221,0.1323890402655322,0.10832471,0.09196777,Korean
-251.87872,137.70485,82.5431,60.917004,4.104234,28.048874,22.912695,26.152437,20.124434,18.8962,-1.5614865,14.365309,-4.381957,14.303481,8.189969,11.691508,-13.947485,14.267422,2.442669,11.087138,-11.704979,12.224877,7.2990313,10.448444,-8.730508,11.501809,2020.3747284265628,1516.322815591987,2086.063408563215,596.3339405533711,3689.0185955288684,2379.6521073256918,0.10843050553748451,0.13295597904070994,0.13240562,0.10028481,Korean
-246.544,135.47139,84.17115,60.9115,1.5017194,28.370344,22.612045,25.496082,21.340157,18.447695,-0.5076605,15.321783,-4.250504,15.548412,8.418585,10.886786,-14.400766,14.170275,3.138396,11.459137,-12.678145,12.5306,7.066181,10.051592,-9.373478,11.478036,2008.6347534463957,1538.1074195229883,2012.5148560075722,571.0925621405974,3593.4958609508712,2314.132880849633,0.10917403664934801,0.1339606899964263,0.13286948,0.09773275,Korean
-245.76941,135.56714,77.88249,62.23414,5.381747,28.20567,27.592808,27.890057,20.972061,18.985884,-0.15691409,15.210896,-5.231896,15.310865,8.873733,11.421955,-16.357342,16.017775,3.4967878,11.653129,-11.21424,13.165316,9.674712,9.474176,-7.4426174,11.196718,2134.5004785150118,1667.42539388129,2052.7756515900387,592.9297278262991,3796.034760714909,2419.3095082182945,0.11838326298134477,0.14423043876223324,0.12793672,0.09154911,Korean
-252.30894,141.53566,81.7841,61.934772,3.60521,27.558224,21.91719,26.691376,19.812199,19.395529,-1.0550966,14.529143,-2.8953872,14.359255,9.520344,11.081739,-14.868697,15.773625,3.499579,11.050928,-12.0482435,13.14451,8.103458,9.885591,-7.19676,10.984803,1933.465177790631,1507.69205140437,2032.1437550048352,677.4585794868567,3499.72381481784,2416.426821195929,0.1009033027104362,0.12653506434398681,0.13341948,0.10258625,Korean
-276.3728,135.66595,85.833206,58.52405,8.224613,29.519808,27.284767,29.409803,23.224072,19.431152,-1.3967113,14.898416,-3.8989923,14.222034,10.194606,11.445888,-16.969904,16.299429,4.568312,11.678234,-12.383157,13.112624,8.04524,10.007963,-7.681258,11.51136,1932.7571911833447,1474.5629370612824,2050.1806708978434,636.58510934652,3510.8170695063322,2360.8661369293195,0.09978966346153846,0.12251129184995793,0.105676055,0.07569044,Korean
-258.36008,138.97226,80.79652,58.041317,10.574286,28.585709,26.856075,27.260237,22.234835,18.189606,0.4447642,14.7554455,-5.8848777,15.040885,10.445707,11.283142,-18.29397,18.087748,3.9421625,11.462492,-13.363499,13.542232,8.892605,9.797727,-8.623299,11.826679,1998.2513617948432,1533.8228106958406,2091.359925509264,631.6320534341024,3697.268134493277,2399.931296069398,0.10228013726344622,0.13392803241055637,0.13120936,0.0937809,Korean
-241.48141,140.01855,75.482864,61.68375,6.9829154,28.880606,27.030155,27.383886,18.307327,19.962013,-0.11625149,14.735226,-6.755081,14.284891,8.864091,11.985568,-13.8583145,14.562531,2.8114464,11.031946,-13.147497,12.84053,7.1233087,9.707443,-10.408551,11.886347,2216.36279651089,1588.2211730130352,2189.647552202744,626.9982303603091,4080.1454052268077,2510.1373868654064,0.11759567781164734,0.13855061134389582,0.14703993,0.102619626,Korean
-271.40164,143.9911,80.999405,58.318188,5.6493278,26.744867,22.253447,26.298193,20.305912,19.347439,-0.10975904,14.299683,-4.820464,14.665895,8.736496,11.185614,-13.647551,14.791848,4.2632837,11.585795,-12.344598,13.206,7.2512736,9.805859,-8.210911,11.484114,2010.5719223385265,1478.7418276131907,2145.8074917363797,614.164568647076,3771.0936705616186,2392.0329212002675,0.1038543855635394,0.13221896178758058,0.11219672,0.08525493,Korean
-268.7504,147.15634,76.07778,59.220203,9.664803,28.054968,23.305506,27.15967,20.435404,18.005205,-1.2523621,14.896201,-4.3414025,14.497674,8.990625,11.081046,-15.910686,16.363796,4.126819,11.131948,-11.626722,12.785737,7.4949474,10.520994,-8.419491,11.396193,2007.033172704077,1551.317335986627,2119.6090381472695,737.419131184094,3812.8857022735015,2528.7680809278663,0.10187040798949007,0.13010654349486045,0.13131264,0.104297385,Korean
-268.51227,143.3478,78.33236,56.982525,9.196897,28.418554,23.712545,27.342451,22.264978,18.812532,0.65364563,15.473771,-2.2661884,16.009012,11.400684,11.398286,-13.769225,16.390295,4.9656763,11.045163,-9.86817,12.986487,8.347682,10.00537,-6.99196,11.892007,2048.4141840647326,1575.7711794616528,2096.245773290781,645.8252823369579,3792.522343181523,2437.5394199008715,0.10842990676975052,0.13313228398577504,0.11699464,0.09471947,Korean
-272.7473,146.64659,78.846344,56.936527,12.493633,27.261938,24.222326,27.806068,22.853987,19.443985,1.2595649,15.187346,-3.1096056,16.809135,11.387086,11.521688,-16.151295,18.349138,4.270954,10.956203,-10.980736,13.400784,9.027923,9.500708,-7.4162364,12.543946,1933.0761255851173,1511.6941180886013,2088.0095206069273,653.7936076801174,3610.8541032909293,2376.864706181207,0.09789678973082595,0.127741230610572,0.12238301,0.09749302,Korean
-269.36832,150.73798,78.91935,60.675606,10.771665,26.085516,23.37038,27.003117,22.119446,19.286999,1.3455338,13.828455,-4.9983945,14.538443,8.558865,11.093643,-15.026371,16.336681,2.7183962,11.581888,-10.598056,12.903789,7.5990405,9.940713,-8.10831,11.838263,1928.6457718248657,1480.5050348394523,2125.3809695784503,697.1446891360279,3713.234113610309,2480.3193340008183,0.09616287894870924,0.12705710987326,0.13468352,0.10659222,Korean
-294.64026,149.12416,76.0943,55.205853,7.929581,27.884947,25.488148,26.528229,23.50075,18.70116,-0.7490316,14.937032,-4.6896267,14.433589,9.77024,11.332052,-13.050337,15.627826,3.89114,11.070114,-10.5828085,12.63596,8.277244,10.033087,-6.442911,11.3393955,2017.3365583121135,1510.694784759813,2130.578073564836,725.5956183333491,3841.4908731096407,2440.855852494533,0.10378256439035917,0.12630587146757302,0.09054007,0.07384596,Korean
-252.40648,140.50504,82.225006,53.9234,7.6883254,28.1793,27.161325,27.22971,24.046015,19.601175,-2.2303133,15.391624,-3.510019,14.5126915,11.242148,11.432935,-13.664033,16.246994,2.6333287,11.4198065,-11.438522,13.170702,7.5888114,10.42699,-6.763789,11.177978,1897.2851261082428,1418.3985327656414,2064.230727244038,678.4874671649745,3554.6313444978978,2301.182049462279,0.09320739509217335,0.11800951248077955,0.14029698,0.11166621,Korean
-269.64966,142.27176,82.223305,54.03009,8.579168,29.509659,24.687918,28.14149,22.686531,18.242678,0.284613,14.93822,-4.014977,15.058901,9.899368,11.593029,-15.212359,17.372759,4.566326,11.559637,-11.465312,13.346428,7.39869,9.798815,-6.7406025,12.012108,1916.5298384450866,1423.2574134819279,2093.4501013248228,601.4345710582631,3578.4312708487264,2290.139205335906,0.09535592918767385,0.11862789771599523,0.1168352,0.08956316,Korean
-310.11353,130.42734,79.61099,60.590096,8.584718,31.046942,13.618505,30.104866,-5.6238594,17.39091,-8.553945,18.647491,-2.1454947,15.111607,-7.160143,14.518964,-14.007096,13.184484,-4.240084,13.02088,-18.195972,12.61638,-7.5903273,9.564787,-8.446561,8.672403,2102.001097335353,1535.9948075620923,2089.973726758849,690.9477759727888,3998.2134327527197,2666.683171882599,0.10774586957286196,0.1249417354486232,0.09743113,0.08218815,Korean
-300.77237,132.70544,70.63789,58.652122,8.347347,31.539028,20.088572,30.097395,-6.9318395,16.551117,-8.206691,18.530958,-2.6548927,14.905153,-6.2843995,13.810923,-13.241704,13.287595,-4.629489,12.231586,-18.567503,12.504724,-6.6100416,9.604913,-9.524525,8.842858,2236.0433129776097,1539.830074735633,2174.312554749401,633.5978064086434,4327.116252048329,2584.7772686832363,0.11394100668159159,0.12837777890399268,0.10258977,0.085838296,Korean
-288.12204,132.07643,69.963936,59.534866,8.138669,30.255959,22.37757,32.43306,-7.236899,16.785175,-9.735085,20.036575,-0.7119531,15.262537,-7.774969,13.911453,-12.299696,13.061345,-5.340817,11.685698,-18.068523,12.790844,-7.291653,9.440075,-9.904205,8.750041,2217.884022762278,1540.495554175417,2157.489431513533,611.7125754286877,4253.0133484275475,2562.2950235425187,0.11345521963326036,0.13145418868527317,0.121836,0.101708755,Korean
-295.14172,129.93517,76.26172,58.34556,5.106269,31.348114,23.081474,30.912973,-6.42039,16.451727,-12.109772,19.528286,-1.6913823,13.816216,-6.9091463,13.696823,-12.263717,12.841882,-7.128296,11.581412,-18.972054,12.403257,-7.704251,9.193728,-9.190834,8.474071,2065.6650989754385,1476.5330908100311,2067.9484973378712,635.9102646181454,3976.1643180490655,2532.536292247486,0.10553409754672897,0.12091787049777498,0.115944326,0.09605755,Korean
-304.89966,132.88506,71.448425,60.436195,6.3523464,31.42564,22.179905,32.83568,-5.677172,17.29708,-10.874489,19.852783,-0.16842702,15.93447,-7.7407966,13.982287,-12.183106,13.458831,-6.75949,11.501604,-18.243158,12.029566,-8.06222,9.646518,-9.223159,8.065093,2239.536762253699,1631.8971060702759,2138.9507874559004,645.2332113100307,4279.782006048387,2649.621956427011,0.11716355846774193,0.1393648709900261,0.11123814,0.09310642,Korean
-305.12653,138.02533,70.22471,57.723476,3.2360506,32.384247,21.535192,30.20419,-6.1224837,16.745815,-10.242852,19.74926,0.076098226,14.757715,-6.307965,13.550325,-12.077746,13.679897,-6.403929,11.076109,-17.94401,12.138057,-6.940443,9.58104,-9.321135,8.642811,2251.9576083712504,1499.2107808802211,2165.3953657654524,613.1227355556522,4316.240182573945,2532.096434548461,0.11711610463272601,0.12948552150901058,0.10438316,0.09118417,Korean
-323.8515,131.35516,78.41057,63.95977,0.38323617,34.727863,16.407875,30.951056,-2.5354276,18.760025,-8.544638,20.169037,-0.49444732,15.134745,-5.2439585,12.72534,-13.175202,13.596317,-6.3662405,11.367895,-15.221946,12.461436,-12.562409,12.305783,-7.228299,7.5835867,2110.8649502880576,1548.002569310668,1996.771131003269,735.6826744126288,4029.4851164425654,2719.8553135889656,0.11552691696464044,0.12901778778957163,0.098701686,0.08915327,Korean
-299.30832,131.97227,75.750595,60.93665,3.0438292,32.83004,17.767824,30.663858,-6.4206057,18.04635,-6.5605774,19.443142,0.9233254,14.93779,-6.961299,14.713216,-10.468509,12.31191,-6.8555737,11.625805,-17.870382,11.7055025,-9.227012,9.720801,-8.436059,8.285905,2108.716891975461,1523.7042037438046,2058.0844829801676,657.6129361114628,3995.0364899438273,2644.238791291544,0.10874467329545455,0.12616777161794446,0.11567575,0.0971312,Korean
-296.52368,132.27213,71.90318,58.430496,4.140768,31.785637,20.646168,31.293104,-7.356289,17.541985,-9.870399,17.724428,-0.42413062,14.206531,-6.687681,14.024435,-11.179347,13.19437,-6.038583,11.07711,-18.537329,12.651363,-8.247185,9.174477,-9.954946,8.095398,2169.6517926616057,1523.1872787124082,2106.9670432676053,638.9101694473394,4148.180703555837,2571.780032078478,0.11298544889961193,0.12945337799270312,0.1162568,0.09972162,Korean
-292.6742,131.24622,77.37005,60.0081,3.848646,32.548412,20.629892,31.49425,-6.6033435,17.767363,-9.900111,18.931398,0.43128622,14.609068,-7.8249946,14.035411,-11.1939745,12.529553,-8.238675,11.112551,-18.061428,12.017995,-9.227107,9.530612,-11.569617,8.75954,2057.383278256935,1463.2289185111597,2063.5638855555717,643.5285812389269,3965.4808206505704,2506.489855008456,0.10275093276701416,0.12120050725999885,0.121122874,0.10104783,Korean
-251.38213,136.006,79.444695,61.369434,7.7050543,32.49803,21.785446,30.952652,19.217196,21.51319,1.8173398,16.396969,-4.880383,17.346643,8.566374,12.010523,-17.46801,15.65344,3.8140461,11.922537,-11.163042,12.020149,5.951724,11.139605,-10.35371,12.336104,2237.384928932864,1587.985689521183,2186.3229762101478,590.0465845764176,4107.46061300322,2500.9334121468773,0.1303920228322847,0.14312819170656815,0.13542281,0.099417835,Korean
-241.53497,128.91548,83.25249,57.576508,8.345707,32.510006,20.866066,28.742952,20.23549,20.559402,-0.6550058,15.547521,-5.902644,16.923826,8.021367,11.733162,-18.117496,15.175327,5.564006,11.970724,-11.810854,11.173618,4.9012103,11.434868,-10.536037,12.131724,2219.7035939218163,1622.2348355630268,2179.0066177586405,594.5427436686052,3986.0994501996147,2557.398284767469,0.1277799765969163,0.14154697937432256,0.15087838,0.10907662,Korean
-290.5336,150.7003,70.09989,60.376453,5.0946984,28.75623,25.791637,28.465591,20.967768,19.911608,5.497531,13.492746,-3.844762,14.69358,11.651411,11.008131,-8.800931,14.500445,2.6413295,11.524642,-10.583788,12.398794,5.232977,9.160909,-5.8329186,11.337002,2288.069990556237,1561.1172474475025,2243.841677433361,585.8011914177782,4286.204544233977,2473.4326461712485,0.1187455377451476,0.13757304819414046,0.0978028,0.081226334,Korean
-264.16934,146.95665,76.13862,55.344234,1.7944564,29.187063,22.151749,28.006557,19.47367,18.954546,8.174902,13.130293,-0.25875032,14.595634,11.302654,11.235523,-7.820485,13.932011,2.4077468,11.954632,-10.121547,11.4550905,5.521083,9.071486,-6.3349814,12.22837,2219.4286667512206,1396.6140235328542,2260.815471866431,588.2572155671035,4275.182389848396,2394.7214867972757,0.11023996721006797,0.1195793469651948,0.11635114,0.097673535,Korean
-257.24146,137.28413,81.171974,55.48091,4.7786236,30.238232,21.229727,28.572407,20.056973,19.278976,7.5564575,13.07711,0.3839639,15.541358,11.605988,10.807247,-9.363668,14.053087,2.7302196,11.560266,-11.071335,11.698716,6.021195,9.0604,-6.726762,11.887477,2144.8411462974464,1499.815646296452,2227.558479544749,591.7576565676751,4052.1411142668803,2504.8995728922473,0.10977142050615664,0.13193600974449873,0.12484986,0.09908223,Korean
-294.96255,154.42075,73.985085,56.86222,5.9265685,28.351595,20.097094,26.834656,19.270704,20.07508,8.41282,12.675207,-1.0892161,13.933634,9.499152,10.574628,-7.049805,14.510698,1.7159255,10.103836,-9.754674,12.0149555,5.1874194,9.257918,-6.8613687,12.51344,2152.764475397364,1410.6362424465156,2265.628608956859,684.1636746550855,4209.943819171645,2598.809031174912,0.10474009544363945,0.11299855991174787,0.111191146,0.102278315,Korean
-280.84207,151.22952,69.46128,59.07031,5.34657,29.525967,20.184475,28.344437,18.244404,20.345566,8.750787,13.91022,-1.609353,17.0399,10.799501,10.77709,-8.374754,14.05761,2.313331,10.936123,-8.35448,11.691219,6.43542,9.325628,-5.507424,12.073111,2349.1552836781248,1620.2428642600394,2248.8867716851105,598.2082434159851,4389.229842719682,2502.1392845958535,0.1222351260870604,0.14554899001267899,0.0998069,0.08837933,Korean
-239.80547,127.93759,80.2966,62.164547,8.683428,31.474724,25.136812,31.280064,18.500448,21.597385,-0.92800134,15.484571,-6.3162603,16.71101,8.444167,12.846026,-17.197706,15.518894,3.310228,12.045631,-12.501591,11.776541,6.2578917,11.449791,-11.13181,12.211233,2257.8498399661253,1637.8021032092831,2169.5205956661744,592.0042625126251,4102.3130118128765,2529.97205349537,0.13039246831074297,0.14735168737066334,0.14275746,0.09678849,Korean
-245.18925,127.64424,87.23436,56.030815,9.637114,31.23362,22.601728,28.270641,21.520763,20.488575,-1.2783072,15.729797,-6.639585,16.6779,8.047989,12.1966915,-18.753681,15.502266,5.2652864,12.357601,-11.601246,11.74173,4.9770412,11.733603,-10.701825,12.047129,2134.154529145945,1562.3086647297855,2162.007503470011,595.3598123495916,3890.3967550233483,2472.2106594073557,0.12278647031422525,0.14150961304412993,0.14560921,0.101361744,Korean
-234.5593,124.26648,88.315315,56.204025,8.690222,32.14876,23.40383,31.066204,20.067734,20.912336,-2.1226435,15.183812,-6.7567983,17.003138,8.958132,11.903816,-19.157032,16.133537,4.721125,12.432121,-12.475689,12.33616,5.928162,11.501533,-10.643652,12.128263,2126.908662524391,1563.656958042767,2144.0806896525446,567.113607057928,3841.148759765625,2417.548079497753,0.1184072265625,0.1359036609107443,0.1509685,0.10185802,Korean
-233.30515,127.25135,87.13822,57.721302,8.246665,31.23397,25.374046,29.129568,22.162945,21.255426,-2.3842387,15.70033,-5.798081,15.872265,7.7903028,12.056646,-18.299885,15.260725,4.0319777,12.0033,-12.201135,11.790439,6.015394,11.438358,-10.919287,12.458588,2075.644459783029,1492.924185962392,2139.30305828768,581.0137657932687,3777.8987813085205,2417.899579619838,0.11513521509571369,0.130606743198804,0.16647413,0.11426814,Korean
-237.49365,128.92885,85.276886,57.324955,10.1704855,32.908672,24.672081,29.753365,22.311752,20.696634,0.44149783,15.622521,-6.341376,16.878256,7.3210106,12.388988,-17.208778,15.104018,5.2344923,12.507666,-12.353542,11.700403,4.871452,11.108263,-10.424483,12.141792,2118.7303866978464,1512.613019163265,2184.856301126108,581.091122281303,3913.249424894819,2438.1184817562744,0.11397894230260372,0.12741704163868753,0.15672944,0.10859809,Korean
-237.92598,121.32229,88.12188,54.916267,7.813943,31.624903,23.923742,29.849615,21.67699,20.425014,-3.1951861,16.265747,-6.700377,16.343916,9.4340105,12.726825,-19.318897,15.097976,4.227114,11.965289,-12.185804,12.193813,5.4478626,11.267443,-10.818313,11.544969,2151.3459637083874,1564.1523285453409,2143.8319432656776,581.6326932222494,3849.13854582641,2401.308605108554,0.12048004830885506,0.1333355355083456,0.14351253,0.09758151,Korean
-247.065,126.70057,82.398,57.60933,9.425603,31.97849,25.607887,31.723745,20.242928,21.139784,-1.8248272,15.557371,-5.867458,15.971458,8.81007,12.931345,-18.914387,15.499405,4.17503,11.574712,-11.756999,12.125012,5.7866096,10.792109,-10.7128315,12.56355,2167.3400411124717,1528.86018191849,2167.3371840042178,566.9739452551518,3947.820112292791,2413.7503544014285,0.12465771025495997,0.13941989316118247,0.1394599,0.100053124,Korean
-234.8567,124.49736,88.99255,56.318394,11.000317,30.69257,26.02713,29.950052,21.129795,20.472256,-1.9453378,16.270926,-6.1222277,16.178152,8.702189,12.457592,-19.406284,15.483276,3.4250746,11.479769,-12.629559,12.099928,4.999021,10.730197,-11.109287,12.0709305,2044.9913647264132,1468.348865150715,2139.806793616809,569.5604118237363,3764.9290971067016,2370.0749518123635,0.11158247682984791,0.13026417483751257,0.15567654,0.10450258,Korean
-307.76782,145.05997,70.63491,62.251896,6.7344656,33.22314,18.482073,29.617678,-5.5505724,16.692453,-9.253874,19.638578,-2.4363496,15.269102,-4.417332,13.757861,-14.178128,14.4771595,-5.884783,12.988826,-22.0448,13.815212,-8.941785,10.332357,-10.897482,8.743407,2367.2103105837705,1614.5585923440144,2210.783758395521,605.758631650365,4458.430288310997,2628.227321788449,0.1271145807239479,0.14229967816416186,0.093520045,0.07713814,Korean
-324.0528,148.30879,68.84919,61.61628,5.349907,29.116108,16.379126,32.019623,-7.131248,17.633755,-7.657718,19.026289,-0.77339846,16.78556,-7.1351614,14.27083,-12.850144,13.13134,-5.834829,12.805563,-19.488035,13.785292,-7.7027254,10.146587,-10.145088,9.109107,2440.1812184324654,1571.4772365083365,2255.404547018968,599.6505913550984,4637.942654969263,2643.287105393976,0.1381620575356167,0.14553158008777065,0.085882716,0.07782399,Korean
-317.45435,135.48888,78.71944,63.42516,3.820445,32.541862,29.49642,34.434063,-6.5549,18.2907,-15.1680155,23.81044,1.5501382,16.069902,-10.59191,16.25968,-8.671857,13.118508,-4.903225,12.541205,-18.631863,14.384177,-7.4836082,10.081458,-10.118917,10.031357,2185.4143603985463,1516.2862376053015,2032.5615362515332,675.0336774069391,4164.863935815206,2568.650257861934,0.12216402509627394,0.13610287906937207,0.09280582,0.0792312,Korean
-311.9263,141.7143,74.12899,61.73991,6.647715,31.231274,27.079437,35.370937,-4.6833315,16.846792,-13.270669,23.673597,1.5690042,16.761364,-8.9289255,14.829484,-7.99127,13.166675,-4.212991,12.11591,-18.986618,14.524068,-5.2328587,9.935674,-11.639285,10.792523,2317.890980880635,1597.852957621271,2151.936740318152,640.8791377948987,4441.090393066406,2668.2041911808765,0.13208028572757227,0.14621315480829794,0.09774546,0.08472059,Korean
-314.93076,141.45886,78.53762,64.12761,1.0227133,33.912174,24.047884,32.881504,-6.2317767,17.507812,-8.925057,20.813091,-0.8469973,15.481995,-7.2981396,13.7230015,-7.092772,12.727412,-5.8971252,12.247747,-18.102125,14.031025,-8.753106,10.321164,-9.156301,9.832396,2224.8597216329126,1536.854370014382,2047.2386334000475,702.99086287364,4297.123959997773,2644.8022987481218,0.1267560525591995,0.13735901537136253,0.09089932,0.08019398,Korean
-321.47092,137.1414,76.49789,64.07427,3.307075,33.382572,28.220175,36.52294,-6.3933253,17.50104,-12.0353155,21.999477,1.0566862,15.629863,-8.385493,14.4782,-6.658312,13.039021,-6.461571,11.877958,-17.795483,13.590247,-9.25254,10.140586,-10.749907,10.091121,2223.8230308110687,1581.3030330202394,2029.752245825385,711.2378171947106,4271.77507769337,2687.4872164635067,0.13058403113489872,0.14215709159322226,0.093579486,0.0817023,Korean
-302.59305,138.51672,77.66566,60.820805,4.967951,33.958454,23.938868,34.474922,-3.8819118,17.560917,-13.829273,21.109434,0.43770716,14.283126,-6.914414,13.719664,-8.52208,13.787233,-4.508886,12.597123,-19.646408,14.246178,-7.6096635,10.798997,-10.545546,10.114501,2198.1474366177877,1533.5195576114568,2108.098838943214,675.8014985770233,4237.582344540282,2633.2262155317,0.11981700138057391,0.13430623489501153,0.09957678,0.08281138,Korean
-325.97675,145.23323,81.81872,66.038345,2.0341368,34.29766,22.72684,31.6826,-5.220969,18.373913,-10.083841,20.855888,-0.5855975,14.868236,-9.944815,15.979571,-6.6090117,12.42536,-5.1806426,11.723838,-16.211119,13.361501,-8.761219,9.728706,-9.457259,9.537057,2170.18677135705,1576.4081431635846,2010.7497843661251,737.4405551390856,4131.1989043513895,2763.82082012585,0.12513652136970646,0.1404469270181386,0.09287451,0.08307065,Korean
-328.8743,143.15508,74.84163,65.50622,4.592154,33.181507,20.326704,31.391247,-4.980843,17.287529,-9.30277,19.427507,-0.33364248,14.316105,-7.592457,13.4888115,-6.273979,12.075802,-5.2975197,11.6035595,-16.317585,13.572382,-7.9338083,9.569792,-7.269783,8.822729,2298.4561521616356,1667.547704462954,2078.6430391223234,755.3232212345006,4393.650085690464,2883.452816676364,0.13744750494071145,0.15129405289232553,0.09336709,0.08820863,Korean
-305.83868,144.48715,75.609245,62.936295,7.0214343,32.372635,23.555056,34.00334,-6.611722,17.806488,-9.014221,20.301529,-1.3635383,16.270815,-6.1575875,14.288854,-9.115047,13.197921,-4.4643407,11.666811,-17.346558,13.818224,-8.481474,10.13815,-9.251369,8.995585,2285.897828830645,1606.478871878514,2126.768557880778,669.0197997693773,4376.165812817438,2704.069871657546,0.12891341439757337,0.140816399514751,0.101312265,0.0849445,Korean
-301.179,153.3678,96.10608,55.5759,24.104033,29.128258,34.500927,26.72414,7.8932443,22.244047,4.5206847,17.394985,-4.011313,16.841501,-2.4744034,13.518398,-7.935591,10.617116,0.96840364,11.650059,-5.2202916,11.838673,5.3269725,10.709132,-9.423134,8.684827,1552.6496516908592,1458.5964926260374,1643.2455541063528,763.6153970111175,2821.720566168064,2400.0900149328645,0.07941120426829268,0.11091766876089189,0.084752455,0.070294246,Korean
-310.12918,178.02065,67.80981,60.146362,5.390465,26.799889,15.430962,22.65034,11.707709,21.57233,8.999041,14.895534,1.5143503,14.306318,8.0349245,10.545176,-8.507349,15.550175,9.481091,10.503668,-7.400381,13.685105,5.82738,8.346796,-8.186434,10.726205,2215.1115814292853,1347.5963887676498,2307.107951722133,663.7755107454673,4513.635971966912,2468.5120064398398,0.11511440513705483,0.11115678257196894,0.06318366,0.06332553,Korean
-316.7926,181.24727,63.882027,63.258537,3.1648748,27.720413,13.6767435,23.366499,7.0191317,22.011269,7.033811,15.39173,0.8213132,14.725964,7.7390175,10.703411,-11.264008,14.225171,7.7267456,10.422229,-5.9928527,12.881175,5.6868606,8.3134575,-8.7551,10.325629,2623.891438014303,1404.0262225246731,2504.610442630871,547.801993877408,5274.443058290047,2357.519018668671,0.1547473803738989,0.12290277208469189,0.058447998,0.060113285,Korean
-297.35587,177.98404,70.547356,63.852818,7.7766805,28.36434,13.735122,22.454563,9.129067,22.863218,8.941672,15.905382,-2.1304014,14.551267,8.67382,10.897718,-12.625115,14.655667,9.226799,11.257767,-6.8742,12.3958,4.0814524,8.14455,-9.792098,10.514789,2548.130806988508,1456.8003902372952,2479.3233294096576,534.3563355462381,5052.739487991451,2416.5367152390318,0.1443593704718895,0.12909924855868768,0.06656863,0.057789758,Korean
-313.71362,179.1816,66.39946,66.13478,4.014824,29.561438,10.752146,21.73428,6.815286,20.103071,7.757004,15.458792,-1.0581948,14.256506,6.0609674,10.808674,-10.262518,13.716388,9.4344225,11.403187,-6.369692,11.873229,4.1608467,8.324163,-9.116178,10.113933,2528.9473533768078,1426.1403739064738,2470.963628145749,561.2512193368283,5032.523481837529,2498.000611284197,0.14868760913853318,0.12462391595687589,0.06157208,0.06114337,Korean
-284.52774,174.56271,71.427956,62.22631,4.0010533,29.065998,17.953037,25.595078,7.985969,22.518068,7.0483203,15.919752,-1.0733427,14.535718,5.804741,10.399787,-11.877892,13.884163,9.504143,10.876442,-8.11721,12.70045,4.326899,8.318413,-9.756831,10.349201,2538.0648133892123,1353.5850680855274,2471.5066921710663,533.5435330304223,5087.429805953057,2320.4428856200284,0.13918986597441724,0.1186180432928492,0.070054844,0.060768988,Korean
-290.12524,175.0358,63.12357,66.22993,3.343584,28.898396,18.110985,25.788956,8.704977,21.366884,7.0453706,15.55771,-2.0010068,14.354385,6.2317386,10.575438,-12.712395,13.203328,10.149883,11.8947115,-10.123808,13.504614,5.3415856,8.402922,-10.140892,9.819327,2695.5194697503102,1517.537415552228,2480.327983305467,503.9074031429304,5246.8597909292575,2397.9703919248386,0.165104217174166,0.14069371816145154,0.06690222,0.060810395,Korean
-273.93735,170.60336,72.12345,66.7723,4.16169,29.271584,14.501848,22.73771,7.1888533,21.253105,7.474319,16.135298,-2.482047,15.071044,5.3246098,10.648946,-13.300536,13.88795,9.36118,11.375453,-7.8656874,12.450105,4.553612,8.46228,-10.1906185,10.17242,2556.598196228338,1446.437058831684,2426.094236289284,515.4122964957785,4974.700316909305,2357.1481000821964,0.15044403668056633,0.1291174820804823,0.07172347,0.05859911,Korean
-298.1342,177.97284,71.422966,64.27119,2.0026884,27.6653,14.211341,22.328245,8.702463,22.264563,7.385202,15.612685,-0.9667604,13.726411,4.6851773,10.704283,-12.539996,13.652463,7.583261,10.744444,-7.425659,12.4624405,4.6847353,8.265928,-9.534393,10.151411,2434.0929497925113,1308.82315581232,2423.3698698149833,530.7559651506907,4873.806470788043,2301.0043643937447,0.13924468873517787,0.11702843292371094,0.0661732,0.06009329,Korean
-301.82822,179.1784,72.463425,65.135666,4.274013,28.792217,12.791678,21.721035,7.6238017,20.302784,10.089698,14.802284,-0.861549,13.979417,5.539323,10.785975,-12.230935,13.751614,7.2016287,10.552761,-5.664033,12.189035,6.2444987,8.320231,-10.445618,10.698541,2543.831576185492,1492.510723293493,2439.6477399781525,559.9406815593586,4977.05761154263,2492.653360058072,0.1484115335982659,0.13324993314371747,0.06527012,0.060403503,Korean
-277.81625,169.80484,77.742676,65.3241,5.534401,28.958872,14.22063,21.951054,8.043624,21.151316,10.621925,15.058852,-2.108918,14.174032,5.067917,11.155474,-12.994373,14.350204,7.026876,11.213705,-6.4844623,11.928058,5.4264383,8.412029,-10.599308,10.45265,2425.6738468332046,1370.0731063208777,2407.8471977227546,547.0870717228362,4820.400442204005,2426.558704264636,0.13559031598444835,0.12001542912680102,0.07412588,0.062429138,Korean
-290.70065,178.33492,71.6937,66.28436,6.726075,26.701536,13.026184,20.67019,8.880351,21.513445,8.722972,15.189115,-1.7016625,14.265504,5.823496,10.47432,-13.079107,14.714383,10.599698,11.794502,-7.593219,12.251371,4.9776845,7.9260798,-10.168297,10.49697,2580.899204370931,1429.5446525606867,2484.133887381996,555.9908276810937,5138.899357654558,2477.691538274084,0.1513648371690734,0.12956354231186382,0.07235864,0.06369257,Korean
-294.32993,174.8902,74.59167,66.798386,1.2418407,26.317621,14.028771,22.384806,7.0817714,21.569813,6.124784,13.675197,1.899278,13.666274,3.4399185,10.805266,-11.786947,13.812179,11.513745,12.238074,-6.9896426,11.852485,5.2894692,8.353958,-9.326133,10.582253,2393.7121026284385,1343.6145774358656,2394.788549481019,565.2542636622592,4774.313052513824,2417.854895619438,0.13762729039338378,0.11774748848437723,0.07084777,0.06301123,Korean
-302.69006,174.46075,68.11601,64.88504,1.4672107,26.620739,13.772426,21.923601,9.060822,21.187616,6.687199,14.175701,-0.823026,14.172671,4.627251,10.123667,-10.496697,13.070303,10.439605,11.189421,-7.6617117,12.502052,4.588994,7.875861,-9.676984,10.244666,2533.6608415971928,1337.228820210402,2450.1460980451543,549.4796817488144,5075.940545999779,2340.152091648661,0.1447859470199489,0.1175528952873565,0.06195078,0.059355658,Korean
-301.81744,177.10663,74.03656,63.374477,3.5522094,29.764652,15.868434,23.37297,9.065421,20.236,6.2789845,15.368273,-0.0066294125,14.145312,4.394625,10.934748,-10.430901,12.786881,10.58038,11.341282,-7.1924396,12.603499,4.203119,8.28071,-10.047099,10.532528,2465.6197750250562,1329.234259817335,2443.6678651611146,560.5965794072481,4946.792109868138,2380.2915535179955,0.13666663428892503,0.11514916086059865,0.06544211,0.060091246,Korean
-301.24408,176.93153,72.39045,65.911476,5.174207,27.448502,15.151165,22.708069,9.062787,20.507956,8.228501,15.816691,0.378844,14.810419,5.949015,10.738536,-10.291271,13.978433,9.885464,11.031941,-8.6549835,13.72872,4.8102727,7.993115,-10.5260725,10.63379,2496.9233484013535,1415.3206077768436,2431.870639316049,563.0523173142357,4954.546111814542,2440.7355814723005,0.14156820938958423,0.12593397624904484,0.066641405,0.05977395,Korean
-299.8375,173.9736,71.5713,69.038605,4.968699,27.838116,11.6269245,21.152016,5.970675,19.757519,9.539596,14.778954,-0.27948573,14.923482,4.962634,11.213135,-11.826761,14.156532,9.638639,10.996691,-7.123543,12.15221,3.0950992,7.857746,-9.370064,9.96306,2562.1895178408104,1470.5560547922403,2427.1953935813963,545.6430152143114,4992.759947760154,2513.926403964862,0.15438377732405972,0.13224470374750114,0.06490654,0.058482304,Korean
-296.0739,171.84233,71.81496,67.251595,6.0326023,24.481401,11.311052,20.716389,10.338944,21.593918,9.515988,14.158046,-2.5632489,14.341889,7.454237,10.749703,-10.940081,14.5114155,7.8279486,10.619061,-5.4517384,12.115599,1.6987145,7.402104,-6.950517,9.953193,2463.6558570063726,1358.000017122572,2440.3176603401107,566.521228739559,4934.0516632329345,2458.104585141302,0.13579194622714896,0.117991544162704,0.066965185,0.06206624,Korean
-304.28098,179.99762,71.411,66.45035,3.052675,27.896992,11.073393,20.830267,8.175656,21.407162,7.251937,14.501018,-2.669262,14.547399,6.9763327,11.123705,-11.43736,13.826625,8.266686,10.976394,-5.874684,12.565784,1.8938656,7.708282,-8.634254,9.990977,2457.4705684797173,1371.325410133391,2449.6766294835297,552.7035445650882,4891.603307050064,2443.4666354816422,0.14481384783359652,0.12286759163405231,0.06486864,0.060120985,Korean
-285.78683,164.15636,68.97785,63.77439,2.764444,29.000433,12.407555,22.575747,9.254435,22.23689,7.359072,14.554861,-0.20897698,13.975101,6.6782265,10.556261,-10.36553,14.119125,8.340133,10.580348,-9.634954,13.029574,3.1045668,7.859128,-7.9340525,10.096394,2521.2992525730247,1332.0259833343741,2454.9398372849496,536.9701183201834,5028.956672170318,2356.22487839962,0.14227311235204276,0.11909527679337478,0.06975798,0.06438296,Korean
-279.66104,136.06403,74.17092,55.99567,-0.9605302,32.285706,15.221684,29.339996,-9.548508,19.635706,-10.492881,19.357222,-3.0232387,15.654665,-8.7459345,14.513168,-14.2970495,12.7773075,-7.8341384,11.773249,-20.387983,12.460528,-9.951572,9.650149,-12.349538,8.910898,2107.730571495841,1463.6821804666301,2104.436418458488,591.223932053284,3973.1127470886645,2460.671737588792,0.1012694531562375,0.12009233387448141,0.13002715,0.102423675,Korean
-277.37082,133.67805,70.578995,59.046597,1.8563164,34.035446,14.465765,30.281185,-11.155448,18.356697,-9.674966,18.664251,-2.2185647,14.967399,-7.1713505,14.4395485,-16.134857,13.859926,-8.450776,11.744685,-21.36349,12.137694,-11.450842,10.48565,-10.874109,9.09755,2167.894703066877,1563.5948281599328,2119.547639646812,606.5064658023705,4045.019672317387,2585.753495292631,0.10837680716727657,0.12754803809738202,0.13765642,0.10552937,Korean
-289.7033,135.78238,73.185974,56.61238,-3.3191063,32.785194,11.368415,28.52335,-8.791522,18.189568,-12.354177,20.342543,-2.8916852,14.73088,-8.844614,15.1178465,-15.521786,13.065825,-8.894668,12.024408,-19.128475,12.521318,-11.110116,9.732302,-10.067784,9.044908,2148.5654135565446,1479.84432941099,2120.7279823977556,607.5883603683991,4060.140030518576,2542.3310680643835,0.10774666387724857,0.12203434317944266,0.11756773,0.09566543,Korean
-284.66656,132.12938,72.47725,54.26487,1.0544266,33.02527,15.947739,29.39444,-7.0414524,17.57117,-10.789173,19.041235,-4.222423,14.062978,-9.302048,13.937521,-16.377821,13.824086,-9.010536,11.389274,-17.002466,11.013828,-13.094431,10.352979,-10.529188,8.573593,2084.711981312424,1448.279919445634,2118.410488727571,597.4038015078784,3968.2237413194443,2464.747037761834,0.10045002981200898,0.11918188401795467,0.12689212,0.103476964,Korean
-262.1844,131.63606,78.60678,54.162865,-4.862556,34.715214,13.896713,30.035603,-8.796038,17.941347,-13.892745,19.728136,-5.2619567,15.3721075,-11.324821,16.736015,-17.780539,14.1706085,-9.078366,11.654074,-17.837135,11.286615,-11.712963,10.288427,-10.16985,8.924112,2012.2448967928103,1410.8633995271218,2062.5415062205393,606.7521991479691,3834.5828165012804,2422.288488916599,0.09731155636470337,0.11316587704336514,0.14807278,0.10970207,Korean
-289.22678,136.13551,72.23131,56.842293,0.9615664,30.415937,15.551134,31.271225,-7.864362,18.314768,-11.82222,18.79082,-3.8497045,15.165653,-7.0656986,13.939911,-15.080307,14.105203,-8.438319,11.85562,-18.873995,12.08525,-11.409774,10.387978,-10.534639,8.719256,2179.276998436228,1523.158892097422,2152.415815323144,604.7882061176497,4137.864217746322,2542.839557861049,0.10848200988137173,0.1295034655951199,0.12495915,0.101496525,Korean
-303.06165,141.53268,67.155266,55.976036,1.474713,31.528767,13.65183,30.012072,-7.8569474,17.858456,-9.499498,18.430906,-3.342591,14.476846,-7.6555543,13.691776,-14.22308,14.059176,-5.256466,11.677781,-17.711143,13.070241,-9.786551,10.17394,-10.268279,9.158267,2350.35542926794,1548.5742454661895,2235.7076066086324,609.6787420126225,4465.789733973787,2606.116600353825,0.12251912260758441,0.13719127380626017,0.106708474,0.09463664,Korean
-272.21118,131.01872,78.164536,53.83194,-2.601384,31.38908,15.165442,30.240828,-9.186874,18.420036,-10.608236,19.780155,-4.146773,14.838915,-9.567494,14.576237,-14.932135,12.740775,-8.201982,12.1230755,-18.8421,12.243652,-11.595786,10.505514,-11.171196,9.619999,1993.9109783169426,1367.995399228737,2067.2723592960024,560.457514709849,3775.4856501156983,2304.7096599580377,0.09221946738682185,0.1114433214343142,0.13556547,0.103184514,Korean
-286.33334,133.27934,71.30922,57.584118,1.370981,30.093227,16.199705,30.831848,-11.204692,20.28326,-9.226036,19.225105,-1.807638,15.663185,-7.978932,14.492638,-14.494645,13.1916275,-8.206138,11.743923,-18.531416,12.440258,-10.606247,9.779693,-10.601461,9.005958,2146.2326743722047,1471.2224299552938,2117.1751108439457,603.6071027284042,4060.1202035479364,2505.0290183385505,0.10784940841459315,0.12381342820656384,0.12494182,0.10350994,Korean
-270.48746,135.51973,69.600624,54.407722,-0.103868715,31.589315,21.31293,30.281818,-9.72521,18.264587,-12.782135,20.662722,-5.316435,15.275917,-7.324655,14.508251,-15.992984,13.498349,-8.811854,11.019503,-20.128141,12.2767725,-11.752949,10.263957,-11.29403,9.282376,2188.7054394821325,1494.894459969968,2156.547107358517,578.3488768685668,4193.274643841912,2431.287097143037,0.1071230249912465,0.12520964328245052,0.13719246,0.10278762,Korean
-276.00565,154.78328,73.060036,57.208332,8.262522,29.052021,22.044285,26.809473,20.743889,19.851938,3.1060984,13.408904,-1.4800105,14.571567,8.550134,10.648186,-8.735387,14.284701,1.0430665,10.986652,-9.224553,11.813853,7.2475767,8.674303,-6.9682693,12.12138,2102.5589957258408,1409.028366786201,2280.6073625536164,715.0690154882982,4139.731853122208,2578.0222425804977,0.09623611266190263,0.1109381212530868,0.121153995,0.1053629,Korean
-270.2291,135.08374,72.997444,62.069294,10.905479,32.10245,24.680153,28.191462,21.525358,20.445723,1.4316939,14.587063,-3.5947335,15.438828,10.420179,10.466188,-11.034918,14.5654335,3.5447383,11.169566,-10.76651,11.969904,6.948241,10.042301,-7.807975,12.301331,2212.511953092226,1628.2687598260698,2220.7051200230135,610.5652170146692,4087.8834342281507,2512.060446827811,0.11275495078401494,0.14372479325950763,0.11405975,0.0885698,Korean
-267.5255,143.1758,75.70622,55.97289,10.351568,29.595783,25.594303,27.03538,22.45398,19.171295,2.1922312,14.355256,-2.737739,14.796455,12.569463,10.12741,-7.8374248,13.281475,2.4352205,11.447026,-9.60794,12.1680355,7.674172,9.220964,-6.619284,12.067398,2186.6171433062887,1510.32796356716,2283.351640090188,553.3524142417066,4171.224671856487,2401.8079474507163,0.1040839365496643,0.12721610372147404,0.115936644,0.09229484,Korean
-255.00992,143.3842,77.17401,56.726025,7.6758666,29.81843,22.762587,27.549374,20.356817,18.409595,2.659649,14.4611025,-4.55859,14.994116,11.024087,10.692684,-10.6906805,13.843744,2.8389149,10.996041,-10.909559,12.1367035,7.2325935,8.860204,-8.1493635,11.822641,2294.2591632508775,1443.8766843582425,2373.463800862367,512.496526344848,4443.962704556659,2374.265512255335,0.10967721290958737,0.1246927394724109,0.11945412,0.08963923,Korean
-249.66394,142.41753,80.83168,55.886646,9.497386,29.493006,23.754162,26.812658,21.49799,18.504778,1.5244145,14.66744,-2.4670706,15.156468,11.913178,10.8727455,-10.932949,13.645087,2.9573116,11.2748785,-10.712815,12.5480175,7.6563735,9.102078,-8.295253,11.734791,2109.8285931424894,1442.4399683320394,2270.397275551271,612.8857982284345,4037.754875212792,2444.0830799479304,0.09670628647859922,0.11865581349258297,0.13739187,0.10396343,Korean
-259.23663,132.0737,82.4532,56.750114,7.9889326,30.81258,23.166075,27.53364,23.31943,20.011858,0.56047004,15.444085,-3.702894,15.501745,10.660292,10.712256,-12.489687,14.720322,2.5585878,11.721116,-12.260294,12.21174,8.630641,9.66202,-9.511166,12.737071,2223.7238593455186,1511.5924214253985,2304.520734492829,553.0034604336819,4158.531250732056,2441.2554742390166,0.10926445956709145,0.12504522602904464,0.11572932,0.08497845,Korean
-264.70618,148.22052,76.959175,54.83573,8.713496,29.46214,23.362799,25.777534,21.981218,18.010025,2.8344865,14.434922,-1.456621,14.747852,10.967446,10.507699,-9.426903,14.3619,2.954465,11.235859,-8.975865,12.533655,8.177155,9.050558,-6.31669,12.535893,2175.8141507575956,1378.9570705498977,2335.138918533633,597.5202206890267,4309.032169167297,2423.9928873290746,0.09894342183448573,0.10995515750865052,0.12891927,0.110643715,Korean
-280.35754,119.69807,108.096794,56.52449,4.3348656,26.137539,34.604557,25.850769,7.012207,22.374363,7.2567105,13.555298,2.5125017,15.019387,-6.0628567,12.813035,0.11721167,12.28095,4.6333747,10.6742325,-10.819972,13.621512,8.398674,11.465269,-9.308651,8.685971,1727.2579641519967,1164.6108183956346,1881.8339011126632,501.65194055030935,3370.125732421875,2044.6658603462356,0.08492513020833334,0.08996123281049347,0.061743557,0.05217729,Korean
-282.56653,109.38853,103.126564,55.740482,6.4485664,26.561993,33.27279,26.547981,10.973627,22.676952,6.268414,13.257628,2.434529,14.30959,-6.0566616,12.271663,-1.6514472,13.147574,3.9895046,10.596582,-10.237533,13.810089,5.871397,10.503976,-8.520852,9.141768,1674.9391338707837,1168.49138413686,1847.7536275283594,503.32909363023623,3236.3985050583833,2079.9131949381804,0.08214189202309445,0.08794325300829531,0.063575335,0.058017515,Korean
-289.9072,122.36323,106.51813,56.902355,4.685906,28.031776,39.35124,25.949503,11.099308,21.923155,6.0256724,14.204885,0.6124871,15.427276,-5.642076,13.315529,0.5118238,13.111654,5.643803,10.139326,-10.611909,13.207636,8.577228,10.851551,-9.687146,9.21885,1734.800928731848,1213.5520656574126,1870.850479619046,498.00588656975094,3348.1031245038635,2085.1135117984577,0.08412308656593988,0.092487113389353,0.0616454,0.052241392,Korean
-274.161,121.0972,109.86767,55.36026,5.0011754,25.259274,34.446568,26.0892,8.721704,24.19918,5.105962,14.867037,4.0193267,15.334765,-5.261403,12.677667,-4.267587,13.113853,4.7451224,10.883643,-14.269484,14.526686,10.159613,11.534868,-10.890274,9.309233,1730.7249960523377,1176.1095910453696,1916.9959057167714,527.3187508483455,3413.257493832237,2126.7979633520717,0.08258511513157894,0.0861908786139637,0.070500985,0.05876242,Korean
-263.64044,124.67298,114.55736,56.901386,0.34999338,28.798721,33.14724,25.442924,9.5983305,23.546595,4.5821705,15.333749,2.0968266,14.760537,-5.6733985,12.647708,-7.2610064,12.781701,5.5582657,11.106401,-14.583589,14.186723,8.781958,10.991552,-9.39441,9.525294,1717.7806582518547,1183.8388617037037,1851.6357703342908,549.676376983437,3358.708539619631,2107.3303911896924,0.08343317906705834,0.08811079080887445,0.073846854,0.06153102,Korean
-264.22025,120.673584,109.30936,55.062984,2.627584,27.653915,38.21497,27.477152,8.52764,23.888565,4.7628274,14.768409,2.40454,14.392649,-5.7681355,12.615198,-4.925943,12.185582,6.0223994,10.031632,-14.09159,16.323376,9.969714,10.72082,-10.999549,9.411964,1732.7929524513352,1145.6108252373074,1878.626378473079,501.64862982252396,3409.680609900905,2000.8252111441277,0.08381010696708298,0.08531840201604574,0.07426813,0.060928464,Korean
-275.81052,174.18459,63.019455,67.747475,-3.1905267,29.46602,13.983452,24.710144,8.421862,21.896854,5.5387316,16.012253,-0.83703035,14.503693,4.067745,11.386197,-13.668376,15.175416,5.332459,10.529452,-5.447982,12.160452,3.1714294,7.791414,-6.831571,9.1542425,2556.6969146062497,1502.4165366743223,2325.6627643964666,617.9078958222691,4782.000354884826,2536.7454006912208,0.16526324759526878,0.13713939714585227,0.08272916,0.081895925,Korean
-288.53,177.82726,60.67329,66.56152,2.0481534,25.901236,10.856059,23.041822,8.289416,21.627043,7.748702,14.39268,-2.312873,14.060981,7.669447,10.534888,-13.538625,14.544132,6.38794,10.727958,-3.0591376,12.109549,1.8021034,7.150913,-5.8278084,8.852752,2555.9406329125177,1504.1818542609647,2349.104654481433,664.1544170138666,4875.3729749322565,2574.8754837629435,0.16356217092218894,0.13270567375863668,0.074113145,0.07657253,Korean
-281.32205,178.1058,68.74658,67.83191,0.8331107,26.922577,14.491893,23.420036,10.628546,21.31762,4.7709084,16.060524,-0.9828386,14.014706,3.9383907,11.064505,-14.032885,14.908402,5.814735,10.549116,-6.3852153,12.202356,2.619129,7.8422914,-6.334418,8.855725,2359.301994196234,1440.5276980841268,2261.7881465814894,681.2956607661662,4494.254643181069,2579.6479244110515,0.1443170172917452,0.12525670913936454,0.087350376,0.08483063,Korean
-298.966,186.42189,62.034588,66.744225,-3.6120985,27.604704,13.354373,23.918055,6.7592373,20.839348,4.987307,15.9608345,0.94503224,14.376704,2.7823544,10.736202,-12.805684,14.7908535,6.4355564,10.137919,-4.698971,12.254491,3.165386,7.7648625,-5.9022403,8.768589,2321.390453817693,1437.9108995501754,2227.4813969264897,668.7733713866874,4399.072680154537,2542.5693670389883,0.14478566750309516,0.12419178010416383,0.076697394,0.081771456,Korean
-298.10007,171.08032,62.74894,63.74633,-5.3544416,25.831284,9.998262,22.735062,5.7284007,20.021963,4.7328753,14.396635,2.2095613,13.601676,1.5820297,11.272077,-12.007005,14.63632,4.4739976,9.559954,-4.6748357,11.246399,3.353713,7.703583,-5.7464786,9.099923,2274.995378466625,1334.5422799786904,2191.545711906036,678.8200890458517,4343.722113400308,2452.407593412087,0.14378784356857766,0.12009270079558941,0.07787361,0.08727291,Korean
-279.42337,170.86456,61.114124,67.3136,-3.9299664,26.186327,16.0073,24.229815,8.032761,20.284296,5.0297613,14.707873,0.72716343,12.480751,1.4985242,10.913751,-11.033591,13.806917,4.183009,9.68757,-4.8247695,11.047152,3.0153008,7.202512,-6.3332944,8.761892,2319.9029569601,1408.479915571307,2189.7317328570343,710.4655740619634,4429.371037956847,2551.331042338209,0.1478006193404593,0.12426599390579869,0.086806394,0.090023585,Korean
-283.31445,174.04135,62.39791,65.10948,-9.930098,27.873968,10.053329,23.218258,7.564062,19.733646,4.9842663,14.232634,-1.275446,12.879928,1.5640106,10.891726,-12.990699,14.419799,5.0232806,10.18585,-2.6171873,11.558123,3.6649137,7.8774204,-5.9907317,8.690942,2339.6714135196403,1354.184912180684,2179.092400819601,679.5257609395981,4404.0920748569,2450.837661216067,0.1491010307085396,0.11885430034535505,0.08055045,0.08721799,Korean
-287.03812,179.78368,65.52827,69.45744,-3.2092457,25.884237,10.1022005,21.559202,8.90285,21.223837,7.4702888,14.453386,-0.9631823,13.275169,4.00323,10.282052,-14.486195,15.69421,4.5505877,9.568076,-2.9863086,11.376549,3.9005349,7.6615357,-5.9797654,8.907328,2389.609520361822,1481.6452385244938,2226.9308440381064,662.7978680479343,4479.836747878824,2557.429649410174,0.14867799952198854,0.13072346522407943,0.08475512,0.08800246,Korean
-286.84735,181.57285,61.15919,65.33475,-1.2981113,24.629625,12.116803,23.389336,8.615468,21.4351,7.8150945,14.104179,-2.3290343,13.485302,4.3931293,10.5971155,-14.131973,14.851166,3.7293198,9.887953,-0.987896,11.423873,3.1438699,7.539069,-6.236914,8.925485,2416.05328853484,1434.644477179343,2283.221218019413,669.795806828268,4616.599491748765,2531.6713332383983,0.15253910032194035,0.12735139654593136,0.08295531,0.0883666,Korean
-266.44162,169.25676,67.47012,65.95137,2.2316046,26.7455,12.343978,23.325972,8.481628,22.066088,6.082921,15.28756,-2.6843147,13.587715,8.146295,11.004438,-15.707773,16.001276,5.0166845,11.139195,-1.1179539,11.641452,1.2279749,8.019225,-4.7227035,8.790598,2425.833899929516,1423.5515960902123,2319.057607313493,647.1808600304105,4662.081712946923,2497.1507645680576,0.14692285372782704,0.12148237951507501,0.087330095,0.08463583,Korean
-294.0365,177.205,56.665714,66.276085,-2.5186532,26.634733,10.8124075,22.04507,4.765091,21.242947,7.686839,13.943555,-1.3554889,13.135643,3.507979,10.928729,-10.82754,13.371543,8.297411,10.89988,-6.0385528,12.022396,3.5262845,7.916803,-7.846947,9.323318,2641.788076101373,1378.643754229776,2430.9094339762923,511.5592546050525,5158.661515862405,2249.9941915911368,0.16743497913334665,0.12987220235854757,0.08123814,0.089436896,Korean
-275.1816,170.22418,63.918213,66.9292,-0.32282785,24.432898,11.131947,23.153831,6.503685,20.77577,5.275028,14.074806,-1.5310951,13.739583,4.1633096,10.883054,-12.124584,14.607076,7.15057,10.340512,-7.1754317,12.495622,1.3023916,7.590423,-6.246912,9.172982,2462.355671302578,1332.1108754998445,2356.629355128252,557.4026562918947,4829.683872485451,2301.3678467464997,0.15144804054908906,0.11833045847736111,0.090997815,0.09658686,Korean
-280.2144,177.1248,62.14531,64.812584,-5.659454,26.029284,12.138201,21.992037,8.660642,21.06129,5.5702567,14.926384,-2.001789,12.591329,4.3788967,10.449396,-11.895296,14.579524,7.372898,10.764138,-6.7399874,11.857806,1.4833896,7.2946467,-7.2864723,9.031441,2526.588245773687,1279.4057616798395,2358.8687900288114,525.1600444057458,4914.589236899498,2205.1732387855495,0.15394116724426385,0.11800288265475947,0.08962524,0.09341165,Korean
-277.66638,169.65775,63.555603,66.351654,-5.1049924,27.486456,11.431307,22.25463,10.63043,20.76953,4.8865237,14.587078,-1.8179781,12.993478,2.795443,10.355405,-13.060979,14.351079,7.4266906,10.910709,-7.02309,12.430694,1.8623021,7.1783414,-7.1723957,8.923063,2565.494252319793,1310.7748100929427,2409.4176673522975,550.5462251825392,5050.795146952211,2350.4631293075377,0.1571503088457186,0.12253160192218088,0.091163374,0.09804867,Korean
-276.5816,158.6772,61.765766,67.342896,1.6890522,26.059584,11.729178,22.14627,5.6816654,20.274725,5.6008725,15.233302,-0.29029036,12.590586,3.7305734,11.121513,-11.385875,14.151547,6.5231524,9.901035,-6.263276,11.774166,1.490578,7.229725,-6.6472697,8.925429,2587.6798908330616,1377.0583932581885,2414.4148167486323,582.8786871654369,5100.215452482593,2431.7832551691026,0.15645278751420993,0.12475479016122226,0.086959496,0.09388924,Korean
-280.00772,169.09695,69.17485,71.49172,-3.752935,25.3513,10.608775,20.069061,5.913593,21.935373,2.816642,15.344235,0.9566417,13.052481,2.477652,10.746779,-11.560058,13.797596,6.257532,10.044528,-6.7735863,12.179313,1.0654063,7.5540495,-6.6552677,8.829407,2274.512606918624,1314.6612670757181,2240.6552028771566,546.2997481180014,4438.840014618772,2274.977561673345,0.13570540325030378,0.11856840848184588,0.08787924,0.09211029,Korean
-295.19534,173.0726,63.358723,68.96084,-1.0143763,25.766485,12.872124,21.993652,7.938985,21.076689,4.223593,14.785503,0.93448734,12.588637,2.176736,10.515732,-11.136573,12.882461,8.740422,10.932752,-6.4195113,11.692214,3.3461359,7.670941,-7.3759775,9.103375,2693.636331100165,1396.4669720441595,2444.278653170915,568.2090805168442,5248.708161717284,2424.1451087273936,0.16424663608114445,0.12574399221942847,0.06951257,0.07331093,Korean
-294.51486,176.13878,70.98914,67.340706,0.71015036,25.701687,14.935687,23.820545,6.6253376,20.51534,3.7569158,15.175719,1.3068303,13.966095,4.135852,10.48996,-10.818858,12.869786,8.055985,10.467829,-7.255115,12.122,2.7930238,7.680591,-7.6527634,8.988168,2401.129579611435,1287.1692310680926,2346.6084293543927,525.0199671839296,4692.70756633137,2247.305722590694,0.14237629948332667,0.11429140314605257,0.07372652,0.07558505,Korean
-311.08502,178.24309,60.14548,64.91549,1.8459187,23.677347,12.070992,23.858774,6.9129815,20.78625,7.407299,13.922614,-0.55368584,13.791036,6.1443377,10.562758,-9.879533,12.851689,4.374675,9.6571045,-4.854881,12.182108,2.2895842,7.108813,-6.3396487,9.161279,2595.2052177413007,1323.6584248077058,2463.8292308034274,536.9079321396304,5170.809174481208,2349.6594559208083,0.16191375624754997,0.12369642120168485,0.065862924,0.07294879,Korean
-287.1549,171.27599,70.96073,69.92906,2.3414552,26.163874,12.377908,22.693392,7.2911057,22.914139,8.937011,14.286097,-1.6428202,14.085285,5.239324,10.479648,-11.164961,13.023095,6.5036073,10.379615,-6.470749,12.873442,1.6934994,7.237211,-7.4178295,9.404773,2389.898536426551,1380.0255611449559,2318.6039379046933,536.2849678930519,4625.938203252864,2346.1822704337465,0.14072988856638707,0.11957218742500961,0.07711421,0.07458797,Korean
-280.2614,174.21057,67.02316,69.19238,-0.06567354,25.830551,13.821319,23.080048,6.2284927,22.2731,8.389727,15.276527,0.53432024,14.410377,3.3963442,10.37747,-11.97845,12.857707,6.597751,10.215987,-7.764096,13.37116,2.6573753,7.7396865,-6.8227425,8.738828,2457.3745937238414,1423.9119402864949,2346.4812766962614,551.7334283781863,4746.305025540865,2404.226216371117,0.14932591125392464,0.12147070721200666,0.07919071,0.07863336,Korean
-276.67545,161.47592,63.140114,69.38788,3.5328746,25.611778,13.52189,23.508148,5.2088156,21.743341,6.342905,15.866421,1.2582208,14.117192,3.448586,10.71043,-10.840771,12.5616,6.016799,9.581564,-7.402527,12.306843,2.5679464,7.810036,-6.5597463,8.953558,2578.767979783844,1455.5372400861734,2385.1299837008905,550.2249260006264,4957.607900811155,2400.432471143082,0.16024600185655902,0.1287801350698036,0.07553647,0.074544266,Korean
-292.21948,173.4149,64.43451,68.97672,-3.7664328,26.437788,13.584497,21.491068,6.5120325,21.186632,6.481561,15.2727585,1.2883499,13.778486,3.079227,10.666964,-11.127191,13.391533,7.3213315,10.077037,-7.7077436,12.075613,2.5403452,7.676042,-6.244263,8.446568,2589.6185858719814,1364.356181883429,2365.6641411996816,567.9148147831887,5016.928828080374,2382.1571057758974,0.1591134924790556,0.12192835012424488,0.07528991,0.07816104,Korean
-299.17023,176.18668,65.989265,68.16915,0.4852632,24.909521,15.26475,22.838497,8.363489,21.488277,4.622758,14.224581,-0.096371196,13.0276575,2.5814145,10.729588,-10.081478,11.910181,5.798176,9.562966,-9.308079,13.035621,2.5762556,7.3672123,-6.577758,8.132617,2290.5702720579225,1430.8785808219766,2219.522793215201,640.2779296068136,4383.617819798399,2448.2120150302217,0.1426559669384058,0.12405244359783797,0.07241092,0.07501053,Korean
-284.4789,163.50575,66.21478,68.92219,0.7472843,27.205456,15.835562,23.059319,6.372776,20.874327,7.141779,15.338579,0.7296765,13.7328005,1.3340337,11.294778,-10.9304085,12.442795,5.2464075,9.801613,-7.41151,12.2318325,1.7028409,7.234863,-6.1768074,8.557851,2615.117402120499,1445.6382885629055,2370.3583343499017,548.9344396920706,5012.940175759297,2423.8032062714606,0.16561863350037467,0.13313109047264868,0.07311873,0.07300141,Korean
-279.6573,169.92644,66.683754,66.88732,0.77774423,27.54949,15.082022,23.51719,9.303196,21.725592,9.050998,15.556936,-1.0366217,14.08643,5.642473,10.990285,-13.063133,13.660109,6.368822,10.883314,-8.816753,12.40063,3.0466616,8.103962,-6.2104273,8.61702,2585.3105810373895,1383.2226257671093,2413.168192248108,503.37081792763064,5021.522745651924,2351.119944888983,0.15529756246171908,0.12517485416886118,0.07674827,0.07439354,Korean
-269.94937,162.84596,66.89002,68.95984,3.8453984,26.866602,16.211084,26.028429,11.145446,22.298124,8.532,15.19696,-3.7484686,15.1809845,6.5742908,11.154525,-12.057576,13.218863,6.6135807,10.233986,-9.747516,12.749371,1.117786,7.7505393,-7.710397,8.933806,2581.8461565048424,1494.914511937037,2359.7703139847777,499.55498264806573,4870.410029296875,2374.363873212274,0.15705,0.13253693735632321,0.08081732,0.07281592,Korean
-291.55695,168.94519,64.57441,68.78942,6.3090444,25.347412,11.866492,24.855814,7.2905316,22.430721,5.8764772,14.441769,-2.232801,14.351691,7.581784,11.261878,-12.383283,14.147176,5.3606534,10.285484,-6.4745054,12.146953,1.8013397,7.222949,-4.9289412,8.581067,2560.871133968049,1407.149154748646,2432.940573634717,511.1270363426708,4999.003376994099,2384.7771834555056,0.15736655922202797,0.12655941629768183,0.07475463,0.07572069,Korean
-302.90753,178.78381,65.99078,69.21409,2.9348269,27.305088,12.162819,22.96796,7.2806373,21.827976,6.9828935,15.268866,-2.2868876,14.030367,6.3429947,10.499719,-11.882684,13.490052,6.864476,10.247572,-8.017388,13.080099,2.4115562,7.740225,-5.6701636,8.582283,2674.3587317823517,1469.3843166400434,2423.33193005478,543.5266150980035,5123.448163930234,2494.972958553849,0.16732101497836718,0.13702431929305314,0.07125706,0.07248509,Korean
-307.68536,176.23906,66.72529,67.68327,1.8005968,24.23097,10.525287,20.821463,6.537584,21.018509,6.9961877,14.208188,-0.4408964,13.378162,4.5863266,10.041726,-11.1760235,13.2596035,6.483591,10.563384,-6.7490425,12.500819,1.3911656,7.684927,-6.4394875,8.886515,2580.6348042057853,1291.458531116912,2449.3526887020907,523.5086711419739,5072.422249753104,2396.564092839477,0.1574813578701091,0.11759579287586007,0.06665877,0.070134856,Korean
-307.36682,178.66939,65.13921,64.90368,-3.2027414,31.601671,12.505313,23.583681,7.3895674,21.836628,5.9469347,14.758209,-1.5504774,13.47135,5.17189,11.290536,-15.831807,15.434382,5.6889133,10.414617,-6.925732,12.450621,2.2819116,7.8223743,-6.1360574,8.891788,2724.081370219792,1375.0268858324055,2469.373036598047,567.3195065314432,5296.90105928389,2433.137701679425,0.16683789471674232,0.1280295776690079,0.061705317,0.05866365,Korean
-325.7134,182.05887,63.517715,66.057335,0.7647105,26.219967,10.719593,21.722267,8.001557,22.977339,8.661345,14.477751,-3.0284843,14.290986,6.815338,10.224639,-13.32275,15.22212,4.999247,10.064291,-2.5379012,12.526774,0.24002185,7.493569,-8.116062,9.643779,2771.24498830572,1408.8143889291398,2512.3590665878824,556.1473069790528,5423.434363684666,2435.109170229479,0.171178860988665,0.12994928008195994,0.056053735,0.057396386,Korean
-305.77997,179.97348,67.10587,68.09864,-3.1084416,28.759676,12.885998,24.561388,7.142332,22.005545,5.7322273,15.357203,-1.1633252,14.651599,4.573624,11.132478,-14.507867,14.61233,5.862896,9.939005,-7.8937006,12.455383,2.6967077,7.6988177,-7.0788803,9.108108,2750.6315014109928,1458.1307854834515,2442.9175462957837,578.6423181278036,5252.54868727464,2534.8248689963525,0.17456402466168092,0.13533588681673978,0.06213794,0.057947204,Korean
-302.21912,170.02539,69.23498,64.88431,1.9826504,27.631088,14.434989,24.406986,7.240185,21.863491,4.8106313,15.483272,1.945103,13.807347,2.3278987,10.910106,-12.213483,13.813217,7.060652,10.152342,-6.6589994,11.9618025,2.6415787,8.164786,-6.930421,8.886976,2609.331370526807,1382.9589779529667,2461.1230185224385,552.5861644453612,5118.398489180101,2443.347034858935,0.15541756755929048,0.12862583375078449,0.063689,0.059885073,Korean
-324.3842,185.15762,59.87731,67.95796,-4.6365986,27.253738,14.829593,25.244097,4.464608,20.33707,5.0925455,15.558386,-0.32052186,14.372377,1.6258751,11.004188,-12.816971,13.388946,6.3889523,9.830097,-6.640194,12.738464,3.2062087,7.7148166,-6.4500556,8.930021,2867.614198903713,1456.583126849139,2448.8073159141572,588.7125240936624,5469.342957759886,2473.46359700298,0.18818774749390785,0.13706480018632988,0.054091305,0.055511035,Korean
-305.66736,179.75952,65.557236,66.316124,2.582008,26.736042,11.987592,23.994923,8.993152,21.75506,6.6899405,13.656285,-3.4563646,14.265493,6.242888,10.88177,-13.837133,15.094841,6.6977324,10.643661,-5.655298,12.983908,2.0246468,7.625242,-7.1282296,9.295864,2815.0046884892163,1479.959469213139,2544.341454489967,550.6596056539464,5484.994324750149,2577.6593808497187,0.17649810614132289,0.13979309062910503,0.064577594,0.061177514,Korean
-293.3023,177.43755,72.93832,66.26218,-1.907908,28.289165,14.860429,24.144896,8.653248,22.849567,6.3951764,15.350472,-2.768053,13.9715185,3.6155624,10.471969,-13.071022,12.771217,5.609151,10.322389,-5.622577,12.868388,3.2588594,7.929856,-7.973592,9.053681,2662.362829183282,1431.6559098799628,2450.156770168567,549.6942079426404,5134.776050964061,2526.851970911701,0.16563252752924984,0.13733683932326796,0.06601134,0.05751462,Korean
-296.02933,175.85913,69.24507,65.720604,1.0571492,27.446321,16.885004,25.35607,9.529423,20.96643,6.189816,15.603888,-1.420565,14.448471,2.8711474,11.35908,-14.45893,13.803527,6.434201,10.523464,-8.226978,13.162005,3.4349647,8.509305,-8.199682,9.024814,2750.7258370278946,1505.8927676061946,2485.5713229740636,542.9676723064117,5316.502003168982,2496.5630369205865,0.169296149009834,0.14299905349095632,0.0667309,0.05965069,Korean
-303.56943,169.18973,71.62459,70.102036,0.57359254,28.039667,13.677723,22.802368,6.6490135,21.72376,5.593771,16.502653,0.2627279,13.9631605,2.7105894,10.7199745,-13.884325,13.840122,5.725265,10.466229,-7.3237014,11.842108,2.4641283,8.447621,-7.5576553,8.997265,2647.5647585540783,1488.96067466576,2409.6797585711806,576.7472683510562,5089.775016224042,2568.7627332605966,0.16448479308107028,0.13863138858854368,0.06147575,0.05643743,Korean
-308.1723,177.5462,68.29026,66.72939,-1.7497144,25.451195,13.652828,24.134142,5.345166,21.097048,5.7369723,14.992421,0.17156431,13.655146,1.5938795,11.092454,-12.48372,13.439366,4.8882036,10.113087,-6.5055814,12.319812,2.5939527,7.6263833,-6.466637,8.469409,2742.7491888217687,1456.2038292316067,2448.803931410677,589.7734697327595,5313.121936579419,2549.3176953144707,0.17494486287249772,0.1355861866793695,0.06009772,0.05850749,Korean
-292.69623,114.25312,117.31569,46.712875,25.430414,27.83022,20.842016,22.583403,14.398651,18.037516,-1.6950717,11.737992,-6.5142846,12.449459,3.1430461,15.351318,-12.445318,12.594249,-0.3419777,10.248606,-7.121223,12.6616745,6.5271974,10.257646,-5.946469,12.3017,1390.3275140014246,1294.4511647262527,1553.2745444577536,857.2874275547157,2496.5128580729165,2288.485484102087,0.06892479213907786,0.09478191270641662,0.09423077,0.07969943,Korean
-230.92267,113.9074,93.62133,46.053703,13.673068,30.353006,27.511822,24.243792,23.763882,18.032612,-1.7756429,14.016361,-3.8698668,14.868985,10.306176,10.81464,-17.702984,14.025088,0.77400607,11.839786,-13.528749,12.009473,8.403886,9.846929,-13.206984,10.400841,1974.5846964031791,1447.119806232828,2189.874452289426,551.790459181913,3675.9847005208335,2384.4703004350654,0.09113679108796297,0.12169937315755937,0.14308235,0.09621073,Korean
-273.85043,141.44724,74.47214,59.477943,6.760329,30.849754,20.870863,25.63906,21.296244,18.889383,2.39964,14.276707,0.66440296,17.457945,10.899516,11.521485,-15.050054,14.960401,3.2137177,11.252182,-11.010834,11.578612,7.7658567,9.702366,-7.919813,11.087137,2206.699559607895,1585.9671174347786,2204.642854380437,684.0491135594762,4166.383015407134,2459.4614711391882,0.11544898093823645,0.14071268811817697,0.09845386,0.07964513,Korean
-241.96797,125.96735,86.92738,51.06209,2.3404324,30.834538,19.303589,26.341698,20.638662,19.058102,1.9852608,14.094968,0.37561414,16.476685,12.016243,11.333905,-16.11706,14.708836,4.675048,11.418971,-13.515377,12.009069,7.673726,9.512106,-8.248288,10.8657875,2191.2663759045918,1350.99833713028,2294.6813297020867,485.87412323597897,4139.298138079157,2188.360289492942,0.1041921834173199,0.11608446376696054,0.11466567,0.08294809,Korean
-259.15222,128.23248,84.21477,51.810963,7.4216423,30.462511,22.830257,25.413868,22.97468,18.97012,2.380479,15.082459,0.22132526,16.282959,11.430522,11.659364,-16.450846,15.787898,4.9554925,11.89792,-13.911311,12.5712385,8.940828,9.815335,-8.728795,11.175107,2151.1640022787547,1391.7076426504145,2313.7210966940474,516.6056785185027,4164.542431070647,2277.6521608421563,0.09980867734678989,0.12130104645056897,0.107330225,0.075835146,Korean
-232.28014,118.9325,87.361595,54.77623,6.121561,30.86289,19.543064,26.235329,23.260616,19.5554,1.7805926,15.145734,-1.27952,15.337693,11.138421,11.9943075,-17.642254,15.085884,5.993015,11.840384,-13.426766,11.556305,8.419523,10.191958,-8.264302,10.4133415,2226.528739077912,1524.2947518389124,2275.265112930684,513.4189186745133,4129.906801816215,2365.5510425955454,0.1140392451409025,0.13934405023129132,0.1290127,0.088201255,Korean
-238.25734,121.22104,85.27344,53.1179,6.1887813,31.132816,24.730715,26.60995,22.57057,19.589975,3.076832,14.814219,0.008968641,18.02085,11.001103,11.900644,-15.609624,14.890567,2.6061745,12.250124,-12.513529,12.320032,9.243545,9.57254,-9.542985,11.5633745,2141.968741006544,1410.1653534012771,2253.8546984696877,517.4554953999657,4072.5109049479165,2260.5480232933915,0.10325611255787037,0.12336143454319372,0.12517108,0.08835585,Korean
-231.38638,125.05865,83.63556,51.64202,8.711752,30.984924,25.940685,26.911314,23.770798,18.759785,1.4957881,13.84852,-1.9798015,15.755055,9.529714,11.143764,-16.616337,16.121279,2.8445134,11.89302,-13.722384,11.607306,6.500723,9.780716,-10.787524,11.386584,2115.6357008240025,1376.2127207809215,2297.2156914773423,533.7258210197225,4136.708712335426,2319.775792519076,0.09388105556120374,0.11843649730745331,0.14600575,0.09898138,Korean
-228.97688,120.02537,83.17491,55.783276,3.8378537,31.810402,18.559786,26.178055,21.938503,19.846754,1.7654448,14.540653,-1.9847621,17.064966,11.070892,11.175591,-17.342243,14.743276,6.3455925,12.100874,-14.795967,11.861117,5.882561,9.89424,-9.711392,10.520313,2284.108866333003,1559.43121927184,2279.685189626305,515.3552466691074,4224.1167068481445,2394.3875659089317,0.11725234985351562,0.13869829507780823,0.13334635,0.09146184,Korean
-240.9051,124.70531,88.43142,53.500694,8.676058,29.52456,25.357204,25.145992,24.516848,19.115334,2.942358,14.490227,-0.6865163,17.05017,12.424571,10.788308,-14.624559,15.652395,4.8698983,11.714113,-12.383368,12.224741,9.075364,9.975428,-7.644766,11.426294,2057.6300765977253,1454.5771932366658,2224.2555968909314,548.5389234841564,3896.8220311639593,2351.237771747869,0.09363509974990822,0.12314111390969713,0.12607536,0.08686538,Korean
-235.39006,116.14779,84.99143,53.082,7.925805,31.213259,24.70899,26.063036,23.495827,19.14596,-0.32365933,13.766474,-1.5090178,15.828051,11.729474,10.783225,-17.34478,15.097235,2.4746113,12.424149,-14.317198,11.676415,8.424735,9.745292,-11.673038,11.264541,2221.2895694494573,1555.0193878666291,2269.1436929623,549.6536574445861,4183.247752269553,2435.254548943709,0.11281206354748603,0.1410780315115344,0.12909484,0.08671701,Korean
-259.05698,141.68556,70.08593,59.995564,10.939868,33.88443,24.790411,29.375343,22.76678,20.39961,0.45020792,15.553657,-3.5520246,16.31611,8.029901,11.439707,-13.710464,14.726854,4.624873,11.182692,-11.551746,11.8137,6.4283957,10.759054,-10.370769,11.798076,2093.8387535939796,1547.383705827908,2141.122772496514,818.322708050544,4041.944676088483,2561.3657156112945,0.10494629690008025,0.1278365942519439,0.13115211,0.098966114,Korean
-224.72055,125.567665,83.6766,54.326077,12.556634,33.098225,22.536932,29.91578,22.323711,20.860405,-3.3698938,16.1078,-5.382535,17.723213,7.6403337,12.390111,-17.958044,13.84117,4.416234,11.869533,-13.169374,11.659022,6.6103983,11.523492,-11.716051,12.098895,2268.194920285877,1559.0334291360434,2294.380455267529,603.0984230436208,4315.277129116888,2481.4376334124477,0.11920109270407214,0.13133826844537982,0.16026409,0.10511012,Korean
-232.11528,126.18601,90.001755,54.2714,9.982593,33.431713,15.85337,28.49851,20.59857,20.930368,-1.723754,16.083958,-3.6939805,18.584589,7.608598,12.824998,-18.029129,14.0047245,4.7222033,12.224637,-12.249336,11.53365,6.1931767,11.75401,-11.898703,12.420952,2190.5239601497647,1503.6154606677947,2267.4461344116608,592.3239175003723,4114.901089126218,2474.8328129328625,0.11465182075514255,0.12316188706367732,0.14797352,0.10061465,Korean
-242.41736,131.79247,80.66932,57.49362,11.503621,32.98007,21.606447,28.987091,23.397682,20.614529,-3.2373064,16.245817,-6.7836275,17.24424,8.168543,12.667036,-17.118784,14.436668,4.1310277,12.239387,-12.792814,11.700783,7.1232276,11.130767,-11.740071,12.08207,2315.6280407641793,1573.5653925393096,2302.994055352882,581.5879041518829,4378.264044423674,2475.4751990284035,0.12587878028257013,0.13677189641848028,0.14008233,0.095804416,Korean
-234.70718,124.24078,85.27556,55.19546,8.569124,34.302357,20.535902,28.346462,20.904224,20.950294,-4.107548,16.863348,-4.8238854,18.199823,7.2575665,12.82684,-17.800114,13.5121155,4.370342,12.51819,-12.910261,11.503645,6.3385468,11.531937,-11.554665,12.047624,2250.2541347272204,1517.517363489259,2261.686704978668,561.2363682774333,4179.79329959328,2400.196747925109,0.12141150006131458,0.12831065647832376,0.1406907,0.0949666,Korean
-230.08328,123.83848,85.285545,55.68446,9.966183,32.88638,22.733217,29.22684,21.4002,21.842363,-4.3045077,17.600765,-4.781042,17.648197,8.079537,12.424862,-17.765148,14.323098,4.425002,11.977432,-11.654231,12.322834,7.4898744,11.807701,-11.1493225,12.126109,2211.686377991793,1528.671524573668,2230.3671417926216,570.6329781717147,4092.442918579876,2386.6369513328254,0.11661422546687808,0.12713037280223288,0.15198053,0.10465852,Korean
-259.80115,142.7085,75.216545,60.46731,11.191405,31.158821,20.295994,28.374912,21.32326,21.503695,-1.3455395,14.919648,-4.3345423,17.259338,6.9566393,11.836578,-15.622402,14.740373,3.5687325,11.853536,-11.100989,11.574172,6.1905127,11.426586,-10.783822,12.382425,2070.6366126776675,1603.3479010452747,2107.229442742571,812.5892227099695,3885.943168899961,2608.826752587482,0.10863683363970589,0.13351080864937417,0.1358725,0.1028927,Korean
-296.7462,172.16441,67.23553,68.84734,4.162961,25.44773,12.965405,24.574654,8.908614,23.772703,6.112339,15.010598,-1.0320529,14.051777,7.656556,11.040971,-13.598978,14.340645,6.531625,10.374461,-8.993359,12.8639,1.8257552,7.506669,-6.2753053,8.821579,2426.335608069105,1487.961949327005,2340.007394124482,618.4887795238917,4618.746575358597,2595.539511118508,0.14933497192775322,0.13139411502081097,0.073625505,0.07485195,Korean
-279.80548,153.27351,65.11361,67.701065,3.0428283,25.646072,11.752014,22.74564,8.448637,22.731033,5.932401,13.8379545,0.12821011,13.739281,4.7119436,10.272839,-11.008562,13.319103,4.9837294,9.9925165,-8.169858,12.499816,1.0785211,7.3566046,-5.537444,8.501121,2343.4146586276274,1383.700089049711,2323.5329863852066,601.9655887823285,4524.866085241337,2547.363239129951,0.1400740433278819,0.1199245901131896,0.07046799,0.07188436,Korean
-303.89517,173.83969,67.002396,65.377815,-1.0564032,24.44097,9.095494,22.178064,7.153114,21.13422,5.8373904,14.453137,1.9000812,13.497339,2.9448333,10.447035,-11.860963,14.813208,5.0340395,9.571051,-6.8276014,13.013641,2.607648,7.1001453,-4.544443,8.101182,2172.253154772993,1215.4125887656116,2281.0531578381924,660.5989978536713,4327.184980676529,2402.1064754766358,0.12151398354388297,0.10058407328205612,0.075118415,0.08363765,Korean
-274.91364,164.32236,70.01782,69.60376,-4.556759,26.82299,11.328631,23.139751,9.327457,21.269602,4.7202864,14.6314,0.95406085,12.601613,1.5721862,11.233185,-12.521764,14.541558,4.032424,10.437773,-7.305162,12.104622,0.87540346,7.1885686,-5.736934,8.651518,2244.6114700862095,1374.807094532407,2212.76792165012,653.6894000665225,4279.1583883351295,2521.3928556466367,0.1343996145063629,0.12045602082827192,0.086287625,0.08622873,Korean
-282.7133,175.84996,70.961494,68.88693,-7.7145286,28.279419,9.323489,22.937841,5.11899,21.885208,5.1285877,14.937733,0.6150447,13.711298,3.940151,11.372789,-11.8122835,14.2648325,4.501054,10.081192,-6.2163434,12.307201,1.7976524,8.228077,-5.5720654,9.0787525,2177.011140585901,1306.5907487388392,2111.295409911314,631.1183736363461,4067.291650881105,2373.3018628521613,0.1314256256494631,0.11423553757582211,0.084700495,0.08655094,Korean
-290.6456,173.04709,62.215458,69.58197,-2.9655778,25.248978,12.579705,23.686836,8.725734,21.50785,3.4056106,15.437561,-0.22882685,12.872877,4.986335,10.482613,-11.021146,14.411825,5.2005486,10.224587,-6.410295,12.6613035,0.69499296,7.3714747,-5.0649714,8.685721,2224.9936502566075,1410.1379910174396,2218.1439834095386,650.7465846406508,4221.588058535205,2573.957074909936,0.133520528140612,0.11578341299489923,0.079800725,0.08640985,Korean
-283.3317,166.21272,70.123405,67.512985,1.3262591,24.83166,10.137267,22.07077,9.743973,22.586985,6.206573,13.838373,-1.3833351,13.320525,4.90179,10.489216,-12.341672,14.034649,4.7222266,11.11513,-4.94896,12.226113,0.058025066,7.051539,-5.154275,8.405696,2224.7768249236055,1362.8649457200959,2275.134300413414,623.0922194834253,4270.60299703925,2510.5953409648796,0.13037147255624515,0.11524917959416146,0.075752534,0.0767275,Korean
-291.38617,179.27473,71.02362,70.788086,1.4655682,24.065321,12.1691,22.816057,8.926528,22.345129,6.950611,13.673619,-1.6111429,13.343765,4.5652823,11.337938,-12.151254,13.404448,5.9867587,10.2267475,-7.078104,12.669514,2.1458678,7.629752,-6.9411626,8.641177,2273.396180578975,1423.57180620907,2235.8316308240805,607.4166718567354,4245.538817546927,2525.995160867337,0.1393013190905782,0.12306615384579213,0.07645523,0.07468007,Korean
-270.05368,168.27002,75.743835,67.709915,4.2587934,25.874844,13.226784,23.650837,6.232133,23.038454,7.2940702,15.309319,0.19000767,14.029862,0.6370238,11.1719265,-10.5289545,12.371942,4.5331116,9.801535,-5.450781,11.60727,3.2361457,8.142437,-9.318522,9.406473,2296.2717969911378,1425.1455710297855,2277.0465160157673,622.8984378179169,4399.378556448195,2518.578133951006,0.1368278196051057,0.1199678836372862,0.08429245,0.07905271,Korean
-273.47266,165.06705,73.45614,68.47551,4.4165144,25.602816,15.512439,23.530354,8.872312,22.793797,7.2448564,14.8396225,0.5006635,14.301464,3.4475214,10.672304,-12.48408,13.652593,5.9942336,10.687149,-5.984788,11.506123,2.330014,7.693545,-8.837843,9.469882,2313.7652381526295,1441.1907026309823,2294.3729315551586,599.0551969037853,4406.031814424118,2525.662843815576,0.1348437822297855,0.12386116011666208,0.07853568,0.07205049,Korean
